{
  "schema_version": 1,
  "updated": "2026-06-29T17:15:31.737352+00:00",
  "operation": {
    "operation_owner": "tools/v7-users-autoswitch",
    "operation_type": "runtime_autoswitch",
    "operation_started_at": "2026-06-29T17:15:31.730382+00:00",
    "planner_generation_id": "5ac20d4906a172d0bdb9f8ecd5de019cdc9e054a967439c72730910538b8dc2e",
    "selected_move_hash": "4f53cda18c2baa0c0354bb5f9a3ecbe5ed12ab4d8e11ba873c2f11161202b945",
    "selected_move_count": 0,
    "runtime_snapshot_hash": "e2cd52f59ec3c06ff1d46784188f91bae818ce9b95af870f67e5ffe0dc1c6ffa",
    "operation_id": "runtime_autoswitch_1eb6dee9be194b9cfc03fb7c",
    "atomic_execution_envelope_id": "aee_b4fa226cbaa72ed161d91563",
    "atomic_execution_envelope_hash": "b4fa226cbaa72ed161d91563277755020c21a68ab2f909998e4acd38c8399943",
    "terminal_state": "DRY_RUN",
    "terminal_reason": "dry_run_restore_barrier_active"
  },
  "routing_brain": {
    "schema_version": "ri2.routing-brain-advisory.v1",
    "mode": "planner_advisory_context",
    "intelligence_present": false,
    "intelligence_confidence": 0.0,
    "service_history_score": 0.0,
    "weighted_service_score": 0.0,
    "execution_trust_score": 0.0,
    "recommended_blast_radius": 0,
    "intelligence_used_for_explanation": false,
    "planner_decision_owner": "tools/v7-users-autoswitch",
    "execution_authority": "none",
    "selected_moves_write_authority": "none",
    "unavailable_reason": "routing_brain_import_unavailable:ModuleNotFoundError"
  },
  "ctr_shadow_comparison": {
    "schema_version": "v7.ctr.shadow-comparison.v1",
    "mode": "dry_run_shadow_comparison_only",
    "cycles": [
      {
        "user_ip": "10.7.0.11",
        "winner_without_ctr": "vless",
        "winner_with_ctr": "vless",
        "same_winner": true,
        "different_top3": false,
        "different_pool_order": false,
        "current_ranking": [
          {
            "channel": "vless",
            "eligible": true,
            "score": 2170.34,
            "ctr_state": "UNKNOWN",
            "soft_adjustment": 0.0,
            "simulated_score": 2170.337,
            "rank_before": 1,
            "rank_after": 1,
            "delta": 0,
            "service_impact": {
              "aggregate_score": 99.875,
              "required_missing": [],
              "required_low": [],
              "ctr_current_service_score": 0.0
            },
            "capacity_impact": {
              "capacity_score": 100.0,
              "load_penalty": 0.0,
              "projected_load": {
                "users": 0,
                "soft_limit": 11,
                "hard_limit": 14,
                "status": "OK"
              },
              "capacity_decision": "empty_capacity_available",
              "distribution_reason": "capacity_breaks_ties_only_after_service_suitability"
            },
            "trust_impact": {
              "trust_score": 0.0,
              "advisory_score": 0.0,
              "confidence": 0.0
            },
            "recovery_impact": {
              "recovery_state": "UNKNOWN",
              "recovery_path": "collect_channel_trust_recovery_snapshot",
              "recommended_action": "observe",
              "blocked_actions": [
                "direct_user_switch",
                "governance_bypass"
              ]
            },
            "best_available_pool": true
          },
          {
            "channel": "awg3",
            "eligible": true,
            "score": 2112.44,
            "ctr_state": "UNKNOWN",
            "soft_adjustment": 0.0,
            "simulated_score": 2112.438,
            "rank_before": 2,
            "rank_after": 2,
            "delta": 0,
            "service_impact": {
              "aggregate_score": 100.0,
              "required_missing": [],
              "required_low": [],
              "ctr_current_service_score": 0.0
            },
            "capacity_impact": {
              "capacity_score": 92.857,
              "load_penalty": 0.0,
              "projected_load": {
                "users": 1,
                "soft_limit": 11,
                "hard_limit": 14,
                "status": "OK"
              },
              "capacity_decision": "capacity_available",
              "distribution_reason": "capacity_breaks_ties_only_after_service_suitability"
            },
            "trust_impact": {
              "trust_score": 0.0,
              "advisory_score": 0.0,
              "confidence": 0.0
            },
            "recovery_impact": {
              "recovery_state": "UNKNOWN",
              "recovery_path": "collect_channel_trust_recovery_snapshot",
              "recommended_action": "observe",
              "blocked_actions": [
                "direct_user_switch",
                "governance_bypass"
              ]
            },
            "best_available_pool": true
          },
          {
            "channel": "awg0",
            "eligible": true,
            "score": 2093.79,
            "ctr_state": "UNKNOWN",
            "soft_adjustment": 0.0,
            "simulated_score": 2093.794,
            "rank_before": 3,
            "rank_after": 3,
            "delta": 0,
            "service_impact": {
              "aggregate_score": 98.411,
              "required_missing": [],
              "required_low": [],
              "ctr_current_service_score": 0.0
            },
            "capacity_impact": {
              "capacity_score": 92.857,
              "load_penalty": 0.0,
              "projected_load": {
                "users": 1,
                "soft_limit": 11,
                "hard_limit": 14,
                "status": "OK"
              },
              "capacity_decision": "capacity_available",
              "distribution_reason": "capacity_breaks_ties_only_after_service_suitability"
            },
            "trust_impact": {
              "trust_score": 0.0,
              "advisory_score": 0.0,
              "confidence": 0.0
            },
            "recovery_impact": {
              "recovery_state": "UNKNOWN",
              "recovery_path": "collect_channel_trust_recovery_snapshot",
              "recommended_action": "observe",
              "blocked_actions": [
                "direct_user_switch",
                "governance_bypass"
              ]
            },
            "best_available_pool": true
          },
          {
            "channel": "wireguard-1779454504-c43409",
            "eligible": true,
            "score": 2060.8,
            "ctr_state": "UNKNOWN",
            "soft_adjustment": 0.0,
            "simulated_score": 2060.796,
            "rank_before": 4,
            "rank_after": 4,
            "delta": 0,
            "service_impact": {
              "aggregate_score": 100.0,
              "required_missing": [],
              "required_low": [],
              "ctr_current_service_score": 0.0
            },
            "capacity_impact": {
              "capacity_score": 21.429,
              "load_penalty": 0.0,
              "projected_load": {
                "users": 11,
                "soft_limit": 11,
                "hard_limit": 14,
                "status": "SOFT_FULL"
              },
              "capacity_decision": "soft_capacity_full",
              "distribution_reason": "capacity_breaks_ties_only_after_service_suitability"
            },
            "trust_impact": {
              "trust_score": 0.0,
              "advisory_score": 0.0,
              "confidence": 0.0
            },
            "recovery_impact": {
              "recovery_state": "UNKNOWN",
              "recovery_path": "collect_channel_trust_recovery_snapshot",
              "recommended_action": "observe",
              "blocked_actions": [
                "direct_user_switch",
                "governance_bypass"
              ]
            },
            "best_available_pool": false
          },
          {
            "channel": "1",
            "eligible": false,
            "score": 0.0,
            "ctr_state": "UNKNOWN",
            "soft_adjustment": 0.0,
            "simulated_score": 0.0,
            "rank_before": 5,
            "rank_after": 5,
            "delta": 0,
            "service_impact": {
              "aggregate_score": 60.399,
              "required_missing": [],
              "required_low": [],
              "ctr_current_service_score": 0.0
            },
            "capacity_impact": {
              "capacity_score": 100.0,
              "load_penalty": 0.0,
              "projected_load": {
                "users": 0,
                "soft_limit": 11,
                "hard_limit": 14,
                "status": "OK"
              },
              "capacity_decision": "empty_capacity_available",
              "distribution_reason": "capacity_breaks_ties_only_after_service_suitability"
            },
            "trust_impact": {
              "trust_score": 0.0,
              "advisory_score": 0.0,
              "confidence": 0.0
            },
            "recovery_impact": {
              "recovery_state": "UNKNOWN",
              "recovery_path": "collect_channel_trust_recovery_snapshot",
              "recommended_action": "observe",
              "blocked_actions": [
                "direct_user_switch",
                "governance_bypass"
              ]
            },
            "best_available_pool": false
          },
          {
            "channel": "amneziawg-exec-20260528-10-8-1-14",
            "eligible": false,
            "score": 0.0,
            "ctr_state": "UNKNOWN",
            "soft_adjustment": 0.0,
            "simulated_score": 0.0,
            "rank_before": 6,
            "rank_after": 6,
            "delta": 0,
            "service_impact": {
              "aggregate_score": 100.0,
              "required_missing": [],
              "required_low": [],
              "ctr_current_service_score": 0.0
            },
            "capacity_impact": {
              "capacity_score": 100.0,
              "load_penalty": 0.0,
              "projected_load": {
                "users": 0,
                "soft_limit": 11,
                "hard_limit": 14,
                "status": "OK"
              },
              "capacity_decision": "empty_capacity_available",
              "distribution_reason": "capacity_breaks_ties_only_after_service_suitability"
            },
            "trust_impact": {
              "trust_score": 0.0,
              "advisory_score": 0.0,
              "confidence": 0.0
            },
            "recovery_impact": {
              "recovery_state": "UNKNOWN",
              "recovery_path": "collect_channel_trust_recovery_snapshot",
              "recommended_action": "observe",
              "blocked_actions": [
                "direct_user_switch",
                "governance_bypass"
              ]
            },
            "best_available_pool": false
          },
          {
            "channel": "openvpn-1779388847-d2ad7c",
            "eligible": false,
            "score": 0.0,
            "ctr_state": "UNKNOWN",
            "soft_adjustment": 0.0,
            "simulated_score": 0.0,
            "rank_before": 7,
            "rank_after": 7,
            "delta": 0,
            "service_impact": {
              "aggregate_score": 2.788,
              "required_missing": [],
              "required_low": [],
              "ctr_current_service_score": 0.0
            },
            "capacity_impact": {
              "capacity_score": 0.0,
              "load_penalty": 16.364,
              "projected_load": {
                "users": 14,
                "soft_limit": 11,
                "hard_limit": 14,
                "status": "HARD_FULL"
              },
              "capacity_decision": "hard_capacity_full",
              "distribution_reason": "capacity_breaks_ties_only_after_service_suitability"
            },
            "trust_impact": {
              "trust_score": 0.0,
              "advisory_score": 0.0,
              "confidence": 0.0
            },
            "recovery_impact": {
              "recovery_state": "UNKNOWN",
              "recovery_path": "collect_channel_trust_recovery_snapshot",
              "recommended_action": "observe",
              "blocked_actions": [
                "direct_user_switch",
                "governance_bypass"
              ]
            },
            "best_available_pool": false
          }
        ],
        "ctr_simulated_ranking": [
          {
            "channel": "vless",
            "eligible": true,
            "score": 2170.34,
            "ctr_state": "UNKNOWN",
            "soft_adjustment": 0.0,
            "simulated_score": 2170.337,
            "rank_before": 1,
            "rank_after": 1,
            "delta": 0,
            "service_impact": {
              "aggregate_score": 99.875,
              "required_missing": [],
              "required_low": [],
              "ctr_current_service_score": 0.0
            },
            "capacity_impact": {
              "capacity_score": 100.0,
              "load_penalty": 0.0,
              "projected_load": {
                "users": 0,
                "soft_limit": 11,
                "hard_limit": 14,
                "status": "OK"
              },
              "capacity_decision": "empty_capacity_available",
              "distribution_reason": "capacity_breaks_ties_only_after_service_suitability"
            },
            "trust_impact": {
              "trust_score": 0.0,
              "advisory_score": 0.0,
              "confidence": 0.0
            },
            "recovery_impact": {
              "recovery_state": "UNKNOWN",
              "recovery_path": "collect_channel_trust_recovery_snapshot",
              "recommended_action": "observe",
              "blocked_actions": [
                "direct_user_switch",
                "governance_bypass"
              ]
            },
            "best_available_pool": true
          },
          {
            "channel": "awg3",
            "eligible": true,
            "score": 2112.44,
            "ctr_state": "UNKNOWN",
            "soft_adjustment": 0.0,
            "simulated_score": 2112.438,
            "rank_before": 2,
            "rank_after": 2,
            "delta": 0,
            "service_impact": {
              "aggregate_score": 100.0,
              "required_missing": [],
              "required_low": [],
              "ctr_current_service_score": 0.0
            },
            "capacity_impact": {
              "capacity_score": 92.857,
              "load_penalty": 0.0,
              "projected_load": {
                "users": 1,
                "soft_limit": 11,
                "hard_limit": 14,
                "status": "OK"
              },
              "capacity_decision": "capacity_available",
              "distribution_reason": "capacity_breaks_ties_only_after_service_suitability"
            },
            "trust_impact": {
              "trust_score": 0.0,
              "advisory_score": 0.0,
              "confidence": 0.0
            },
            "recovery_impact": {
              "recovery_state": "UNKNOWN",
              "recovery_path": "collect_channel_trust_recovery_snapshot",
              "recommended_action": "observe",
              "blocked_actions": [
                "direct_user_switch",
                "governance_bypass"
              ]
            },
            "best_available_pool": true
          },
          {
            "channel": "awg0",
            "eligible": true,
            "score": 2093.79,
            "ctr_state": "UNKNOWN",
            "soft_adjustment": 0.0,
            "simulated_score": 2093.794,
            "rank_before": 3,
            "rank_after": 3,
            "delta": 0,
            "service_impact": {
              "aggregate_score": 98.411,
              "required_missing": [],
              "required_low": [],
              "ctr_current_service_score": 0.0
            },
            "capacity_impact": {
              "capacity_score": 92.857,
              "load_penalty": 0.0,
              "projected_load": {
                "users": 1,
                "soft_limit": 11,
                "hard_limit": 14,
                "status": "OK"
              },
              "capacity_decision": "capacity_available",
              "distribution_reason": "capacity_breaks_ties_only_after_service_suitability"
            },
            "trust_impact": {
              "trust_score": 0.0,
              "advisory_score": 0.0,
              "confidence": 0.0
            },
            "recovery_impact": {
              "recovery_state": "UNKNOWN",
              "recovery_path": "collect_channel_trust_recovery_snapshot",
              "recommended_action": "observe",
              "blocked_actions": [
                "direct_user_switch",
                "governance_bypass"
              ]
            },
            "best_available_pool": true
          },
          {
            "channel": "wireguard-1779454504-c43409",
            "eligible": true,
            "score": 2060.8,
            "ctr_state": "UNKNOWN",
            "soft_adjustment": 0.0,
            "simulated_score": 2060.796,
            "rank_before": 4,
            "rank_after": 4,
            "delta": 0,
            "service_impact": {
              "aggregate_score": 100.0,
              "required_missing": [],
              "required_low": [],
              "ctr_current_service_score": 0.0
            },
            "capacity_impact": {
              "capacity_score": 21.429,
              "load_penalty": 0.0,
              "projected_load": {
                "users": 11,
                "soft_limit": 11,
                "hard_limit": 14,
                "status": "SOFT_FULL"
              },
              "capacity_decision": "soft_capacity_full",
              "distribution_reason": "capacity_breaks_ties_only_after_service_suitability"
            },
            "trust_impact": {
              "trust_score": 0.0,
              "advisory_score": 0.0,
              "confidence": 0.0
            },
            "recovery_impact": {
              "recovery_state": "UNKNOWN",
              "recovery_path": "collect_channel_trust_recovery_snapshot",
              "recommended_action": "observe",
              "blocked_actions": [
                "direct_user_switch",
                "governance_bypass"
              ]
            },
            "best_available_pool": false
          },
          {
            "channel": "1",
            "eligible": false,
            "score": 0.0,
            "ctr_state": "UNKNOWN",
            "soft_adjustment": 0.0,
            "simulated_score": 0.0,
            "rank_before": 5,
            "rank_after": 5,
            "delta": 0,
            "service_impact": {
              "aggregate_score": 60.399,
              "required_missing": [],
              "required_low": [],
              "ctr_current_service_score": 0.0
            },
            "capacity_impact": {
              "capacity_score": 100.0,
              "load_penalty": 0.0,
              "projected_load": {
                "users": 0,
                "soft_limit": 11,
                "hard_limit": 14,
                "status": "OK"
              },
              "capacity_decision": "empty_capacity_available",
              "distribution_reason": "capacity_breaks_ties_only_after_service_suitability"
            },
            "trust_impact": {
              "trust_score": 0.0,
              "advisory_score": 0.0,
              "confidence": 0.0
            },
            "recovery_impact": {
              "recovery_state": "UNKNOWN",
              "recovery_path": "collect_channel_trust_recovery_snapshot",
              "recommended_action": "observe",
              "blocked_actions": [
                "direct_user_switch",
                "governance_bypass"
              ]
            },
            "best_available_pool": false
          },
          {
            "channel": "amneziawg-exec-20260528-10-8-1-14",
            "eligible": false,
            "score": 0.0,
            "ctr_state": "UNKNOWN",
            "soft_adjustment": 0.0,
            "simulated_score": 0.0,
            "rank_before": 6,
            "rank_after": 6,
            "delta": 0,
            "service_impact": {
              "aggregate_score": 100.0,
              "required_missing": [],
              "required_low": [],
              "ctr_current_service_score": 0.0
            },
            "capacity_impact": {
              "capacity_score": 100.0,
              "load_penalty": 0.0,
              "projected_load": {
                "users": 0,
                "soft_limit": 11,
                "hard_limit": 14,
                "status": "OK"
              },
              "capacity_decision": "empty_capacity_available",
              "distribution_reason": "capacity_breaks_ties_only_after_service_suitability"
            },
            "trust_impact": {
              "trust_score": 0.0,
              "advisory_score": 0.0,
              "confidence": 0.0
            },
            "recovery_impact": {
              "recovery_state": "UNKNOWN",
              "recovery_path": "collect_channel_trust_recovery_snapshot",
              "recommended_action": "observe",
              "blocked_actions": [
                "direct_user_switch",
                "governance_bypass"
              ]
            },
            "best_available_pool": false
          },
          {
            "channel": "openvpn-1779388847-d2ad7c",
            "eligible": false,
            "score": 0.0,
            "ctr_state": "UNKNOWN",
            "soft_adjustment": 0.0,
            "simulated_score": 0.0,
            "rank_before": 7,
            "rank_after": 7,
            "delta": 0,
            "service_impact": {
              "aggregate_score": 2.788,
              "required_missing": [],
              "required_low": [],
              "ctr_current_service_score": 0.0
            },
            "capacity_impact": {
              "capacity_score": 0.0,
              "load_penalty": 16.364,
              "projected_load": {
                "users": 14,
                "soft_limit": 11,
                "hard_limit": 14,
                "status": "HARD_FULL"
              },
              "capacity_decision": "hard_capacity_full",
              "distribution_reason": "capacity_breaks_ties_only_after_service_suitability"
            },
            "trust_impact": {
              "trust_score": 0.0,
              "advisory_score": 0.0,
              "confidence": 0.0
            },
            "recovery_impact": {
              "recovery_state": "UNKNOWN",
              "recovery_path": "collect_channel_trust_recovery_snapshot",
              "recommended_action": "observe",
              "blocked_actions": [
                "direct_user_switch",
                "governance_bypass"
              ]
            },
            "best_available_pool": false
          }
        ],
        "quality_delta": {
          "verdict": "neutral"
        },
        "service_aware_validation": {}
      }
    ],
    "statistics": {
      "total_planner_cycles": 1,
      "cycles_with_ranking_change": 0,
      "cycles_without_ranking_change": 1,
      "top_candidate_changes": 0,
      "top3_changes": 0,
      "pool_order_changes": 0,
      "pool_membership_changes": 0,
      "service_improvements": 0,
      "service_regressions": 0,
      "decision_quality_improvements": 0,
      "decision_quality_regressions": 0,
      "neutral_outcomes": 1
    },
    "state_analysis": {
      "TRUSTED": {
        "candidates": 0,
        "promoted": 0,
        "demoted": 0,
        "unchanged": 0
      },
      "WATCH": {
        "candidates": 0,
        "promoted": 0,
        "demoted": 0,
        "unchanged": 0
      },
      "NEW": {
        "candidates": 0,
        "promoted": 0,
        "demoted": 0,
        "unchanged": 0
      },
      "RECOVERING": {
        "candidates": 0,
        "promoted": 0,
        "demoted": 0,
        "unchanged": 0
      },
      "DEGRADED": {
        "candidates": 0,
        "promoted": 0,
        "demoted": 0,
        "unchanged": 0
      },
      "QUARANTINED": {
        "candidates": 0,
        "promoted": 0,
        "demoted": 0,
        "unchanged": 0
      },
      "UNKNOWN": {
        "candidates": 7,
        "promoted": 0,
        "demoted": 0,
        "unchanged": 7
      }
    },
    "ctr_influence_quality": "NEUTRAL",
    "readiness_review": {
      "soft_score_application": "NEEDS_MORE_DATA",
      "shadow_scoring": "READY",
      "planner_influence": "NOT_READY",
      "pool_influence": "NEEDS_MORE_DATA",
      "governance_influence": "READY"
    },
    "no_bypass": {
      "selected_moves_changed": false,
      "planner_ranking_changed": false,
      "runtime_behavior_changed": false,
      "routing_changed": false,
      "governance_authority_changed": false,
      "packet_authority_changed": false
    },
    "final_verdict": "CTR_NO_MEANINGFUL_VALUE"
  },
  "enabled": true,
  "mode": "guarded",
  "apply_requested": false,
  "target_egress": "amneziawg-exec-20260528-10-8-1-14",
  "safety": {
    "read_only_without_apply": true,
    "planned_limit": 1,
    "failover_limit": 25,
    "reconnect_limit": 10,
    "requested_max_selected_moves": 0,
    "blast_radius_cap_applied": false,
    "authority_budget_cap_applied": false,
    "authority_budget_gate": {
      "schema_version": "v7.authority-budget-gate.v1",
      "enabled": true,
      "truth_source": "existing_policy_files",
      "runtime_calculation_mode": "prepared_and_certified_min_authority",
      "authority_class": "CANARY",
      "prepared_authority_class": "CANARY",
      "certified_authority_class": "CANARY",
      "authority_lifecycle_state": "CERTIFIED",
      "current_allowed_user_budget": 1,
      "next_authority_class": "SMALL_BATCH",
      "next_allowed_user_budget": 2,
      "selected_moves_before_gate": 0,
      "selected_moves_after_gate": 0,
      "authority_cap_applied": false,
      "decision": "selected_moves_within_authority_budget",
      "action": "continue_existing_runtime_lifecycle",
      "executor": "tools/v7-users-autoswitch",
      "trigger": "after_policy_selection_before_restore_barrier_snapshot_apply",
      "written_evidence": "plan.safety.authority_budget_gate",
      "blocked_actions": [],
      "next_state": "CANARY",
      "authority_lifecycle": {
        "schema_version": "v7.authority-governance-lifecycle.v1",
        "state": "CERTIFIED",
        "prepared_authority_class": "CANARY",
        "certified_authority_class": "CANARY",
        "runtime_authority_class": "CANARY",
        "prepared_budget_ceiling": 1,
        "certified_budget_ceiling": 1,
        "runtime_allowed_user_budget": 1,
        "prepared_exceeds_certified": false,
        "model": {
          "PREPARED": "Policy is staged for a higher class, but certified evidence has not caught up; runtime caps to certified authority.",
          "CERTIFIED": "Evidence supports the prepared class and runtime may use that class ceiling.",
          "CANARY_CERTIFIED": "Alias of CERTIFIED for the one-user governed authority floor.",
          "CANARY_EXPANSION": "A transitional bridge from certified CANARY to prepared SMALL_BATCH that permits only the next blast-radius step with explicit bridge evidence.",
          "PROVISIONAL_SMALL_BATCH": "A transitional bridge that allows the first bounded 2-user cohort without certifying SMALL_BATCH.",
          "SMALL_BATCH_CERTIFIED": "Alias of CERTIFIED for completed SMALL_BATCH evidence.",
          "PROMOTED": "A certified class has been explicitly promoted after required outcomes, rollback, verification, and closure evidence.",
          "DEMOTED": "Runtime authority is intentionally below available certification because risk or operator policy reduced scope.",
          "FROZEN": "Runtime authority is temporarily zero because truth, evidence, snapshot, trust, prediction, or governance state is unknown.",
          "REVOKED": "Runtime authority is zero until a fresh operator governance program reinstates it."
        },
        "bridge_model": {
          "schema_version": "v7.authority-transition-bridge-model.v1",
          "purpose": "break_canary_to_small_batch_deadlock_without_certifying_small_batch",
          "states": {
            "CANARY_CERTIFIED": {
              "budget": 1,
              "entry_criteria": [
                "one_successful_governed_user",
                "verification",
                "rollback_readiness",
                "outcome_closure"
              ],
              "exit_criteria": [
                "explicit_operator_bridge_request",
                "fresh_restore_barrier",
                "snapshot_gate_clean"
              ]
            },
            "CANARY_EXPANSION": {
              "budget": 2,
              "entry_criteria": [
                "CANARY_CERTIFIED",
                "prepared_authority_class_SMALL_BATCH",
                "certified_authority_class_CANARY"
              ],
              "exit_criteria": [
                "2_user_execution_verified",
                "outcome_feedback_materialized"
              ],
              "promotion_certification": false
            },
            "PROVISIONAL_SMALL_BATCH": {
              "budget": 2,
              "entry_criteria": [
                "CANARY_EXPANSION_ready",
                "operator_approval_packet",
                "rollback_manifest_ready"
              ],
              "exit_criteria": [
                "successful_2_user_governed_execution",
                "trust_prediction_recommendation_feedback"
              ],
              "promotion_certification": false
            },
            "SMALL_BATCH_CERTIFIED": {
              "budget": 2,
              "entry_criteria": [
                "successful_2_user_governed_execution",
                "verification",
                "outcome_feedback",
                "no_snapshot_mismatch"
              ],
              "exit_criteria": [
                "operator_promoted_next_authority_class"
              ],
              "promotion_certification": true
            }
          },
          "new_truth_sources_created": false,
          "duplicate_systems_created": false
        },
        "certification_rules": {
          "CANARY": {
            "required_successful_governed_users": 1,
            "requires_rollback_capability": true,
            "requires_verification": true,
            "requires_outcome_closure": true
          },
          "SMALL_BATCH": {
            "required_successful_governed_users": 2,
            "requires_prior_canary_certification": true,
            "requires_atomic_execution_envelope": true,
            "requires_no_snapshot_source_mismatch": true,
            "requires_outcome_feedback": true
          },
          "MEDIUM_BATCH": {
            "required_successful_small_batch_runs": 2,
            "requires_no_recent_rollback_or_verification_failure": true,
            "requires_trust_prediction_recommendation_feedback": true
          },
          "LARGE_BATCH": {
            "required_successful_medium_batch_runs": 2,
            "requires_stable_runtime_truth_window": true,
            "requires_operator_review": true
          },
          "POOL": {
            "requires_large_batch_certification": true,
            "requires_sustained_no_regression_window": true,
            "requires_explicit_pool_governance": true
          }
        },
        "governance": {
          "promotion": {
            "owner": "operator_governance_existing_policy",
            "executor": "tools/v7-users-autoswitch",
            "requires_explicit_operator_approval": true,
            "requires_runtime_truth_known": true,
            "requires_successful_outcomes": true,
            "requires_verification_evidence": true,
            "requires_rollback_capability_evidence": true,
            "requires_trust_prediction_recommendation_feedback": true,
            "eligible": true,
            "blockers": []
          },
          "demotion": {
            "owner": "operator_governance_existing_policy",
            "executor": "tools/v7-users-autoswitch",
            "triggers": [
              "rollback_required_or_failed",
              "verification_failure",
              "prediction_degradation",
              "trust_degradation",
              "service_instability",
              "operator_policy_reduction"
            ],
            "risks": []
          },
          "freeze": {
            "owner": "operator_governance_existing_policy",
            "executor": "tools/v7-users-autoswitch",
            "triggers": [
              "missing_evidence",
              "unknown_runtime_truth",
              "snapshot_source_mismatch",
              "approval_packet_missing_or_stale",
              "restore_barrier_missing_or_stale",
              "trust_or_prediction_unknown"
            ],
            "action": "set_effective_runtime_budget_to_zero_until_truth_or_evidence_is_known"
          }
        },
        "action_matrix": {
          "PREPARED": {
            "condition": "prepared_authority_class_above_certified_authority_class",
            "decision": "cap_to_certified_authority",
            "action": "allow_only_certified_budget",
            "executor": "tools/v7-users-autoswitch",
            "trigger": "authority_budget_gate",
            "written_evidence": "plan.safety.authority_budget_gate.authority_lifecycle",
            "blocked_actions": [
              "promotion_without_certification",
              "apply_above_certified_budget"
            ],
            "next_state": "CERTIFIED after required evidence"
          },
          "CERTIFIED": {
            "condition": "prepared_authority_class_equals_certified_authority_class",
            "decision": "allow_certified_budget",
            "action": "continue_existing_runtime_lifecycle",
            "executor": "tools/v7-users-autoswitch",
            "trigger": "authority_budget_gate",
            "written_evidence": "plan.safety.authority_budget_gate.authority_lifecycle",
            "blocked_actions": [
              "apply_above_certified_budget"
            ],
            "next_state": "PROMOTED only after explicit operator governance"
          },
          "CANARY_EXPANSION": {
            "condition": "certified_CANARY_prepared_SMALL_BATCH_with_explicit_bridge_state",
            "decision": "allow_transitional_2_user_bridge_budget_without_certifying_small_batch",
            "action": "permit_only_next_blast_radius_step_through_existing_restore_barrier_snapshot_and_apply_path",
            "executor": "tools/v7-users-autoswitch",
            "trigger": "authority_budget_gate",
            "written_evidence": "plan.safety.authority_budget_gate.authority_bridge",
            "blocked_actions": [
              "small_batch_certification",
              "budget_above_2",
              "promotion_without_2_user_outcome_feedback"
            ],
            "next_state": "PROVISIONAL_SMALL_BATCH or FROZEN on risk"
          },
          "PROVISIONAL_SMALL_BATCH": {
            "condition": "first_2_user_governed_cohort_ready_but_not_yet_certified",
            "decision": "allow_single_provisional_2_user_cohort",
            "action": "require_verification_outcome_feedback_before_certification",
            "executor": "tools/v7-users-autoswitch",
            "trigger": "authority_budget_gate",
            "written_evidence": "plan.safety.authority_budget_gate.authority_bridge",
            "blocked_actions": [
              "repeat_without_closure",
              "medium_batch_promotion",
              "production_autonomy"
            ],
            "next_state": "SMALL_BATCH_CERTIFIED after successful evidence or DEMOTED/FROZEN on failure"
          },
          "PROMOTED": {
            "condition": "operator_promoted_certified_authority_after_required_evidence",
            "decision": "allow_promoted_certified_budget",
            "action": "continue_existing_runtime_lifecycle",
            "executor": "tools/v7-users-autoswitch",
            "trigger": "operator_policy_update",
            "written_evidence": "policy.authority_budget plus plan.safety.authority_budget_gate",
            "blocked_actions": [
              "promotion_without_evidence"
            ],
            "next_state": "DEMOTED or FROZEN on risk"
          },
          "DEMOTED": {
            "condition": "risk_or_operator_policy_reduces_authority",
            "decision": "allow_lower_budget",
            "action": "cap_to_demoted_budget",
            "executor": "tools/v7-users-autoswitch",
            "trigger": "authority_budget_gate",
            "written_evidence": "plan.safety.authority_budget_gate.authority_lifecycle",
            "blocked_actions": [
              "apply_above_demoted_budget"
            ],
            "next_state": "CERTIFIED after risk closure"
          },
          "FROZEN": {
            "condition": "truth_or_evidence_unknown",
            "decision": "block_all_runtime_authority",
            "action": "drop_selected_moves_before_restore_barrier_snapshot_apply",
            "executor": "tools/v7-users-autoswitch",
            "trigger": "authority_budget_gate",
            "written_evidence": "plan.safety.authority_budget_gate.authority_lifecycle",
            "blocked_actions": [
              "user_movement",
              "autoswitch_apply",
              "authority_promotion"
            ],
            "next_state": "PREPARED after truth restored"
          },
          "REVOKED": {
            "condition": "authority_revoked_by_operator_or_critical_failure",
            "decision": "block_all_runtime_authority",
            "action": "drop_selected_moves_until_reinstated",
            "executor": "tools/v7-users-autoswitch",
            "trigger": "authority_budget_gate",
            "written_evidence": "plan.safety.authority_budget_gate.authority_lifecycle",
            "blocked_actions": [
              "user_movement",
              "autoswitch_apply",
              "authority_promotion"
            ],
            "next_state": "FROZEN after explicit reinstatement review"
          }
        },
        "new_truth_sources_created": false,
        "duplicate_systems_created": false
      },
      "authority_bridge": {
        "schema_version": "v7.authority-transition-bridge.v1",
        "enabled": false,
        "state": "",
        "from_certified_authority": "CANARY",
        "to_prepared_authority": "CANARY",
        "bridge_budget_ceiling": 0,
        "promotion_certification": false,
        "truth_source": "existing_policy_files",
        "new_truth_sources_created": false,
        "duplicate_systems_created": false,
        "active": false,
        "decision": "not_in_bridge_state",
        "action": "use_certified_authority_gate",
        "blocked_actions": [],
        "next_state": ""
      },
      "anti_flapping_policy": {
        "minimum_residence_seconds": 300,
        "cooldown_seconds": 180,
        "sticky_protection": "existing_autoswitch_safety_state",
        "rollback_penalty_seconds": 3600,
        "promotion_delay_seconds": 900,
        "demotion_delay_seconds": 0
      },
      "policy": {
        "evidence_floor": "one_successful_governed_execution",
        "class_budget_ceiling": 1,
        "new_truth_sources_created": false,
        "new_execution_path_created": false,
        "network_calls_in_apply_path": false,
        "history_scan_in_apply_path": false
      },
      "action_matrix": {
        "condition": "CANARY authority with selected_moves <= 1",
        "decision": "allow_within_authority_budget",
        "action": "continue_existing_restore_barrier_snapshot_and_apply_path",
        "executor": "tools/v7-users-autoswitch",
        "trigger": "planner_selected_moves_ready",
        "written_evidence": "plan.safety.authority_budget_gate",
        "blocked_actions": [
          "selected_moves_above_authority_budget",
          "apply_above_authority_budget"
        ],
        "next_state": "SMALL_BATCH"
      }
    },
    "dynamic_blast_radius": {
      "total_active_users": 27,
      "affected_candidate_moves": 0,
      "selected_after_policy_count": 0,
      "selected_after_request_cap_count": 0,
      "selected_after_authority_budget_count": 0,
      "requested_max_selected_moves": 0,
      "authority_allowed_user_budget": 1,
      "effective_blast_radius": 0,
      "scope": "bounded_by_policy",
      "policy_failover_limit": 25,
      "policy_planned_limit": 1,
      "service_risk_inputs_present": true,
      "platform_health_inputs_present": true
    },
    "cooldown_seconds": 180,
    "required_services": [],
    "anti_flap": {
      "file": "/Users/ponch/Documents/New project/docs/reports/engineering/live_openvpn_trace_2026-06-30/fixture/state/autoswitch-safety.json",
      "users_tracked": 0,
      "egress_tracked": 0,
      "users_frozen": 0,
      "egress_quarantined": 0,
      "policy": {
        "user_freeze_switches_1h": 2,
        "user_freeze_switches_24h": 5,
        "user_freeze_1h_seconds": 3600,
        "user_freeze_24h_seconds": 21600,
        "target_block_seconds": 1800,
        "pair_reversal_window_seconds": 900,
        "egress_quarantine_failed_verifications_1h": 2,
        "egress_quarantine_seconds": 3600
      }
    },
    "generation": {
      "schema_version": 1,
      "planner_generation_id": "5ac20d4906a172d0bdb9f8ecd5de019cdc9e054a967439c72730910538b8dc2e",
      "inputs": {
        "users_registry": "e232e070acafa78b230b7e345f7f3b3097a68ef7c8891c0c797562768e2e9183",
        "egress_registry": "05d8118c43888d046e8fe3aa3cca906db1603b15e478fd0e7eaf282797d13a78",
        "service_preferences": "e41692eac9fed4045045086c7d2b34e06bcc60bcdf5e480b5c1e8882b41edaed",
        "policy": "4fc94dd657542ae63d3860d1bf0c03a0825b0e816f51889f0c0d6f1b44df2983",
        "org_policy": "bb7cb3635062ea772a434a04c72e72f0ad272d7fafe2361a61436f469640b1db"
      },
      "volatile_inputs": {
        "v7_state": "55a39162650041175d5b31e2ddf0e9f70e10990c3fc2b2db4587553dfb20fe06",
        "egress_speed": "ffbc48d7edba6962638027b5d3a97a65ccef63c74c42ea92f23332ec6c18203c",
        "client_speed": "",
        "route_classes": "",
        "autoswitch_safety": "cdd2cd56fa434531e38caaab7f0bd1bcbea31179be940c2ca041b4f47c8f66fe",
        "service_matrix": "995a4539e8cfacbabf495fb8e4ab377ffc032453fc51710f9bfeec6a2503b4c1",
        "quality_summary": "0da3805991589243bb961749eaf3e39e72f063985c22b3bc789b7532d401a654",
        "telegram_sentinel": "ffbc48d7edba6962638027b5d3a97a65ccef63c74c42ea92f23332ec6c18203c"
      }
    },
    "reconnect": {
      "policy": {
        "enabled": true,
        "active_age_seconds": 45,
        "reconnect_window_seconds": 120,
        "rotation_cooldown_seconds": 180
      },
      "state_file": "/Users/ponch/Documents/New project/docs/reports/engineering/live_openvpn_trace_2026-06-30/fixture/state/client-reconnect-state.json",
      "events_detected": 0
    },
    "restore_barrier": {
      "file": "/Users/ponch/Documents/New project/docs/reports/engineering/live_openvpn_trace_2026-06-30/fixture/state/autoswitch-restore-barrier.json",
      "enabled": true,
      "active": true,
      "expired": false,
      "cleared": true,
      "post_ttl_blocking": false,
      "failover_quarantine": true,
      "expires_at": "",
      "reason": "",
      "clearance_max_selected_moves": 0,
      "clearance_generation_id": "fixture-generation",
      "clearance_expires_at": "2000-01-01T00:00:00+00:00",
      "generation_token": "fixture",
      "apply_refresh_clearance": {
        "generation_clearance": false,
        "allowed_targets": [],
        "approved_atomic_execution_envelope_id": "",
        "approved_atomic_execution_envelope_hash": "",
        "approved_source_bundle_hash": "",
        "approved_snapshot_bundle_hash": "",
        "owner": ""
      }
    },
    "intelligence_snapshots": {
      "schema_version": "v7.runtime-intelligence-snapshot-gate.v1",
      "root": "/Users/ponch/Documents/New project/docs/reports/engineering/live_openvpn_trace_2026-06-30/fixture/intelligence",
      "active": false,
      "mode": "legacy_routing_brain_fallback",
      "stop_required": false,
      "unavailable_reason": "snapshot_reader_import_unavailable:ModuleNotFoundError",
      "results": {},
      "stop_families": [],
      "warn_families": [],
      "ignored_families": [],
      "service_matrix_lock": {
        "schema": "v7.service-matrix-lifecycle-lock.v1",
        "enabled": false,
        "acquired": false,
        "path": "/Users/ponch/Documents/New project/docs/reports/engineering/live_openvpn_trace_2026-06-30/fixture/state/service-matrix.lock",
        "scope": "planner_snapshot_packet_lifecycle",
        "owner": "tools/v7-users-autoswitch",
        "runtime_behavior_changed": false,
        "governance_behavior_changed": false,
        "execution_behavior_changed": false,
        "users_moved": false,
        "decision": "lock_not_required"
      },
      "selected_moves_before_gate": 0,
      "selected_moves_suppressed": false,
      "runtime_behavior_changed": false,
      "governance_behavior_changed": false,
      "execution_behavior_changed": false,
      "hard_gate_override": "forbidden",
      "reservation_override": "forbidden",
      "selected_moves_after_gate": 0
    },
    "atomic_execution_envelope": {
      "schema_version": "v7.atomic-execution-envelope.v1",
      "envelope_id": "aee_b4fa226cbaa72ed161d91563",
      "envelope_hash": "b4fa226cbaa72ed161d91563277755020c21a68ab2f909998e4acd38c8399943",
      "generation_id": "5ac20d4906a172d0bdb9f8ecd5de019cdc9e054a967439c72730910538b8dc2e",
      "selected_move_hash": "4f53cda18c2baa0c0354bb5f9a3ecbe5ed12ab4d8e11ba873c2f11161202b945",
      "selected_move_count": 0,
      "runtime_snapshot_hash": "e2cd52f59ec3c06ff1d46784188f91bae818ce9b95af870f67e5ffe0dc1c6ffa",
      "source_bundle_hash": "1cf324d6a2ccb9bb91ef8327222c3178697652adb4b4f9799b7d114e07cb4433",
      "snapshot_bundle_hash": "c340bfa9d798f558a50d4a0e38f90084ed687d9427428b33aa9d3eb75152911e",
      "source_bundle": {
        "source_hashes": {
          "service_matrix": "1c7f6124f6bdda8047d942fbd19b3c89f96dc0a978c62ceedd960d7f12683d5c",
          "quality_summary": "bae54e6b4712b52029f9696330bc86a9f62a707dbf20996c2b9c6e8070e93c88",
          "service_preferences": "88f6c01ada260967da9ff6f73b944df565ce69bc710b79a950bbe89ae054a06c",
          "users_registry": "e232e070acafa78b230b7e345f7f3b3097a68ef7c8891c0c797562768e2e9183",
          "egress_registry": "05d8118c43888d046e8fe3aa3cca906db1603b15e478fd0e7eaf282797d13a78"
        },
        "hash": "1cf324d6a2ccb9bb91ef8327222c3178697652adb4b4f9799b7d114e07cb4433"
      },
      "snapshot_bundle": {
        "families": {
          "best-available-pool": {
            "source_hashes": {},
            "freshness_state": "",
            "runtime_behavior": "",
            "stop_required": false,
            "validation_ok": false
          },
          "blast-radius-summaries": {
            "source_hashes": {},
            "freshness_state": "",
            "runtime_behavior": "",
            "stop_required": false,
            "validation_ok": false
          },
          "candidate-suitability-summary": {
            "source_hashes": {},
            "freshness_state": "",
            "runtime_behavior": "",
            "stop_required": false,
            "validation_ok": false
          },
          "channel-service-scores": {
            "source_hashes": {},
            "freshness_state": "",
            "runtime_behavior": "",
            "stop_required": false,
            "validation_ok": false
          },
          "prediction-summaries": {
            "source_hashes": {},
            "freshness_state": "",
            "runtime_behavior": "",
            "stop_required": false,
            "validation_ok": false
          },
          "risk-summaries": {
            "source_hashes": {},
            "freshness_state": "",
            "runtime_behavior": "",
            "stop_required": false,
            "validation_ok": false
          },
          "service-scores": {
            "source_hashes": {},
            "freshness_state": "",
            "runtime_behavior": "",
            "stop_required": false,
            "validation_ok": false
          },
          "trust-evolution-summaries": {
            "source_hashes": {},
            "freshness_state": "",
            "runtime_behavior": "",
            "stop_required": false,
            "validation_ok": false
          },
          "trust-summaries": {
            "source_hashes": {},
            "freshness_state": "",
            "runtime_behavior": "",
            "stop_required": false,
            "validation_ok": false
          },
          "user-service-scores": {
            "source_hashes": {},
            "freshness_state": "",
            "runtime_behavior": "",
            "stop_required": false,
            "validation_ok": false
          }
        },
        "hash": "c340bfa9d798f558a50d4a0e38f90084ed687d9427428b33aa9d3eb75152911e",
        "stop_required": false,
        "stop_families": [],
        "source_mismatch_families": []
      },
      "state": {
        "condition": "ENVELOPE_VALID",
        "decision": "continue_governed_execution_path",
        "action": "allow_existing_planner_packet_barrier_apply_validation",
        "executor": "tools/v7-users-autoswitch",
        "trigger": "planner_selected_moves_ready",
        "written_evidence": "plan.safety.atomic_execution_envelope",
        "blocked_actions": [],
        "next_state": "APPLY_VALIDATION",
        "mismatches": []
      },
      "authority": {
        "planner_decision_owner": "tools/v7-users-autoswitch",
        "approval_packet_owner": "admin_core/operator_execution.py",
        "restore_barrier_owner": "admin_core/operator_execution.py",
        "apply_validation_owner": "tools/v7-users-autoswitch",
        "execution_authority": "existing_governed_apply_only",
        "new_truth_source_created": false
      }
    },
    "selected_moves_diagnostics": {
      "source": "planner_no_selection",
      "approved_plan_lock_present": false,
      "approved_plan_lock_ok": false,
      "approved_plan_lock_hash_source": "",
      "selected_moves_before_restore_barrier": 0,
      "selected_moves_after_gate": 0,
      "snapshot_gate_source": "",
      "snapshot_gate_decision": "",
      "snapshot_gate_changed_fields": [],
      "snapshot_gate_material_change": false,
      "approved_plan_lock_consumed": false,
      "planner_recomputed_after_approval": null
    }
  },
  "summary": {
    "users_total": 27,
    "egress_total": 7,
    "healthy_egress_total": 4,
    "candidate_moves": 0,
    "candidate_moves_total": 0,
    "selected_moves": 0,
    "reconnect_rotation_candidates": 0,
    "rebalance_candidates": 0,
    "org_groups": [
      "default"
    ]
  },
  "dynamic_load": {
    "mode": "dynamic",
    "active_users": 27,
    "total_channels": 7,
    "healthy_channels": 4,
    "reserve_only_channels": 0,
    "degraded_or_dead_channels": 3,
    "reserve_ratio": 0.15,
    "reserve_channels": 1,
    "working_channels": 3,
    "avg_load": 9.0,
    "soft_limit": 11,
    "hard_limit": 14,
    "failover_hard_limit": 18,
    "per_egress": {
      "1": {
        "users": 0,
        "soft_limit": 11,
        "hard_limit": 14,
        "failover_hard_limit": 18,
        "capacity_users": 0,
        "status": "OK"
      },
      "amneziawg-exec-20260528-10-8-1-14": {
        "users": 0,
        "soft_limit": 11,
        "hard_limit": 14,
        "failover_hard_limit": 18,
        "capacity_users": 0,
        "status": "OK"
      },
      "awg0": {
        "users": 1,
        "soft_limit": 11,
        "hard_limit": 14,
        "failover_hard_limit": 18,
        "capacity_users": 0,
        "status": "OK"
      },
      "awg3": {
        "users": 1,
        "soft_limit": 11,
        "hard_limit": 14,
        "failover_hard_limit": 18,
        "capacity_users": 0,
        "status": "OK"
      },
      "openvpn-1779388847-d2ad7c": {
        "users": 14,
        "soft_limit": 11,
        "hard_limit": 14,
        "failover_hard_limit": 18,
        "capacity_users": 0,
        "status": "HARD_FULL"
      },
      "vless": {
        "users": 0,
        "soft_limit": 11,
        "hard_limit": 14,
        "failover_hard_limit": 18,
        "capacity_users": 0,
        "status": "OK"
      },
      "wireguard-1779454504-c43409": {
        "users": 11,
        "soft_limit": 11,
        "hard_limit": 14,
        "failover_hard_limit": 18,
        "capacity_users": 0,
        "status": "SOFT_FULL"
      }
    },
    "status": "full"
  },
  "reconnect_events": [],
  "quality_history": {
    "file": "/Users/ponch/Documents/New project/docs/reports/engineering/live_openvpn_trace_2026-06-30/fixture/state/egress-quality-summary.json",
    "updated": null,
    "tracked_egress": 7
  },
  "org_isolation": {
    "groups": {
      "default": {
        "users": 27,
        "current_egress": {
          "openvpn-1779388847-d2ad7c": 14,
          "awg0": 1,
          "awg3": 1,
          "wireguard-1779454504-c43409": 11
        },
        "policy": {}
      }
    },
    "egress_group_usage": {
      "openvpn-1779388847-d2ad7c": [
        "default"
      ],
      "awg0": [
        "default"
      ],
      "awg3": [
        "default"
      ],
      "wireguard-1779454504-c43409": [
        "default"
      ]
    }
  },
  "decisions": [
    {
      "user_ip": "10.7.0.11",
      "group": "default",
      "route_class": "VIDEO_OPTIMIZED",
      "important_services": [
        "youtube",
        "instagram",
        "telegram",
        "google",
        "google_auth"
      ],
      "current_egress": "openvpn-1779388847-d2ad7c",
      "recommended_egress": "openvpn-1779388847-d2ad7c",
      "action": "keep",
      "move_type": "none",
      "reason": [
        "restore_barrier_failover_suppressed"
      ],
      "current_score": 0.0,
      "recommended_score": 0.0,
      "candidates": [
        {
          "egress": "vless",
          "eligible": true,
          "score": 2170.34,
          "blocked": [],
          "reasons": [
            "service_youtube_ok",
            "service_instagram_ok",
            "service_telegram_ok",
            "service_google_ok",
            "service_google_auth_ok",
            "route_class_VIDEO_OPTIMIZED_ok",
            "best_available_pool_rank_1"
          ],
          "score_parts": {
            "health": 1000.0,
            "service": 299.62,
            "telegram_required": 40.0,
            "speed": 171.26,
            "stability": 120.0,
            "latency": 81.46,
            "load": 80.0,
            "capacity": 100.0,
            "quality_history": 128.0,
            "priority": 50.0,
            "weight": 100.0,
            "sticky": 0.0,
            "org_preference": 0.0,
            "reserve_penalty": 0.0
          },
          "severity_classification": {
            "severity": "OK",
            "category": "normal",
            "hard_block": false,
            "reason": ""
          },
          "service_suitability": {
            "schema_version": 1,
            "route_class": "VIDEO_OPTIMIZED",
            "aggregate_score": 99.875,
            "confidence": 0.84,
            "per_service": {
              "youtube": {
                "service": "youtube",
                "score": 100.0,
                "confidence": 0.8,
                "status": "OK",
                "available": true,
                "required": false,
                "profile_relevant": true,
                "truth_class": "HEALTHY",
                "planner_decision": "service_truth_accepted",
                "eligibility_behavior": "allow",
                "runtime_behavior": "use_existing_truth",
                "blocked_action": "",
                "evidence": "fresh_ok_or_degraded_truth",
                "freshness": {
                  "state": "AGING",
                  "age_seconds": 3220.361,
                  "runtime_behavior": "degrade_confidence"
                },
                "revalidation": {
                  "mode": "not_run",
                  "reason": "healthy_services_are_not_scanned",
                  "budget_seconds": 5,
                  "target_egress_only": true,
                  "existing_command": []
                },
                "latency_sec": 0.398329,
                "failure_count": 0,
                "reason": "",
                "profile": {
                  "availability": "page/API reachability",
                  "latency": "first_byte_sec or total_sec",
                  "content": "video/CDN score when available",
                  "error_rate": "failure samples",
                  "stability": "recent matrix status"
                }
              },
              "instagram": {
                "service": "instagram",
                "score": 100.0,
                "confidence": 0.8,
                "status": "OK",
                "available": true,
                "required": false,
                "profile_relevant": true,
                "truth_class": "HEALTHY",
                "planner_decision": "service_truth_accepted",
                "eligibility_behavior": "allow",
                "runtime_behavior": "use_existing_truth",
                "blocked_action": "",
                "evidence": "fresh_ok_or_degraded_truth",
                "freshness": {
                  "state": "AGING",
                  "age_seconds": 3220.184,
                  "runtime_behavior": "degrade_confidence"
                },
                "revalidation": {
                  "mode": "not_run",
                  "reason": "healthy_services_are_not_scanned",
                  "budget_seconds": 5,
                  "target_egress_only": true,
                  "existing_command": []
                },
                "latency_sec": 0.349206,
                "failure_count": 0,
                "reason": "",
                "profile": {
                  "availability": "feed/media endpoint reachability",
                  "latency": "first_byte_sec or total_sec",
                  "content": "image/video score when available",
                  "error_rate": "failure samples",
                  "stability": "recent matrix status"
                }
              },
              "telegram": {
                "service": "telegram",
                "score": 100.0,
                "confidence": 1.0,
                "status": "OK",
                "available": true,
                "required": false,
                "profile_relevant": true,
                "truth_class": "HEALTHY",
                "planner_decision": "service_truth_accepted",
                "eligibility_behavior": "allow",
                "runtime_behavior": "use_existing_truth",
                "blocked_action": "",
                "evidence": "fresh_ok_or_degraded_truth",
                "freshness": {
                  "state": "AGING",
                  "age_seconds": 2345.252,
                  "runtime_behavior": "degrade_confidence"
                },
                "revalidation": {
                  "mode": "not_run",
                  "reason": "healthy_services_are_not_scanned",
                  "budget_seconds": 5,
                  "target_egress_only": true,
                  "existing_command": []
                },
                "latency_sec": 0.001,
                "failure_count": 0,
                "reason": "telegram tcp endpoints reachable",
                "profile": {
                  "availability": "telegram status and matrix ok",
                  "latency": "first_byte_sec or total_sec when available",
                  "content": "score/media checks when available",
                  "error_rate": "failure samples and service matrix ok",
                  "stability": "recent matrix/sentinel status"
                }
              },
              "google": {
                "service": "google",
                "score": 100.0,
                "confidence": 0.8,
                "status": "OK",
                "available": true,
                "required": false,
                "profile_relevant": true,
                "truth_class": "HEALTHY",
                "planner_decision": "service_truth_accepted",
                "eligibility_behavior": "allow",
                "runtime_behavior": "use_existing_truth",
                "blocked_action": "",
                "evidence": "fresh_ok_or_degraded_truth",
                "freshness": {
                  "state": "AGING",
                  "age_seconds": 3220.507,
                  "runtime_behavior": "degrade_confidence"
                },
                "revalidation": {
                  "mode": "not_run",
                  "reason": "healthy_services_are_not_scanned",
                  "budget_seconds": 5,
                  "target_egress_only": true,
                  "existing_command": []
                },
                "latency_sec": 0.293097,
                "failure_count": 0,
                "reason": "",
                "profile": {}
              },
              "google_auth": {
                "service": "google_auth",
                "score": 99.373,
                "confidence": 0.8,
                "status": "OK",
                "available": true,
                "required": false,
                "profile_relevant": true,
                "truth_class": "HEALTHY",
                "planner_decision": "service_truth_accepted",
                "eligibility_behavior": "allow",
                "runtime_behavior": "use_existing_truth",
                "blocked_action": "",
                "evidence": "fresh_ok_or_degraded_truth",
                "freshness": {
                  "state": "AGING",
                  "age_seconds": 3219.579,
                  "runtime_behavior": "degrade_confidence"
                },
                "revalidation": {
                  "mode": "not_run",
                  "reason": "healthy_services_are_not_scanned",
                  "budget_seconds": 5,
                  "target_egress_only": true,
                  "existing_command": []
                },
                "latency_sec": 0.812724,
                "failure_count": 0,
                "reason": "",
                "profile": {}
              }
            },
            "ignored_failures": [
              {
                "service": "anthropic",
                "score": 12.0,
                "confidence": 0.8,
                "status": "FAIL",
                "available": false,
                "required": false,
                "profile_relevant": false,
                "truth_class": "PROFILE_IRRELEVANT_FAIL",
                "planner_decision": "ignore_for_current_profile",
                "eligibility_behavior": "no_block",
                "runtime_behavior": "visible_ignored_failure",
                "blocked_action": "",
                "evidence": "service_not_requested_by_user_or_route_profile",
                "freshness": {
                  "state": "AGING",
                  "age_seconds": 3219.437,
                  "runtime_behavior": "degrade_confidence"
                },
                "revalidation": {
                  "mode": "not_run",
                  "reason": "profile_irrelevant",
                  "budget_seconds": 5,
                  "target_egress_only": true,
                  "existing_command": []
                },
                "latency_sec": 0.435805,
                "failure_count": 1,
                "reason": "curl: (22) The requested URL returned error: 404\n404 0.435805 0.435860",
                "profile": {}
              }
            ],
            "required_missing": [],
            "required_low": [],
            "route_class_fitness": "OK",
            "semantics": "service suitability 0-100; not generic Mbps"
          },
          "quality_decision": {
            "min_avg_mbps": 15.0,
            "min_floor_mbps": 10.0,
            "min_stability": 0.45,
            "hist_1h_avg_mbps": 60.0,
            "hist_1h_min_mbps": 40.0,
            "hist_1h_stability": 0.8,
            "evidence_backed_exception": false,
            "service_aggregate_score": 99.875
          },
          "capacity_decision": {
            "capacity_score": 100.0,
            "load_penalty": 0.0,
            "projected_load": {
              "users": 0,
              "soft_limit": 11,
              "hard_limit": 14,
              "status": "OK"
            },
            "capacity_decision": "empty_capacity_available",
            "distribution_reason": "capacity_breaks_ties_only_after_service_suitability"
          },
          "routing_intelligence": {
            "schema_version": "ri3.candidate-advisory-score.v1",
            "target": "vless",
            "score_part": 0.0,
            "advisory_score": 0.0,
            "recommendation": "neutral",
            "planner_influence_active": false,
            "explainability": [
              "routing_intelligence_candidate_score_missing"
            ],
            "authority": {
              "routing_intelligence": "advice_only",
              "candidate_creation": "forbidden",
              "hard_gate_override": "forbidden",
              "governance_authority": "none",
              "runtime_execution_authority": "none"
            }
          },
          "ctr_advisory": {
            "schema_version": "v7.ctr.candidate-advisory.v1",
            "available": false,
            "state": "UNKNOWN",
            "reason": "channel_trust_recovery_missing",
            "recovery_state": "UNKNOWN",
            "recovery_path": "collect_channel_trust_recovery_snapshot",
            "confidence": 0.0,
            "trust_score": 0.0,
            "current_service_score": 0.0,
            "soft_adjustment": 0.0,
            "advisory_score": 0.0,
            "recommended_action": "observe",
            "blocked_actions": [
              "direct_user_switch",
              "governance_bypass"
            ],
            "planner_score_applied": false,
            "hard_gate_applied": false,
            "target_suppression_applied": false,
            "authority": {
              "planner_decision_owner": "tools/v7-users-autoswitch",
              "governance_authority": "none",
              "runtime_execution_authority": "none",
              "selected_moves_write_authority": "none"
            }
          },
          "ctr_score_simulation": {
            "schema_version": "v7.ctr.dry-run-score-simulation.v1",
            "mode": "dry_run_simulation_only",
            "existing_score": 2170.337,
            "ctr_soft_adjustment": 0.0,
            "simulated_score": 2170.337,
            "score_delta": 0.0,
            "old_position": 1,
            "new_position": 1,
            "ranking_delta": 0,
            "ctr_state": "UNKNOWN",
            "reason": "ctr_state_unknown_soft_adjustment_simulated",
            "why_changed": "channel_trust_recovery_missing",
            "service_impact": {
              "aggregate_score": 99.875,
              "required_missing": [],
              "required_low": [],
              "ctr_current_service_score": 0.0
            },
            "capacity_impact": {
              "capacity_score": 100.0,
              "load_penalty": 0.0,
              "projected_load": {
                "users": 0,
                "soft_limit": 11,
                "hard_limit": 14,
                "status": "OK"
              },
              "capacity_decision": "empty_capacity_available",
              "distribution_reason": "capacity_breaks_ties_only_after_service_suitability"
            },
            "trust_impact": {
              "trust_score": 0.0,
              "advisory_score": 0.0,
              "confidence": 0.0
            },
            "recovery_impact": {
              "recovery_state": "UNKNOWN",
              "recovery_path": "collect_channel_trust_recovery_snapshot",
              "recommended_action": "observe",
              "blocked_actions": [
                "direct_user_switch",
                "governance_bypass"
              ]
            },
            "planner_score_applied": false,
            "planner_ranking_changed": false,
            "selected_moves_changed": false,
            "runtime_behavior_changed": false,
            "simulation_authority": "none"
          },
          "best_available_pool": true,
          "pool_rank": 1,
          "pool_reason": "best_available_pool_member",
          "pool_cutoff_reason": "",
          "avg_mbps": 60.0,
          "min_mbps": 40.0,
          "stability": 0.8,
          "users": 0,
          "capacity_users": 0,
          "load": {
            "users": 0,
            "soft_limit": 11,
            "hard_limit": 14,
            "failover_hard_limit": 18,
            "capacity_users": 0,
            "status": "OK"
          },
          "quality_history": {
            "windows": {
              "1h": {
                "avg_mbps": 60,
                "min_mbps": 40,
                "stability": 0.8,
                "fail_rate": 0.0
              }
            },
            "score": {
              "current": 100,
              "trend": "stable",
              "penalty": 0
            }
          },
          "safety": {},
          "telegram": {
            "required": true,
            "status": "OK",
            "ok": true,
            "hard_blocked": false,
            "degraded": false,
            "bad_now": false,
            "bad_for_seconds": 0.0,
            "score": 100.0,
            "reason": "telegram tcp endpoints reachable",
            "source": "matrix"
          },
          "role": "GLOBAL_FAST",
          "canary_reserved": false,
          "groups": [],
          "exclusive_group": ""
        },
        {
          "egress": "awg3",
          "eligible": true,
          "score": 2112.44,
          "blocked": [],
          "reasons": [
            "service_youtube_ok",
            "service_instagram_ok",
            "service_telegram_ok",
            "service_google_ok",
            "service_google_auth_ok",
            "route_class_VIDEO_OPTIMIZED_ok",
            "best_available_pool_rank_2"
          ],
          "score_parts": {
            "health": 1000.0,
            "service": 300.0,
            "telegram_required": 40.0,
            "speed": 171.26,
            "stability": 120.0,
            "latency": 81.04,
            "load": 74.29,
            "capacity": 92.86,
            "quality_history": 128.0,
            "priority": 30.0,
            "weight": 75.0,
            "sticky": 0.0,
            "org_preference": 0.0,
            "reserve_penalty": 0.0
          },
          "severity_classification": {
            "severity": "OK",
            "category": "normal",
            "hard_block": false,
            "reason": ""
          },
          "service_suitability": {
            "schema_version": 1,
            "route_class": "VIDEO_OPTIMIZED",
            "aggregate_score": 100.0,
            "confidence": 0.84,
            "per_service": {
              "youtube": {
                "service": "youtube",
                "score": 100.0,
                "confidence": 0.8,
                "status": "OK",
                "available": true,
                "required": false,
                "profile_relevant": true,
                "truth_class": "HEALTHY",
                "planner_decision": "service_truth_accepted",
                "eligibility_behavior": "allow",
                "runtime_behavior": "use_existing_truth",
                "blocked_action": "",
                "evidence": "fresh_ok_or_degraded_truth",
                "freshness": {
                  "state": "AGING",
                  "age_seconds": 3203.589,
                  "runtime_behavior": "degrade_confidence"
                },
                "revalidation": {
                  "mode": "not_run",
                  "reason": "healthy_services_are_not_scanned",
                  "budget_seconds": 5,
                  "target_egress_only": true,
                  "existing_command": []
                },
                "latency_sec": 0.313729,
                "failure_count": 0,
                "reason": "",
                "profile": {
                  "availability": "page/API reachability",
                  "latency": "first_byte_sec or total_sec",
                  "content": "video/CDN score when available",
                  "error_rate": "failure samples",
                  "stability": "recent matrix status"
                }
              },
              "instagram": {
                "service": "instagram",
                "score": 100.0,
                "confidence": 0.8,
                "status": "OK",
                "available": true,
                "required": false,
                "profile_relevant": true,
                "truth_class": "HEALTHY",
                "planner_decision": "service_truth_accepted",
                "eligibility_behavior": "allow",
                "runtime_behavior": "use_existing_truth",
                "blocked_action": "",
                "evidence": "fresh_ok_or_degraded_truth",
                "freshness": {
                  "state": "AGING",
                  "age_seconds": 3202.505,
                  "runtime_behavior": "degrade_confidence"
                },
                "revalidation": {
                  "mode": "not_run",
                  "reason": "healthy_services_are_not_scanned",
                  "budget_seconds": 5,
                  "target_egress_only": true,
                  "existing_command": []
                },
                "latency_sec": 0.514818,
                "failure_count": 0,
                "reason": "",
                "profile": {
                  "availability": "feed/media endpoint reachability",
                  "latency": "first_byte_sec or total_sec",
                  "content": "image/video score when available",
                  "error_rate": "failure samples",
                  "stability": "recent matrix status"
                }
              },
              "telegram": {
                "service": "telegram",
                "score": 100.0,
                "confidence": 1.0,
                "status": "OK",
                "available": true,
                "required": false,
                "profile_relevant": true,
                "truth_class": "HEALTHY",
                "planner_decision": "service_truth_accepted",
                "eligibility_behavior": "allow",
                "runtime_behavior": "use_existing_truth",
                "blocked_action": "",
                "evidence": "fresh_ok_or_degraded_truth",
                "freshness": {
                  "state": "AGING",
                  "age_seconds": 2345.251,
                  "runtime_behavior": "degrade_confidence"
                },
                "revalidation": {
                  "mode": "not_run",
                  "reason": "healthy_services_are_not_scanned",
                  "budget_seconds": 5,
                  "target_egress_only": true,
                  "existing_command": []
                },
                "latency_sec": 0.071,
                "failure_count": 0,
                "reason": "telegram tcp endpoints reachable",
                "profile": {
                  "availability": "telegram status and matrix ok",
                  "latency": "first_byte_sec or total_sec when available",
                  "content": "score/media checks when available",
                  "error_rate": "failure samples and service matrix ok",
                  "stability": "recent matrix/sentinel status"
                }
              },
              "google": {
                "service": "google",
                "score": 100.0,
                "confidence": 0.8,
                "status": "OK",
                "available": true,
                "required": false,
                "profile_relevant": true,
                "truth_class": "HEALTHY",
                "planner_decision": "service_truth_accepted",
                "eligibility_behavior": "allow",
                "runtime_behavior": "use_existing_truth",
                "blocked_action": "",
                "evidence": "fresh_ok_or_degraded_truth",
                "freshness": {
                  "state": "AGING",
                  "age_seconds": 3203.573,
                  "runtime_behavior": "degrade_confidence"
                },
                "revalidation": {
                  "mode": "not_run",
                  "reason": "healthy_services_are_not_scanned",
                  "budget_seconds": 5,
                  "target_egress_only": true,
                  "existing_command": []
                },
                "latency_sec": 0.324605,
                "failure_count": 0,
                "reason": "",
                "profile": {}
              },
              "google_auth": {
                "service": "google_auth",
                "score": 100.0,
                "confidence": 0.8,
                "status": "OK",
                "available": true,
                "required": false,
                "profile_relevant": true,
                "truth_class": "HEALTHY",
                "planner_decision": "service_truth_accepted",
                "eligibility_behavior": "allow",
                "runtime_behavior": "use_existing_truth",
                "blocked_action": "",
                "evidence": "fresh_ok_or_degraded_truth",
                "freshness": {
                  "state": "AGING",
                  "age_seconds": 3202.414,
                  "runtime_behavior": "degrade_confidence"
                },
                "revalidation": {
                  "mode": "not_run",
                  "reason": "healthy_services_are_not_scanned",
                  "budget_seconds": 5,
                  "target_egress_only": true,
                  "existing_command": []
                },
                "latency_sec": 0.671827,
                "failure_count": 0,
                "reason": "",
                "profile": {}
              }
            },
            "ignored_failures": [
              {
                "service": "anthropic",
                "score": 12.0,
                "confidence": 0.8,
                "status": "FAIL",
                "available": false,
                "required": false,
                "profile_relevant": false,
                "truth_class": "PROFILE_IRRELEVANT_FAIL",
                "planner_decision": "ignore_for_current_profile",
                "eligibility_behavior": "no_block",
                "runtime_behavior": "visible_ignored_failure",
                "blocked_action": "",
                "evidence": "service_not_requested_by_user_or_route_profile",
                "freshness": {
                  "state": "AGING",
                  "age_seconds": 3202.376,
                  "runtime_behavior": "degrade_confidence"
                },
                "revalidation": {
                  "mode": "not_run",
                  "reason": "profile_irrelevant",
                  "budget_seconds": 5,
                  "target_egress_only": true,
                  "existing_command": []
                },
                "latency_sec": 0.415595,
                "failure_count": 1,
                "reason": "curl: (22) The requested URL returned error: 404\n404 0.415595 0.415670",
                "profile": {}
              }
            ],
            "required_missing": [],
            "required_low": [],
            "route_class_fitness": "OK",
            "semantics": "service suitability 0-100; not generic Mbps"
          },
          "quality_decision": {
            "min_avg_mbps": 15.0,
            "min_floor_mbps": 10.0,
            "min_stability": 0.45,
            "hist_1h_avg_mbps": 60.0,
            "hist_1h_min_mbps": 40.0,
            "hist_1h_stability": 0.8,
            "evidence_backed_exception": false,
            "service_aggregate_score": 100.0
          },
          "capacity_decision": {
            "capacity_score": 92.857,
            "load_penalty": 0.0,
            "projected_load": {
              "users": 1,
              "soft_limit": 11,
              "hard_limit": 14,
              "status": "OK"
            },
            "capacity_decision": "capacity_available",
            "distribution_reason": "capacity_breaks_ties_only_after_service_suitability"
          },
          "routing_intelligence": {
            "schema_version": "ri3.candidate-advisory-score.v1",
            "target": "awg3",
            "score_part": 0.0,
            "advisory_score": 0.0,
            "recommendation": "neutral",
            "planner_influence_active": false,
            "explainability": [
              "routing_intelligence_candidate_score_missing"
            ],
            "authority": {
              "routing_intelligence": "advice_only",
              "candidate_creation": "forbidden",
              "hard_gate_override": "forbidden",
              "governance_authority": "none",
              "runtime_execution_authority": "none"
            }
          },
          "ctr_advisory": {
            "schema_version": "v7.ctr.candidate-advisory.v1",
            "available": false,
            "state": "UNKNOWN",
            "reason": "channel_trust_recovery_missing",
            "recovery_state": "UNKNOWN",
            "recovery_path": "collect_channel_trust_recovery_snapshot",
            "confidence": 0.0,
            "trust_score": 0.0,
            "current_service_score": 0.0,
            "soft_adjustment": 0.0,
            "advisory_score": 0.0,
            "recommended_action": "observe",
            "blocked_actions": [
              "direct_user_switch",
              "governance_bypass"
            ],
            "planner_score_applied": false,
            "hard_gate_applied": false,
            "target_suppression_applied": false,
            "authority": {
              "planner_decision_owner": "tools/v7-users-autoswitch",
              "governance_authority": "none",
              "runtime_execution_authority": "none",
              "selected_moves_write_authority": "none"
            }
          },
          "ctr_score_simulation": {
            "schema_version": "v7.ctr.dry-run-score-simulation.v1",
            "mode": "dry_run_simulation_only",
            "existing_score": 2112.438,
            "ctr_soft_adjustment": 0.0,
            "simulated_score": 2112.438,
            "score_delta": 0.0,
            "old_position": 2,
            "new_position": 2,
            "ranking_delta": 0,
            "ctr_state": "UNKNOWN",
            "reason": "ctr_state_unknown_soft_adjustment_simulated",
            "why_changed": "channel_trust_recovery_missing",
            "service_impact": {
              "aggregate_score": 100.0,
              "required_missing": [],
              "required_low": [],
              "ctr_current_service_score": 0.0
            },
            "capacity_impact": {
              "capacity_score": 92.857,
              "load_penalty": 0.0,
              "projected_load": {
                "users": 1,
                "soft_limit": 11,
                "hard_limit": 14,
                "status": "OK"
              },
              "capacity_decision": "capacity_available",
              "distribution_reason": "capacity_breaks_ties_only_after_service_suitability"
            },
            "trust_impact": {
              "trust_score": 0.0,
              "advisory_score": 0.0,
              "confidence": 0.0
            },
            "recovery_impact": {
              "recovery_state": "UNKNOWN",
              "recovery_path": "collect_channel_trust_recovery_snapshot",
              "recommended_action": "observe",
              "blocked_actions": [
                "direct_user_switch",
                "governance_bypass"
              ]
            },
            "planner_score_applied": false,
            "planner_ranking_changed": false,
            "selected_moves_changed": false,
            "runtime_behavior_changed": false,
            "simulation_authority": "none"
          },
          "best_available_pool": true,
          "pool_rank": 2,
          "pool_reason": "best_available_pool_member",
          "pool_cutoff_reason": "",
          "avg_mbps": 60.0,
          "min_mbps": 40.0,
          "stability": 0.8,
          "users": 1,
          "capacity_users": 0,
          "load": {
            "users": 1,
            "soft_limit": 11,
            "hard_limit": 14,
            "failover_hard_limit": 18,
            "capacity_users": 0,
            "status": "OK"
          },
          "quality_history": {
            "windows": {
              "1h": {
                "avg_mbps": 60,
                "min_mbps": 40,
                "stability": 0.8,
                "fail_rate": 0.0
              }
            },
            "score": {
              "current": 100,
              "trend": "stable",
              "penalty": 0
            }
          },
          "safety": {},
          "telegram": {
            "required": true,
            "status": "OK",
            "ok": true,
            "hard_blocked": false,
            "degraded": false,
            "bad_now": false,
            "bad_for_seconds": 0.0,
            "score": 100.0,
            "reason": "telegram tcp endpoints reachable",
            "source": "matrix"
          },
          "role": "GLOBAL_STABLE",
          "canary_reserved": false,
          "groups": [],
          "exclusive_group": ""
        },
        {
          "egress": "awg0",
          "eligible": true,
          "score": 2093.79,
          "blocked": [],
          "reasons": [
            "service_youtube_ok",
            "service_instagram_ok",
            "service_telegram_ok",
            "service_google_ok",
            "service_google_auth_ok",
            "route_class_VIDEO_OPTIMIZED_ok",
            "best_available_pool_rank_3"
          ],
          "score_parts": {
            "health": 1000.0,
            "service": 295.23,
            "telegram_required": 40.0,
            "speed": 171.26,
            "stability": 120.0,
            "latency": 62.16,
            "load": 74.29,
            "capacity": 92.86,
            "quality_history": 128.0,
            "priority": 40.0,
            "weight": 70.0,
            "sticky": 0.0,
            "org_preference": 0.0,
            "reserve_penalty": 0.0
          },
          "severity_classification": {
            "severity": "OK",
            "category": "normal",
            "hard_block": false,
            "reason": ""
          },
          "service_suitability": {
            "schema_version": 1,
            "route_class": "VIDEO_OPTIMIZED",
            "aggregate_score": 98.411,
            "confidence": 0.84,
            "per_service": {
              "youtube": {
                "service": "youtube",
                "score": 100.0,
                "confidence": 0.8,
                "status": "OK",
                "available": true,
                "required": false,
                "profile_relevant": true,
                "truth_class": "HEALTHY",
                "planner_decision": "service_truth_accepted",
                "eligibility_behavior": "allow",
                "runtime_behavior": "use_existing_truth",
                "blocked_action": "",
                "evidence": "fresh_ok_or_degraded_truth",
                "freshness": {
                  "state": "AGING",
                  "age_seconds": 3211.445,
                  "runtime_behavior": "degrade_confidence"
                },
                "revalidation": {
                  "mode": "not_run",
                  "reason": "healthy_services_are_not_scanned",
                  "budget_seconds": 5,
                  "target_egress_only": true,
                  "existing_command": []
                },
                "latency_sec": 0.722611,
                "failure_count": 0,
                "reason": "",
                "profile": {
                  "availability": "page/API reachability",
                  "latency": "first_byte_sec or total_sec",
                  "content": "video/CDN score when available",
                  "error_rate": "failure samples",
                  "stability": "recent matrix status"
                }
              },
              "instagram": {
                "service": "instagram",
                "score": 99.492,
                "confidence": 0.8,
                "status": "OK",
                "available": true,
                "required": false,
                "profile_relevant": true,
                "truth_class": "HEALTHY",
                "planner_decision": "service_truth_accepted",
                "eligibility_behavior": "allow",
                "runtime_behavior": "use_existing_truth",
                "blocked_action": "",
                "evidence": "fresh_ok_or_degraded_truth",
                "freshness": {
                  "state": "AGING",
                  "age_seconds": 3206.314,
                  "runtime_behavior": "degrade_confidence"
                },
                "revalidation": {
                  "mode": "not_run",
                  "reason": "healthy_services_are_not_scanned",
                  "budget_seconds": 5,
                  "target_egress_only": true,
                  "existing_command": []
                },
                "latency_sec": 0.800765,
                "failure_count": 0,
                "reason": "",
                "profile": {
                  "availability": "feed/media endpoint reachability",
                  "latency": "first_byte_sec or total_sec",
                  "content": "image/video score when available",
                  "error_rate": "failure samples",
                  "stability": "recent matrix status"
                }
              },
              "telegram": {
                "service": "telegram",
                "score": 100.0,
                "confidence": 1.0,
                "status": "OK",
                "available": true,
                "required": false,
                "profile_relevant": true,
                "truth_class": "HEALTHY",
                "planner_decision": "service_truth_accepted",
                "eligibility_behavior": "allow",
                "runtime_behavior": "use_existing_truth",
                "blocked_action": "",
                "evidence": "fresh_ok_or_degraded_truth",
                "freshness": {
                  "state": "AGING",
                  "age_seconds": 2345.251,
                  "runtime_behavior": "degrade_confidence"
                },
                "revalidation": {
                  "mode": "not_run",
                  "reason": "healthy_services_are_not_scanned",
                  "budget_seconds": 5,
                  "target_egress_only": true,
                  "existing_command": []
                },
                "latency_sec": 0.07,
                "failure_count": 0,
                "reason": "telegram tcp endpoints reachable",
                "profile": {
                  "availability": "telegram status and matrix ok",
                  "latency": "first_byte_sec or total_sec when available",
                  "content": "score/media checks when available",
                  "error_rate": "failure samples and service matrix ok",
                  "stability": "recent matrix/sentinel status"
                }
              },
              "google": {
                "service": "google",
                "score": 100.0,
                "confidence": 0.8,
                "status": "OK",
                "available": true,
                "required": false,
                "profile_relevant": true,
                "truth_class": "HEALTHY",
                "planner_decision": "service_truth_accepted",
                "eligibility_behavior": "allow",
                "runtime_behavior": "use_existing_truth",
                "blocked_action": "",
                "evidence": "fresh_ok_or_degraded_truth",
                "freshness": {
                  "state": "AGING",
                  "age_seconds": 3211.474,
                  "runtime_behavior": "degrade_confidence"
                },
                "revalidation": {
                  "mode": "not_run",
                  "reason": "healthy_services_are_not_scanned",
                  "budget_seconds": 5,
                  "target_egress_only": true,
                  "existing_command": []
                },
                "latency_sec": 0.696486,
                "failure_count": 0,
                "reason": "",
                "profile": {}
              },
              "google_auth": {
                "service": "google_auth",
                "score": 92.561,
                "confidence": 0.8,
                "status": "OK",
                "available": true,
                "required": false,
                "profile_relevant": true,
                "truth_class": "HEALTHY",
                "planner_decision": "service_truth_accepted",
                "eligibility_behavior": "allow",
                "runtime_behavior": "use_existing_truth",
                "blocked_action": "",
                "evidence": "fresh_ok_or_degraded_truth",
                "freshness": {
                  "state": "AGING",
                  "age_seconds": 3204.131,
                  "runtime_behavior": "degrade_confidence"
                },
                "revalidation": {
                  "mode": "not_run",
                  "reason": "healthy_services_are_not_scanned",
                  "budget_seconds": 5,
                  "target_egress_only": true,
                  "existing_command": []
                },
                "latency_sec": 1.493874,
                "failure_count": 0,
                "reason": "",
                "profile": {}
              }
            },
            "ignored_failures": [
              {
                "service": "anthropic",
                "score": 3.887,
                "confidence": 0.8,
                "status": "FAIL",
                "available": false,
                "required": false,
                "profile_relevant": false,
                "truth_class": "PROFILE_IRRELEVANT_FAIL",
                "planner_decision": "ignore_for_current_profile",
                "eligibility_behavior": "no_block",
                "runtime_behavior": "visible_ignored_failure",
                "blocked_action": "",
                "evidence": "service_not_requested_by_user_or_route_profile",
                "freshness": {
                  "state": "AGING",
                  "age_seconds": 3206.673,
                  "runtime_behavior": "degrade_confidence"
                },
                "revalidation": {
                  "mode": "not_run",
                  "reason": "profile_irrelevant",
                  "budget_seconds": 5,
                  "target_egress_only": true,
                  "existing_command": []
                },
                "latency_sec": 2.245014,
                "failure_count": 1,
                "reason": "curl: (22) The requested URL returned error: 404\n404 2.245014 2.245158",
                "profile": {}
              }
            ],
            "required_missing": [],
            "required_low": [],
            "route_class_fitness": "OK",
            "semantics": "service suitability 0-100; not generic Mbps"
          },
          "quality_decision": {
            "min_avg_mbps": 15.0,
            "min_floor_mbps": 10.0,
            "min_stability": 0.45,
            "hist_1h_avg_mbps": 60.0,
            "hist_1h_min_mbps": 40.0,
            "hist_1h_stability": 0.8,
            "evidence_backed_exception": false,
            "service_aggregate_score": 98.411
          },
          "capacity_decision": {
            "capacity_score": 92.857,
            "load_penalty": 0.0,
            "projected_load": {
              "users": 1,
              "soft_limit": 11,
              "hard_limit": 14,
              "status": "OK"
            },
            "capacity_decision": "capacity_available",
            "distribution_reason": "capacity_breaks_ties_only_after_service_suitability"
          },
          "routing_intelligence": {
            "schema_version": "ri3.candidate-advisory-score.v1",
            "target": "awg0",
            "score_part": 0.0,
            "advisory_score": 0.0,
            "recommendation": "neutral",
            "planner_influence_active": false,
            "explainability": [
              "routing_intelligence_candidate_score_missing"
            ],
            "authority": {
              "routing_intelligence": "advice_only",
              "candidate_creation": "forbidden",
              "hard_gate_override": "forbidden",
              "governance_authority": "none",
              "runtime_execution_authority": "none"
            }
          },
          "ctr_advisory": {
            "schema_version": "v7.ctr.candidate-advisory.v1",
            "available": false,
            "state": "UNKNOWN",
            "reason": "channel_trust_recovery_missing",
            "recovery_state": "UNKNOWN",
            "recovery_path": "collect_channel_trust_recovery_snapshot",
            "confidence": 0.0,
            "trust_score": 0.0,
            "current_service_score": 0.0,
            "soft_adjustment": 0.0,
            "advisory_score": 0.0,
            "recommended_action": "observe",
            "blocked_actions": [
              "direct_user_switch",
              "governance_bypass"
            ],
            "planner_score_applied": false,
            "hard_gate_applied": false,
            "target_suppression_applied": false,
            "authority": {
              "planner_decision_owner": "tools/v7-users-autoswitch",
              "governance_authority": "none",
              "runtime_execution_authority": "none",
              "selected_moves_write_authority": "none"
            }
          },
          "ctr_score_simulation": {
            "schema_version": "v7.ctr.dry-run-score-simulation.v1",
            "mode": "dry_run_simulation_only",
            "existing_score": 2093.794,
            "ctr_soft_adjustment": 0.0,
            "simulated_score": 2093.794,
            "score_delta": 0.0,
            "old_position": 3,
            "new_position": 3,
            "ranking_delta": 0,
            "ctr_state": "UNKNOWN",
            "reason": "ctr_state_unknown_soft_adjustment_simulated",
            "why_changed": "channel_trust_recovery_missing",
            "service_impact": {
              "aggregate_score": 98.411,
              "required_missing": [],
              "required_low": [],
              "ctr_current_service_score": 0.0
            },
            "capacity_impact": {
              "capacity_score": 92.857,
              "load_penalty": 0.0,
              "projected_load": {
                "users": 1,
                "soft_limit": 11,
                "hard_limit": 14,
                "status": "OK"
              },
              "capacity_decision": "capacity_available",
              "distribution_reason": "capacity_breaks_ties_only_after_service_suitability"
            },
            "trust_impact": {
              "trust_score": 0.0,
              "advisory_score": 0.0,
              "confidence": 0.0
            },
            "recovery_impact": {
              "recovery_state": "UNKNOWN",
              "recovery_path": "collect_channel_trust_recovery_snapshot",
              "recommended_action": "observe",
              "blocked_actions": [
                "direct_user_switch",
                "governance_bypass"
              ]
            },
            "planner_score_applied": false,
            "planner_ranking_changed": false,
            "selected_moves_changed": false,
            "runtime_behavior_changed": false,
            "simulation_authority": "none"
          },
          "best_available_pool": true,
          "pool_rank": 3,
          "pool_reason": "best_available_pool_member",
          "pool_cutoff_reason": "",
          "avg_mbps": 60.0,
          "min_mbps": 40.0,
          "stability": 0.8,
          "users": 1,
          "capacity_users": 0,
          "load": {
            "users": 1,
            "soft_limit": 11,
            "hard_limit": 14,
            "failover_hard_limit": 18,
            "capacity_users": 0,
            "status": "OK"
          },
          "quality_history": {
            "windows": {
              "1h": {
                "avg_mbps": 60,
                "min_mbps": 40,
                "stability": 0.8,
                "fail_rate": 0.0
              }
            },
            "score": {
              "current": 100,
              "trend": "stable",
              "penalty": 0
            }
          },
          "safety": {},
          "telegram": {
            "required": true,
            "status": "OK",
            "ok": true,
            "hard_blocked": false,
            "degraded": false,
            "bad_now": false,
            "bad_for_seconds": 0.0,
            "score": 100.0,
            "reason": "telegram tcp endpoints reachable",
            "source": "matrix"
          },
          "role": "GLOBAL_STABLE",
          "canary_reserved": false,
          "groups": [],
          "exclusive_group": ""
        },
        {
          "egress": "wireguard-1779454504-c43409",
          "eligible": true,
          "score": 2060.8,
          "blocked": [],
          "reasons": [
            "service_youtube_ok",
            "service_instagram_ok",
            "service_telegram_ok",
            "service_google_ok",
            "service_google_auth_ok",
            "route_class_VIDEO_OPTIMIZED_ok"
          ],
          "score_parts": {
            "health": 1000.0,
            "service": 300.0,
            "telegram_required": 40.0,
            "speed": 171.26,
            "stability": 120.0,
            "latency": 82.97,
            "load": 17.14,
            "capacity": 21.43,
            "quality_history": 128.0,
            "priority": 80.0,
            "weight": 100.0,
            "sticky": 0.0,
            "org_preference": 0.0,
            "reserve_penalty": 0.0
          },
          "severity_classification": {
            "severity": "OK",
            "category": "normal",
            "hard_block": false,
            "reason": ""
          },
          "service_suitability": {
            "schema_version": 1,
            "route_class": "VIDEO_OPTIMIZED",
            "aggregate_score": 100.0,
            "confidence": 0.84,
            "per_service": {
              "youtube": {
                "service": "youtube",
                "score": 100.0,
                "confidence": 0.8,
                "status": "OK",
                "available": true,
                "required": false,
                "profile_relevant": true,
                "truth_class": "HEALTHY",
                "planner_decision": "service_truth_accepted",
                "eligibility_behavior": "allow",
                "runtime_behavior": "use_existing_truth",
                "blocked_action": "",
                "evidence": "fresh_ok_or_degraded_truth",
                "freshness": {
                  "state": "AGING",
                  "age_seconds": 3166.622,
                  "runtime_behavior": "degrade_confidence"
                },
                "revalidation": {
                  "mode": "not_run",
                  "reason": "healthy_services_are_not_scanned",
                  "budget_seconds": 5,
                  "target_egress_only": true,
                  "existing_command": []
                },
                "latency_sec": 0.277743,
                "failure_count": 0,
                "reason": "",
                "profile": {
                  "availability": "page/API reachability",
                  "latency": "first_byte_sec or total_sec",
                  "content": "video/CDN score when available",
                  "error_rate": "failure samples",
                  "stability": "recent matrix status"
                }
              },
              "instagram": {
                "service": "instagram",
                "score": 100.0,
                "confidence": 0.8,
                "status": "HTTP_LIMITED",
                "available": true,
                "required": false,
                "profile_relevant": true,
                "truth_class": "HEALTHY",
                "planner_decision": "service_truth_accepted",
                "eligibility_behavior": "allow",
                "runtime_behavior": "use_existing_truth",
                "blocked_action": "",
                "evidence": "fresh_ok_or_degraded_truth",
                "freshness": {
                  "state": "AGING",
                  "age_seconds": 3166.368,
                  "runtime_behavior": "degrade_confidence"
                },
                "revalidation": {
                  "mode": "not_run",
                  "reason": "healthy_services_are_not_scanned",
                  "budget_seconds": 5,
                  "target_egress_only": true,
                  "existing_command": []
                },
                "latency_sec": 0.522267,
                "failure_count": 0,
                "reason": "HTTP 429: endpoint reached but returned an application/CDN limit",
                "profile": {
                  "availability": "feed/media endpoint reachability",
                  "latency": "first_byte_sec or total_sec",
                  "content": "image/video score when available",
                  "error_rate": "failure samples",
                  "stability": "recent matrix status"
                }
              },
              "telegram": {
                "service": "telegram",
                "score": 100.0,
                "confidence": 1.0,
                "status": "OK",
                "available": true,
                "required": false,
                "profile_relevant": true,
                "truth_class": "HEALTHY",
                "planner_decision": "service_truth_accepted",
                "eligibility_behavior": "allow",
                "runtime_behavior": "use_existing_truth",
                "blocked_action": "",
                "evidence": "fresh_ok_or_degraded_truth",
                "freshness": {
                  "state": "AGING",
                  "age_seconds": 2345.25,
                  "runtime_behavior": "degrade_confidence"
                },
                "revalidation": {
                  "mode": "not_run",
                  "reason": "healthy_services_are_not_scanned",
                  "budget_seconds": 5,
                  "target_egress_only": true,
                  "existing_command": []
                },
                "latency_sec": 0.05,
                "failure_count": 0,
                "reason": "telegram tcp endpoints reachable",
                "profile": {
                  "availability": "telegram status and matrix ok",
                  "latency": "first_byte_sec or total_sec when available",
                  "content": "score/media checks when available",
                  "error_rate": "failure samples and service matrix ok",
                  "stability": "recent matrix/sentinel status"
                }
              },
              "google": {
                "service": "google",
                "score": 100.0,
                "confidence": 0.8,
                "status": "OK",
                "available": true,
                "required": false,
                "profile_relevant": true,
                "truth_class": "HEALTHY",
                "planner_decision": "service_truth_accepted",
                "eligibility_behavior": "allow",
                "runtime_behavior": "use_existing_truth",
                "blocked_action": "",
                "evidence": "fresh_ok_or_degraded_truth",
                "freshness": {
                  "state": "AGING",
                  "age_seconds": 3166.685,
                  "runtime_behavior": "degrade_confidence"
                },
                "revalidation": {
                  "mode": "not_run",
                  "reason": "healthy_services_are_not_scanned",
                  "budget_seconds": 5,
                  "target_egress_only": true,
                  "existing_command": []
                },
                "latency_sec": 0.21514,
                "failure_count": 0,
                "reason": "",
                "profile": {}
              },
              "google_auth": {
                "service": "google_auth",
                "score": 100.0,
                "confidence": 0.8,
                "status": "OK",
                "available": true,
                "required": false,
                "profile_relevant": true,
                "truth_class": "HEALTHY",
                "planner_decision": "service_truth_accepted",
                "eligibility_behavior": "allow",
                "runtime_behavior": "use_existing_truth",
                "blocked_action": "",
                "evidence": "fresh_ok_or_degraded_truth",
                "freshness": {
                  "state": "AGING",
                  "age_seconds": 3165.803,
                  "runtime_behavior": "degrade_confidence"
                },
                "revalidation": {
                  "mode": "not_run",
                  "reason": "healthy_services_are_not_scanned",
                  "budget_seconds": 5,
                  "target_egress_only": true,
                  "existing_command": []
                },
                "latency_sec": 0.638005,
                "failure_count": 0,
                "reason": "",
                "profile": {}
              }
            },
            "ignored_failures": [
              {
                "service": "anthropic",
                "score": 12.0,
                "confidence": 0.8,
                "status": "FAIL",
                "available": false,
                "required": false,
                "profile_relevant": false,
                "truth_class": "PROFILE_IRRELEVANT_FAIL",
                "planner_decision": "ignore_for_current_profile",
                "eligibility_behavior": "no_block",
                "runtime_behavior": "visible_ignored_failure",
                "blocked_action": "",
                "evidence": "service_not_requested_by_user_or_route_profile",
                "freshness": {
                  "state": "AGING",
                  "age_seconds": 3165.763,
                  "runtime_behavior": "degrade_confidence"
                },
                "revalidation": {
                  "mode": "not_run",
                  "reason": "profile_irrelevant",
                  "budget_seconds": 5,
                  "target_egress_only": true,
                  "existing_command": []
                },
                "latency_sec": 0.409703,
                "failure_count": 1,
                "reason": "curl: (22) The requested URL returned error: 404\n404 0.409703 0.409785",
                "profile": {}
              }
            ],
            "required_missing": [],
            "required_low": [],
            "route_class_fitness": "OK",
            "semantics": "service suitability 0-100; not generic Mbps"
          },
          "quality_decision": {
            "min_avg_mbps": 15.0,
            "min_floor_mbps": 10.0,
            "min_stability": 0.45,
            "hist_1h_avg_mbps": 60.0,
            "hist_1h_min_mbps": 40.0,
            "hist_1h_stability": 0.8,
            "evidence_backed_exception": false,
            "service_aggregate_score": 100.0
          },
          "capacity_decision": {
            "capacity_score": 21.429,
            "load_penalty": 0.0,
            "projected_load": {
              "users": 11,
              "soft_limit": 11,
              "hard_limit": 14,
              "status": "SOFT_FULL"
            },
            "capacity_decision": "soft_capacity_full",
            "distribution_reason": "capacity_breaks_ties_only_after_service_suitability"
          },
          "routing_intelligence": {
            "schema_version": "ri3.candidate-advisory-score.v1",
            "target": "wireguard-1779454504-c43409",
            "score_part": 0.0,
            "advisory_score": 0.0,
            "recommendation": "neutral",
            "planner_influence_active": false,
            "explainability": [
              "routing_intelligence_candidate_score_missing"
            ],
            "authority": {
              "routing_intelligence": "advice_only",
              "candidate_creation": "forbidden",
              "hard_gate_override": "forbidden",
              "governance_authority": "none",
              "runtime_execution_authority": "none"
            }
          },
          "ctr_advisory": {
            "schema_version": "v7.ctr.candidate-advisory.v1",
            "available": false,
            "state": "UNKNOWN",
            "reason": "channel_trust_recovery_missing",
            "recovery_state": "UNKNOWN",
            "recovery_path": "collect_channel_trust_recovery_snapshot",
            "confidence": 0.0,
            "trust_score": 0.0,
            "current_service_score": 0.0,
            "soft_adjustment": 0.0,
            "advisory_score": 0.0,
            "recommended_action": "observe",
            "blocked_actions": [
              "direct_user_switch",
              "governance_bypass"
            ],
            "planner_score_applied": false,
            "hard_gate_applied": false,
            "target_suppression_applied": false,
            "authority": {
              "planner_decision_owner": "tools/v7-users-autoswitch",
              "governance_authority": "none",
              "runtime_execution_authority": "none",
              "selected_moves_write_authority": "none"
            }
          },
          "ctr_score_simulation": {
            "schema_version": "v7.ctr.dry-run-score-simulation.v1",
            "mode": "dry_run_simulation_only",
            "existing_score": 2060.796,
            "ctr_soft_adjustment": 0.0,
            "simulated_score": 2060.796,
            "score_delta": 0.0,
            "old_position": 4,
            "new_position": 4,
            "ranking_delta": 0,
            "ctr_state": "UNKNOWN",
            "reason": "ctr_state_unknown_soft_adjustment_simulated",
            "why_changed": "channel_trust_recovery_missing",
            "service_impact": {
              "aggregate_score": 100.0,
              "required_missing": [],
              "required_low": [],
              "ctr_current_service_score": 0.0
            },
            "capacity_impact": {
              "capacity_score": 21.429,
              "load_penalty": 0.0,
              "projected_load": {
                "users": 11,
                "soft_limit": 11,
                "hard_limit": 14,
                "status": "SOFT_FULL"
              },
              "capacity_decision": "soft_capacity_full",
              "distribution_reason": "capacity_breaks_ties_only_after_service_suitability"
            },
            "trust_impact": {
              "trust_score": 0.0,
              "advisory_score": 0.0,
              "confidence": 0.0
            },
            "recovery_impact": {
              "recovery_state": "UNKNOWN",
              "recovery_path": "collect_channel_trust_recovery_snapshot",
              "recommended_action": "observe",
              "blocked_actions": [
                "direct_user_switch",
                "governance_bypass"
              ]
            },
            "planner_score_applied": false,
            "planner_ranking_changed": false,
            "selected_moves_changed": false,
            "runtime_behavior_changed": false,
            "simulation_authority": "none"
          },
          "best_available_pool": false,
          "pool_rank": 0,
          "pool_reason": "",
          "pool_cutoff_reason": "outside_best_available_pool_top_n",
          "avg_mbps": 60.0,
          "min_mbps": 40.0,
          "stability": 0.8,
          "users": 11,
          "capacity_users": 0,
          "load": {
            "users": 11,
            "soft_limit": 11,
            "hard_limit": 14,
            "failover_hard_limit": 18,
            "capacity_users": 0,
            "status": "SOFT_FULL"
          },
          "quality_history": {
            "windows": {
              "1h": {
                "avg_mbps": 60,
                "min_mbps": 40,
                "stability": 0.8,
                "fail_rate": 0.0
              }
            },
            "score": {
              "current": 100,
              "trend": "stable",
              "penalty": 0
            }
          },
          "safety": {},
          "telegram": {
            "required": true,
            "status": "OK",
            "ok": true,
            "hard_blocked": false,
            "degraded": false,
            "bad_now": false,
            "bad_for_seconds": 0.0,
            "score": 100.0,
            "reason": "telegram tcp endpoints reachable",
            "source": "matrix"
          },
          "role": "GLOBAL_FAST",
          "canary_reserved": false,
          "groups": [],
          "exclusive_group": ""
        },
        {
          "egress": "1",
          "eligible": false,
          "score": 0.0,
          "blocked": [
            "telegram_required_down"
          ],
          "reasons": [
            "service_youtube_ok",
            "service_instagram_ok",
            "service_google_ok",
            "service_google_auth_truth_stale",
            "route_class_VIDEO_OPTIMIZED_ok"
          ],
          "score_parts": {},
          "severity_classification": {
            "severity": "OK",
            "category": "normal",
            "hard_block": false,
            "reason": ""
          },
          "service_suitability": {
            "schema_version": 1,
            "route_class": "VIDEO_OPTIMIZED",
            "aggregate_score": 60.399,
            "confidence": 0.56,
            "per_service": {
              "youtube": {
                "service": "youtube",
                "score": 100.0,
                "confidence": 0.7,
                "status": "OK",
                "available": true,
                "required": false,
                "profile_relevant": true,
                "truth_class": "HEALTHY",
                "planner_decision": "service_truth_accepted",
                "eligibility_behavior": "allow",
                "runtime_behavior": "use_existing_truth",
                "blocked_action": "",
                "evidence": "fresh_ok_or_degraded_truth",
                "freshness": {
                  "state": "UNKNOWN",
                  "age_seconds": null,
                  "runtime_behavior": "fail_closed_if_required"
                },
                "revalidation": {
                  "mode": "not_run",
                  "reason": "healthy_services_are_not_scanned",
                  "budget_seconds": 5,
                  "target_egress_only": true,
                  "existing_command": []
                },
                "latency_sec": 0.068,
                "failure_count": 0,
                "reason": "reachable",
                "profile": {
                  "availability": "page/API reachability",
                  "latency": "first_byte_sec or total_sec",
                  "content": "video/CDN score when available",
                  "error_rate": "failure samples",
                  "stability": "recent matrix status"
                }
              },
              "instagram": {
                "service": "instagram",
                "score": 100.0,
                "confidence": 0.7,
                "status": "OK",
                "available": true,
                "required": false,
                "profile_relevant": true,
                "truth_class": "HEALTHY",
                "planner_decision": "service_truth_accepted",
                "eligibility_behavior": "allow",
                "runtime_behavior": "use_existing_truth",
                "blocked_action": "",
                "evidence": "fresh_ok_or_degraded_truth",
                "freshness": {
                  "state": "UNKNOWN",
                  "age_seconds": null,
                  "runtime_behavior": "fail_closed_if_required"
                },
                "revalidation": {
                  "mode": "not_run",
                  "reason": "healthy_services_are_not_scanned",
                  "budget_seconds": 5,
                  "target_egress_only": true,
                  "existing_command": []
                },
                "latency_sec": 0.387,
                "failure_count": 0,
                "reason": "reachable",
                "profile": {
                  "availability": "feed/media endpoint reachability",
                  "latency": "first_byte_sec or total_sec",
                  "content": "image/video score when available",
                  "error_rate": "failure samples",
                  "stability": "recent matrix status"
                }
              },
              "telegram": {
                "service": "telegram",
                "score": 1.995,
                "confidence": 0.7,
                "status": "FAIL",
                "available": false,
                "required": false,
                "profile_relevant": true,
                "truth_class": "TRANSIENT_FAIL",
                "planner_decision": "degrade_and_require_bounded_revalidation",
                "eligibility_behavior": "penalty_only_until_persistent",
                "runtime_behavior": "bounded_revalidation_before_promotion",
                "blocked_action": "",
                "evidence": "failure_samples_1",
                "critical_unknown_truth": false,
                "freshness": {
                  "state": "UNKNOWN",
                  "age_seconds": null,
                  "runtime_behavior": "fail_closed_if_required"
                },
                "revalidation": {
                  "mode": "bounded_required",
                  "reason": "transient_failure_needs_targeted_recheck",
                  "budget_seconds": 5,
                  "target_egress_only": true,
                  "profile_relevant_only": true,
                  "existing_command": [
                    "tools/v7-service-matrix-test",
                    "1",
                    "telegram",
                    "--timeout",
                    "5",
                    "--state-dir",
                    "/Users/ponch/Documents/New project/docs/reports/engineering/live_openvpn_trace_2026-06-30/fixture/state"
                  ],
                  "existing_truth_writer": "tools/v7-service-matrix-test",
                  "truth_source": "service-matrix.json",
                  "scope": {
                    "egress": "1",
                    "service": "telegram",
                    "full_matrix_refresh": false,
                    "healthy_services_scanned": false,
                    "history_scan": false
                  }
                },
                "latency_sec": 3.002,
                "failure_count": 1,
                "reason": "curl: (28) Connection timed out after 3002 milliseconds",
                "profile": {
                  "availability": "telegram status and matrix ok",
                  "latency": "first_byte_sec or total_sec when available",
                  "content": "score/media checks when available",
                  "error_rate": "failure samples and service matrix ok",
                  "stability": "recent matrix/sentinel status"
                }
              },
              "google": {
                "service": "google",
                "score": 100.0,
                "confidence": 0.7,
                "status": "OK",
                "available": true,
                "required": false,
                "profile_relevant": true,
                "truth_class": "HEALTHY",
                "planner_decision": "service_truth_accepted",
                "eligibility_behavior": "allow",
                "runtime_behavior": "use_existing_truth",
                "blocked_action": "",
                "evidence": "fresh_ok_or_degraded_truth",
                "freshness": {
                  "state": "UNKNOWN",
                  "age_seconds": null,
                  "runtime_behavior": "fail_closed_if_required"
                },
                "revalidation": {
                  "mode": "not_run",
                  "reason": "healthy_services_are_not_scanned",
                  "budget_seconds": 5,
                  "target_egress_only": true,
                  "existing_command": []
                },
                "latency_sec": 0.069,
                "failure_count": 0,
                "reason": "reachable",
                "profile": {}
              },
              "google_auth": {
                "service": "google_auth",
                "score": 0.0,
                "confidence": 0.0,
                "status": "UNKNOWN",
                "available": false,
                "required": false,
                "profile_relevant": true,
                "truth_class": "STALE_SERVICE_TRUTH",
                "planner_decision": "unknown_service_truth",
                "eligibility_behavior": "block_if_required",
                "runtime_behavior": "fail_closed_if_required",
                "blocked_action": "",
                "evidence": "service_evidence_missing",
                "freshness": {
                  "state": "UNKNOWN",
                  "age_seconds": null,
                  "runtime_behavior": "fail_closed_if_required"
                },
                "revalidation": {
                  "mode": "not_run",
                  "reason": "no_existing_row_to_revalidate_inside_planner_loop",
                  "budget_seconds": 5,
                  "target_egress_only": true,
                  "existing_command": [
                    "tools/v7-service-matrix-test",
                    "1",
                    "google_auth",
                    "--timeout",
                    "5",
                    "--state-dir",
                    "/Users/ponch/Documents/New project/docs/reports/engineering/live_openvpn_trace_2026-06-30/fixture/state"
                  ],
                  "existing_truth_writer": "tools/v7-service-matrix-test",
                  "truth_source": "service-matrix.json",
                  "scope": {
                    "egress": "1",
                    "service": "google_auth",
                    "full_matrix_refresh": false,
                    "healthy_services_scanned": false,
                    "history_scan": false
                  }
                },
                "reason": "service_evidence_missing",
                "profile": {}
              }
            },
            "ignored_failures": [
              {
                "service": "whatsapp",
                "score": 1.992,
                "confidence": 0.7,
                "status": "FAIL",
                "available": false,
                "required": false,
                "profile_relevant": false,
                "truth_class": "PROFILE_IRRELEVANT_FAIL",
                "planner_decision": "ignore_for_current_profile",
                "eligibility_behavior": "no_block",
                "runtime_behavior": "visible_ignored_failure",
                "blocked_action": "",
                "evidence": "service_not_requested_by_user_or_route_profile",
                "freshness": {
                  "state": "UNKNOWN",
                  "age_seconds": null,
                  "runtime_behavior": "fail_closed_if_required"
                },
                "revalidation": {
                  "mode": "not_run",
                  "reason": "profile_irrelevant",
                  "budget_seconds": 5,
                  "target_egress_only": true,
                  "existing_command": []
                },
                "latency_sec": 3.003,
                "failure_count": 1,
                "reason": "curl: (28) Connection timed out after 3002 milliseconds",
                "profile": {}
              }
            ],
            "required_missing": [],
            "required_low": [],
            "route_class_fitness": "OK",
            "semantics": "service suitability 0-100; not generic Mbps"
          },
          "quality_decision": {
            "min_avg_mbps": 15.0,
            "min_floor_mbps": 10.0,
            "min_stability": 0.45,
            "hist_1h_avg_mbps": 60.0,
            "hist_1h_min_mbps": 40.0,
            "hist_1h_stability": 0.8,
            "evidence_backed_exception": false,
            "service_aggregate_score": 60.399
          },
          "capacity_decision": {
            "capacity_score": 100.0,
            "load_penalty": 0.0,
            "projected_load": {
              "users": 0,
              "soft_limit": 11,
              "hard_limit": 14,
              "status": "OK"
            },
            "capacity_decision": "empty_capacity_available",
            "distribution_reason": "capacity_breaks_ties_only_after_service_suitability"
          },
          "routing_intelligence": {
            "schema_version": "ri3.candidate-advisory-score.v1",
            "target": "1",
            "score_part": 0.0,
            "advisory_score": 0.0,
            "recommendation": "neutral",
            "planner_influence_active": false,
            "explainability": [
              "routing_intelligence_candidate_score_missing"
            ],
            "authority": {
              "routing_intelligence": "advice_only",
              "candidate_creation": "forbidden",
              "hard_gate_override": "forbidden",
              "governance_authority": "none",
              "runtime_execution_authority": "none"
            }
          },
          "ctr_advisory": {
            "schema_version": "v7.ctr.candidate-advisory.v1",
            "available": false,
            "state": "UNKNOWN",
            "reason": "channel_trust_recovery_missing",
            "recovery_state": "UNKNOWN",
            "recovery_path": "collect_channel_trust_recovery_snapshot",
            "confidence": 0.0,
            "trust_score": 0.0,
            "current_service_score": 0.0,
            "soft_adjustment": 0.0,
            "advisory_score": 0.0,
            "recommended_action": "observe",
            "blocked_actions": [
              "direct_user_switch",
              "governance_bypass"
            ],
            "planner_score_applied": false,
            "hard_gate_applied": false,
            "target_suppression_applied": false,
            "authority": {
              "planner_decision_owner": "tools/v7-users-autoswitch",
              "governance_authority": "none",
              "runtime_execution_authority": "none",
              "selected_moves_write_authority": "none"
            }
          },
          "ctr_score_simulation": {
            "schema_version": "v7.ctr.dry-run-score-simulation.v1",
            "mode": "dry_run_simulation_only",
            "existing_score": 0.0,
            "ctr_soft_adjustment": 0.0,
            "simulated_score": 0.0,
            "score_delta": 0.0,
            "old_position": 5,
            "new_position": 5,
            "ranking_delta": 0,
            "ctr_state": "UNKNOWN",
            "reason": "ctr_state_unknown_soft_adjustment_simulated",
            "why_changed": "channel_trust_recovery_missing",
            "service_impact": {
              "aggregate_score": 60.399,
              "required_missing": [],
              "required_low": [],
              "ctr_current_service_score": 0.0
            },
            "capacity_impact": {
              "capacity_score": 100.0,
              "load_penalty": 0.0,
              "projected_load": {
                "users": 0,
                "soft_limit": 11,
                "hard_limit": 14,
                "status": "OK"
              },
              "capacity_decision": "empty_capacity_available",
              "distribution_reason": "capacity_breaks_ties_only_after_service_suitability"
            },
            "trust_impact": {
              "trust_score": 0.0,
              "advisory_score": 0.0,
              "confidence": 0.0
            },
            "recovery_impact": {
              "recovery_state": "UNKNOWN",
              "recovery_path": "collect_channel_trust_recovery_snapshot",
              "recommended_action": "observe",
              "blocked_actions": [
                "direct_user_switch",
                "governance_bypass"
              ]
            },
            "planner_score_applied": false,
            "planner_ranking_changed": false,
            "selected_moves_changed": false,
            "runtime_behavior_changed": false,
            "simulation_authority": "none"
          },
          "best_available_pool": false,
          "pool_rank": 0,
          "pool_reason": "",
          "pool_cutoff_reason": "",
          "avg_mbps": 60.0,
          "min_mbps": 40.0,
          "stability": 0.8,
          "users": 0,
          "capacity_users": 0,
          "load": {
            "users": 0,
            "soft_limit": 11,
            "hard_limit": 14,
            "failover_hard_limit": 18,
            "capacity_users": 0,
            "status": "OK"
          },
          "quality_history": {
            "windows": {
              "1h": {
                "avg_mbps": 60,
                "min_mbps": 40,
                "stability": 0.8,
                "fail_rate": 0.0
              }
            },
            "score": {
              "current": 100,
              "trend": "stable",
              "penalty": 0
            }
          },
          "safety": {},
          "telegram": {
            "required": true,
            "status": "DOWN",
            "ok": false,
            "hard_blocked": true,
            "degraded": false,
            "bad_now": false,
            "bad_for_seconds": 0.0,
            "score": 0.0,
            "reason": "curl: (28) Connection timed out after 3002 milliseconds",
            "source": "matrix"
          },
          "role": "GLOBAL_FAST",
          "canary_reserved": false,
          "groups": [],
          "exclusive_group": ""
        },
        {
          "egress": "amneziawg-exec-20260528-10-8-1-14",
          "eligible": false,
          "score": 0.0,
          "blocked": [
            "manual_only",
            "reserve_only",
            "canary_reserved_production_assignment_blocked"
          ],
          "reasons": [
            "service_youtube_ok",
            "service_instagram_ok",
            "service_telegram_ok",
            "service_google_ok",
            "service_google_auth_ok",
            "route_class_VIDEO_OPTIMIZED_ok"
          ],
          "score_parts": {},
          "severity_classification": {
            "severity": "OK",
            "category": "normal",
            "hard_block": false,
            "reason": ""
          },
          "service_suitability": {
            "schema_version": 1,
            "route_class": "VIDEO_OPTIMIZED",
            "aggregate_score": 100.0,
            "confidence": 0.84,
            "per_service": {
              "youtube": {
                "service": "youtube",
                "score": 100.0,
                "confidence": 0.8,
                "status": "OK",
                "available": true,
                "required": false,
                "profile_relevant": true,
                "truth_class": "HEALTHY",
                "planner_decision": "service_truth_accepted",
                "eligibility_behavior": "allow",
                "runtime_behavior": "use_existing_truth",
                "blocked_action": "",
                "evidence": "fresh_ok_or_degraded_truth",
                "freshness": {
                  "state": "AGING",
                  "age_seconds": 3162.385,
                  "runtime_behavior": "degrade_confidence"
                },
                "revalidation": {
                  "mode": "not_run",
                  "reason": "healthy_services_are_not_scanned",
                  "budget_seconds": 5,
                  "target_egress_only": true,
                  "existing_command": []
                },
                "latency_sec": 0.296122,
                "failure_count": 0,
                "reason": "",
                "profile": {
                  "availability": "page/API reachability",
                  "latency": "first_byte_sec or total_sec",
                  "content": "video/CDN score when available",
                  "error_rate": "failure samples",
                  "stability": "recent matrix status"
                }
              },
              "instagram": {
                "service": "instagram",
                "score": 100.0,
                "confidence": 0.8,
                "status": "OK",
                "available": true,
                "required": false,
                "profile_relevant": true,
                "truth_class": "HEALTHY",
                "planner_decision": "service_truth_accepted",
                "eligibility_behavior": "allow",
                "runtime_behavior": "use_existing_truth",
                "blocked_action": "",
                "evidence": "fresh_ok_or_degraded_truth",
                "freshness": {
                  "state": "AGING",
                  "age_seconds": 3161.631,
                  "runtime_behavior": "degrade_confidence"
                },
                "revalidation": {
                  "mode": "not_run",
                  "reason": "healthy_services_are_not_scanned",
                  "budget_seconds": 5,
                  "target_egress_only": true,
                  "existing_command": []
                },
                "latency_sec": 0.45147,
                "failure_count": 0,
                "reason": "",
                "profile": {
                  "availability": "feed/media endpoint reachability",
                  "latency": "first_byte_sec or total_sec",
                  "content": "image/video score when available",
                  "error_rate": "failure samples",
                  "stability": "recent matrix status"
                }
              },
              "telegram": {
                "service": "telegram",
                "score": 100.0,
                "confidence": 1.0,
                "status": "OK",
                "available": true,
                "required": false,
                "profile_relevant": true,
                "truth_class": "HEALTHY",
                "planner_decision": "service_truth_accepted",
                "eligibility_behavior": "allow",
                "runtime_behavior": "use_existing_truth",
                "blocked_action": "",
                "evidence": "fresh_ok_or_degraded_truth",
                "freshness": {
                  "state": "AGING",
                  "age_seconds": 2345.24,
                  "runtime_behavior": "degrade_confidence"
                },
                "revalidation": {
                  "mode": "not_run",
                  "reason": "healthy_services_are_not_scanned",
                  "budget_seconds": 5,
                  "target_egress_only": true,
                  "existing_command": []
                },
                "latency_sec": 0.07,
                "failure_count": 0,
                "reason": "telegram tcp endpoints reachable",
                "profile": {
                  "availability": "telegram status and matrix ok",
                  "latency": "first_byte_sec or total_sec when available",
                  "content": "score/media checks when available",
                  "error_rate": "failure samples and service matrix ok",
                  "stability": "recent matrix/sentinel status"
                }
              },
              "google": {
                "service": "google",
                "score": 100.0,
                "confidence": 0.8,
                "status": "OK",
                "available": true,
                "required": false,
                "profile_relevant": true,
                "truth_class": "HEALTHY",
                "planner_decision": "service_truth_accepted",
                "eligibility_behavior": "allow",
                "runtime_behavior": "use_existing_truth",
                "blocked_action": "",
                "evidence": "fresh_ok_or_degraded_truth",
                "freshness": {
                  "state": "AGING",
                  "age_seconds": 3162.407,
                  "runtime_behavior": "degrade_confidence"
                },
                "revalidation": {
                  "mode": "not_run",
                  "reason": "healthy_services_are_not_scanned",
                  "budget_seconds": 5,
                  "target_egress_only": true,
                  "existing_command": []
                },
                "latency_sec": 0.254883,
                "failure_count": 0,
                "reason": "",
                "profile": {}
              },
              "google_auth": {
                "service": "google_auth",
                "score": 100.0,
                "confidence": 0.8,
                "status": "OK",
                "available": true,
                "required": false,
                "profile_relevant": true,
                "truth_class": "HEALTHY",
                "planner_decision": "service_truth_accepted",
                "eligibility_behavior": "allow",
                "runtime_behavior": "use_existing_truth",
                "blocked_action": "",
                "evidence": "fresh_ok_or_degraded_truth",
                "freshness": {
                  "state": "AGING",
                  "age_seconds": 3161.483,
                  "runtime_behavior": "degrade_confidence"
                },
                "revalidation": {
                  "mode": "not_run",
                  "reason": "healthy_services_are_not_scanned",
                  "budget_seconds": 5,
                  "target_egress_only": true,
                  "existing_command": []
                },
                "latency_sec": 0.610259,
                "failure_count": 0,
                "reason": "",
                "profile": {}
              }
            },
            "ignored_failures": [
              {
                "service": "anthropic",
                "score": 12.0,
                "confidence": 0.8,
                "status": "FAIL",
                "available": false,
                "required": false,
                "profile_relevant": false,
                "truth_class": "PROFILE_IRRELEVANT_FAIL",
                "planner_decision": "ignore_for_current_profile",
                "eligibility_behavior": "no_block",
                "runtime_behavior": "visible_ignored_failure",
                "blocked_action": "",
                "evidence": "service_not_requested_by_user_or_route_profile",
                "freshness": {
                  "state": "AGING",
                  "age_seconds": 3161.423,
                  "runtime_behavior": "degrade_confidence"
                },
                "revalidation": {
                  "mode": "not_run",
                  "reason": "profile_irrelevant",
                  "budget_seconds": 5,
                  "target_egress_only": true,
                  "existing_command": []
                },
                "latency_sec": 0.290327,
                "failure_count": 1,
                "reason": "curl: (22) The requested URL returned error: 404\n404 0.290327 0.290414",
                "profile": {}
              }
            ],
            "required_missing": [],
            "required_low": [],
            "route_class_fitness": "OK",
            "semantics": "service suitability 0-100; not generic Mbps"
          },
          "quality_decision": {
            "min_avg_mbps": 15.0,
            "min_floor_mbps": 10.0,
            "min_stability": 0.45,
            "hist_1h_avg_mbps": 60.0,
            "hist_1h_min_mbps": 40.0,
            "hist_1h_stability": 0.8,
            "evidence_backed_exception": false,
            "service_aggregate_score": 100.0
          },
          "capacity_decision": {
            "capacity_score": 100.0,
            "load_penalty": 0.0,
            "projected_load": {
              "users": 0,
              "soft_limit": 11,
              "hard_limit": 14,
              "status": "OK"
            },
            "capacity_decision": "empty_capacity_available",
            "distribution_reason": "capacity_breaks_ties_only_after_service_suitability"
          },
          "routing_intelligence": {
            "schema_version": "ri3.candidate-advisory-score.v1",
            "target": "amneziawg-exec-20260528-10-8-1-14",
            "score_part": 0.0,
            "advisory_score": 0.0,
            "recommendation": "neutral",
            "planner_influence_active": false,
            "explainability": [
              "routing_intelligence_candidate_score_missing"
            ],
            "authority": {
              "routing_intelligence": "advice_only",
              "candidate_creation": "forbidden",
              "hard_gate_override": "forbidden",
              "governance_authority": "none",
              "runtime_execution_authority": "none"
            }
          },
          "ctr_advisory": {
            "schema_version": "v7.ctr.candidate-advisory.v1",
            "available": false,
            "state": "UNKNOWN",
            "reason": "channel_trust_recovery_missing",
            "recovery_state": "UNKNOWN",
            "recovery_path": "collect_channel_trust_recovery_snapshot",
            "confidence": 0.0,
            "trust_score": 0.0,
            "current_service_score": 0.0,
            "soft_adjustment": 0.0,
            "advisory_score": 0.0,
            "recommended_action": "observe",
            "blocked_actions": [
              "direct_user_switch",
              "governance_bypass"
            ],
            "planner_score_applied": false,
            "hard_gate_applied": false,
            "target_suppression_applied": false,
            "authority": {
              "planner_decision_owner": "tools/v7-users-autoswitch",
              "governance_authority": "none",
              "runtime_execution_authority": "none",
              "selected_moves_write_authority": "none"
            }
          },
          "ctr_score_simulation": {
            "schema_version": "v7.ctr.dry-run-score-simulation.v1",
            "mode": "dry_run_simulation_only",
            "existing_score": 0.0,
            "ctr_soft_adjustment": 0.0,
            "simulated_score": 0.0,
            "score_delta": 0.0,
            "old_position": 6,
            "new_position": 6,
            "ranking_delta": 0,
            "ctr_state": "UNKNOWN",
            "reason": "ctr_state_unknown_soft_adjustment_simulated",
            "why_changed": "channel_trust_recovery_missing",
            "service_impact": {
              "aggregate_score": 100.0,
              "required_missing": [],
              "required_low": [],
              "ctr_current_service_score": 0.0
            },
            "capacity_impact": {
              "capacity_score": 100.0,
              "load_penalty": 0.0,
              "projected_load": {
                "users": 0,
                "soft_limit": 11,
                "hard_limit": 14,
                "status": "OK"
              },
              "capacity_decision": "empty_capacity_available",
              "distribution_reason": "capacity_breaks_ties_only_after_service_suitability"
            },
            "trust_impact": {
              "trust_score": 0.0,
              "advisory_score": 0.0,
              "confidence": 0.0
            },
            "recovery_impact": {
              "recovery_state": "UNKNOWN",
              "recovery_path": "collect_channel_trust_recovery_snapshot",
              "recommended_action": "observe",
              "blocked_actions": [
                "direct_user_switch",
                "governance_bypass"
              ]
            },
            "planner_score_applied": false,
            "planner_ranking_changed": false,
            "selected_moves_changed": false,
            "runtime_behavior_changed": false,
            "simulation_authority": "none"
          },
          "best_available_pool": false,
          "pool_rank": 0,
          "pool_reason": "",
          "pool_cutoff_reason": "",
          "avg_mbps": 60.0,
          "min_mbps": 40.0,
          "stability": 0.8,
          "users": 0,
          "capacity_users": 0,
          "load": {
            "users": 0,
            "soft_limit": 11,
            "hard_limit": 14,
            "failover_hard_limit": 18,
            "capacity_users": 0,
            "status": "OK"
          },
          "quality_history": {
            "windows": {
              "1h": {
                "avg_mbps": 60,
                "min_mbps": 40,
                "stability": 0.8,
                "fail_rate": 0.0
              }
            },
            "score": {
              "current": 100,
              "trend": "stable",
              "penalty": 0
            }
          },
          "safety": {},
          "telegram": {
            "required": true,
            "status": "OK",
            "ok": true,
            "hard_blocked": false,
            "degraded": false,
            "bad_now": false,
            "bad_for_seconds": 0.0,
            "score": 100.0,
            "reason": "telegram tcp endpoints reachable",
            "source": "matrix"
          },
          "role": "EXECUTION_ONLY",
          "canary_reserved": true,
          "groups": [],
          "exclusive_group": ""
        },
        {
          "egress": "openvpn-1779388847-d2ad7c",
          "eligible": false,
          "score": 0.0,
          "blocked": [
            "telegram_required_telegram_down_14s",
            "planned_hard_full"
          ],
          "reasons": [
            "service_signal_TRANSIENT_REVALIDATION_REQUIRED",
            "service_multiple_transient_failed_degraded",
            "service_youtube_transient_fail",
            "service_youtube_degraded",
            "service_youtube_failed_samples_1",
            "service_instagram_transient_fail",
            "service_instagram_degraded",
            "service_instagram_failed_samples_1",
            "service_google_transient_fail",
            "service_google_degraded",
            "service_google_failed_samples_1",
            "service_google_auth_transient_fail",
            "service_google_auth_degraded",
            "service_google_auth_failed_samples_1",
            "service_signal_DEGRADED_SERVICE",
            "route_class_VIDEO_OPTIMIZED_failed_nonpersistent_service_truth",
            "service_signal_ROUTE_FAIL_REVALIDATION_REQUIRED"
          ],
          "score_parts": {},
          "severity_classification": {
            "severity": "OK",
            "category": "normal",
            "hard_block": false,
            "reason": ""
          },
          "service_suitability": {
            "schema_version": 1,
            "route_class": "VIDEO_OPTIMIZED",
            "aggregate_score": 2.788,
            "confidence": 0.72,
            "per_service": {
              "youtube": {
                "service": "youtube",
                "score": 0.0,
                "confidence": 0.65,
                "status": "FAIL",
                "available": false,
                "required": false,
                "profile_relevant": true,
                "truth_class": "TRANSIENT_FAIL",
                "planner_decision": "degrade_and_require_bounded_revalidation",
                "eligibility_behavior": "penalty_only_until_persistent",
                "runtime_behavior": "bounded_revalidation_before_promotion",
                "blocked_action": "",
                "evidence": "failure_samples_1",
                "critical_unknown_truth": false,
                "freshness": {
                  "state": "AGING",
                  "age_seconds": 3175.201,
                  "runtime_behavior": "degrade_confidence"
                },
                "revalidation": {
                  "mode": "bounded_required",
                  "reason": "transient_failure_needs_targeted_recheck",
                  "budget_seconds": 5,
                  "target_egress_only": true,
                  "profile_relevant_only": true,
                  "existing_command": [
                    "tools/v7-service-matrix-test",
                    "openvpn-1779388847-d2ad7c",
                    "youtube",
                    "--timeout",
                    "5",
                    "--state-dir",
                    "/Users/ponch/Documents/New project/docs/reports/engineering/live_openvpn_trace_2026-06-30/fixture/state"
                  ],
                  "existing_truth_writer": "tools/v7-service-matrix-test",
                  "truth_source": "service-matrix.json",
                  "scope": {
                    "egress": "openvpn-1779388847-d2ad7c",
                    "service": "youtube",
                    "full_matrix_refresh": false,
                    "healthy_services_scanned": false,
                    "history_scan": false
                  }
                },
                "latency_sec": 0.0,
                "failure_count": 1,
                "reason": "curl: (28) Connection timed out after 8010 milliseconds\n000 0.000000 8.010033",
                "profile": {
                  "availability": "page/API reachability",
                  "latency": "first_byte_sec or total_sec",
                  "content": "video/CDN score when available",
                  "error_rate": "failure samples",
                  "stability": "recent matrix status"
                }
              },
              "instagram": {
                "service": "instagram",
                "score": 0.0,
                "confidence": 0.65,
                "status": "FAIL",
                "available": false,
                "required": false,
                "profile_relevant": true,
                "truth_class": "TRANSIENT_FAIL",
                "planner_decision": "degrade_and_require_bounded_revalidation",
                "eligibility_behavior": "penalty_only_until_persistent",
                "runtime_behavior": "bounded_revalidation_before_promotion",
                "blocked_action": "",
                "evidence": "failure_samples_1",
                "critical_unknown_truth": false,
                "freshness": {
                  "state": "AGING",
                  "age_seconds": 3175.202,
                  "runtime_behavior": "degrade_confidence"
                },
                "revalidation": {
                  "mode": "bounded_required",
                  "reason": "transient_failure_needs_targeted_recheck",
                  "budget_seconds": 5,
                  "target_egress_only": true,
                  "profile_relevant_only": true,
                  "existing_command": [
                    "tools/v7-service-matrix-test",
                    "openvpn-1779388847-d2ad7c",
                    "instagram",
                    "--timeout",
                    "5",
                    "--state-dir",
                    "/Users/ponch/Documents/New project/docs/reports/engineering/live_openvpn_trace_2026-06-30/fixture/state"
                  ],
                  "existing_truth_writer": "tools/v7-service-matrix-test",
                  "truth_source": "service-matrix.json",
                  "scope": {
                    "egress": "openvpn-1779388847-d2ad7c",
                    "service": "instagram",
                    "full_matrix_refresh": false,
                    "healthy_services_scanned": false,
                    "history_scan": false
                  }
                },
                "latency_sec": 0.0,
                "failure_count": 1,
                "reason": "curl: (28) Connection timed out after 8009 milliseconds\n000 0.000000 8.009245",
                "profile": {
                  "availability": "feed/media endpoint reachability",
                  "latency": "first_byte_sec or total_sec",
                  "content": "image/video score when available",
                  "error_rate": "failure samples",
                  "stability": "recent matrix status"
                }
              },
              "telegram": {
                "service": "telegram",
                "score": 13.94,
                "confidence": 1.0,
                "status": "TELEGRAM_DOWN_14S",
                "available": false,
                "required": false,
                "profile_relevant": true,
                "truth_class": "PERSISTENT_FAIL",
                "planner_decision": "block_persistent_fail",
                "eligibility_behavior": "block",
                "runtime_behavior": "fail_closed",
                "blocked_action": "service_telegram_persistent_failed",
                "evidence": "failure_samples_1",
                "critical_unknown_truth": false,
                "freshness": {
                  "state": "AGING",
                  "age_seconds": 2345.25,
                  "runtime_behavior": "degrade_confidence"
                },
                "revalidation": {
                  "mode": "bounded_required",
                  "reason": "persistent_failure_already_blocking",
                  "budget_seconds": 5,
                  "target_egress_only": true,
                  "profile_relevant_only": true,
                  "existing_command": [
                    "tools/v7-service-matrix-test",
                    "openvpn-1779388847-d2ad7c",
                    "telegram",
                    "--timeout",
                    "5",
                    "--state-dir",
                    "/Users/ponch/Documents/New project/docs/reports/engineering/live_openvpn_trace_2026-06-30/fixture/state"
                  ],
                  "existing_truth_writer": "tools/v7-service-matrix-test",
                  "truth_source": "service-matrix.json",
                  "scope": {
                    "egress": "openvpn-1779388847-d2ad7c",
                    "service": "telegram",
                    "full_matrix_refresh": false,
                    "healthy_services_scanned": false,
                    "history_scan": false
                  }
                },
                "latency_sec": 1.056,
                "failure_count": 1,
                "reason": "api.telegram.org:443=timeout; 149.154.167.50:443=timeout; 149.154.175.50:443=timeout; 91.108.56.177:443=timeout; 194.221.250.50:443=timeout",
                "profile": {
                  "availability": "telegram status and matrix ok",
                  "latency": "first_byte_sec or total_sec when available",
                  "content": "score/media checks when available",
                  "error_rate": "failure samples and service matrix ok",
                  "stability": "recent matrix/sentinel status"
                }
              },
              "google": {
                "service": "google",
                "score": 0.0,
                "confidence": 0.65,
                "status": "FAIL",
                "available": false,
                "required": false,
                "profile_relevant": true,
                "truth_class": "TRANSIENT_FAIL",
                "planner_decision": "degrade_and_require_bounded_revalidation",
                "eligibility_behavior": "penalty_only_until_persistent",
                "runtime_behavior": "bounded_revalidation_before_promotion",
                "blocked_action": "",
                "evidence": "failure_samples_1",
                "critical_unknown_truth": false,
                "freshness": {
                  "state": "AGING",
                  "age_seconds": 3175.218,
                  "runtime_behavior": "degrade_confidence"
                },
                "revalidation": {
                  "mode": "bounded_required",
                  "reason": "transient_failure_needs_targeted_recheck",
                  "budget_seconds": 5,
                  "target_egress_only": true,
                  "profile_relevant_only": true,
                  "existing_command": [
                    "tools/v7-service-matrix-test",
                    "openvpn-1779388847-d2ad7c",
                    "google",
                    "--timeout",
                    "5",
                    "--state-dir",
                    "/Users/ponch/Documents/New project/docs/reports/engineering/live_openvpn_trace_2026-06-30/fixture/state"
                  ],
                  "existing_truth_writer": "tools/v7-service-matrix-test",
                  "truth_source": "service-matrix.json",
                  "scope": {
                    "egress": "openvpn-1779388847-d2ad7c",
                    "service": "google",
                    "full_matrix_refresh": false,
                    "healthy_services_scanned": false,
                    "history_scan": false
                  }
                },
                "latency_sec": 0.0,
                "failure_count": 1,
                "reason": "curl: (28) Connection timed out after 8001 milliseconds\n000 0.000000 8.001568",
                "profile": {}
              },
              "google_auth": {
                "service": "google_auth",
                "score": 0.0,
                "confidence": 0.65,
                "status": "FAIL",
                "available": false,
                "required": false,
                "profile_relevant": true,
                "truth_class": "TRANSIENT_FAIL",
                "planner_decision": "degrade_and_require_bounded_revalidation",
                "eligibility_behavior": "penalty_only_until_persistent",
                "runtime_behavior": "bounded_revalidation_before_promotion",
                "blocked_action": "",
                "evidence": "failure_samples_1",
                "critical_unknown_truth": false,
                "freshness": {
                  "state": "AGING",
                  "age_seconds": 3175.203,
                  "runtime_behavior": "degrade_confidence"
                },
                "revalidation": {
                  "mode": "bounded_required",
                  "reason": "transient_failure_needs_targeted_recheck",
                  "budget_seconds": 5,
                  "target_egress_only": true,
                  "profile_relevant_only": true,
                  "existing_command": [
                    "tools/v7-service-matrix-test",
                    "openvpn-1779388847-d2ad7c",
                    "google_auth",
                    "--timeout",
                    "5",
                    "--state-dir",
                    "/Users/ponch/Documents/New project/docs/reports/engineering/live_openvpn_trace_2026-06-30/fixture/state"
                  ],
                  "existing_truth_writer": "tools/v7-service-matrix-test",
                  "truth_source": "service-matrix.json",
                  "scope": {
                    "egress": "openvpn-1779388847-d2ad7c",
                    "service": "google_auth",
                    "full_matrix_refresh": false,
                    "healthy_services_scanned": false,
                    "history_scan": false
                  }
                },
                "latency_sec": 0.0,
                "failure_count": 1,
                "reason": "curl: (28) Connection timed out after 8007 milliseconds\n000 0.000000 8.007541",
                "profile": {}
              }
            },
            "ignored_failures": [
              {
                "service": "anthropic",
                "score": 0.0,
                "confidence": 0.65,
                "status": "FAIL",
                "available": false,
                "required": false,
                "profile_relevant": false,
                "truth_class": "PROFILE_IRRELEVANT_FAIL",
                "planner_decision": "ignore_for_current_profile",
                "eligibility_behavior": "no_block",
                "runtime_behavior": "visible_ignored_failure",
                "blocked_action": "",
                "evidence": "service_not_requested_by_user_or_route_profile",
                "freshness": {
                  "state": "AGING",
                  "age_seconds": 3167.131,
                  "runtime_behavior": "degrade_confidence"
                },
                "revalidation": {
                  "mode": "not_run",
                  "reason": "profile_irrelevant",
                  "budget_seconds": 5,
                  "target_egress_only": true,
                  "existing_command": []
                },
                "latency_sec": 0.0,
                "failure_count": 1,
                "reason": "curl: (28) Connection timed out after 8008 milliseconds\n000 0.000000 8.008356",
                "profile": {}
              },
              {
                "service": "apple",
                "score": 0.0,
                "confidence": 0.65,
                "status": "FAIL",
                "available": false,
                "required": false,
                "profile_relevant": false,
                "truth_class": "PROFILE_IRRELEVANT_FAIL",
                "planner_decision": "ignore_for_current_profile",
                "eligibility_behavior": "no_block",
                "runtime_behavior": "visible_ignored_failure",
                "blocked_action": "",
                "evidence": "service_not_requested_by_user_or_route_profile",
                "freshness": {
                  "state": "AGING",
                  "age_seconds": 3175.2,
                  "runtime_behavior": "degrade_confidence"
                },
                "revalidation": {
                  "mode": "not_run",
                  "reason": "profile_irrelevant",
                  "budget_seconds": 5,
                  "target_egress_only": true,
                  "existing_command": []
                },
                "latency_sec": 0.0,
                "failure_count": 1,
                "reason": "curl: (28) Connection timed out after 8003 milliseconds\n000 0.000000 8.003718",
                "profile": {}
              },
              {
                "service": "chatgpt",
                "score": 0.0,
                "confidence": 0.65,
                "status": "FAIL",
                "available": false,
                "required": false,
                "profile_relevant": false,
                "truth_class": "PROFILE_IRRELEVANT_FAIL",
                "planner_decision": "ignore_for_current_profile",
                "eligibility_behavior": "no_block",
                "runtime_behavior": "visible_ignored_failure",
                "blocked_action": "",
                "evidence": "service_not_requested_by_user_or_route_profile",
                "freshness": {
                  "state": "AGING",
                  "age_seconds": 3167.125,
                  "runtime_behavior": "degrade_confidence"
                },
                "revalidation": {
                  "mode": "not_run",
                  "reason": "profile_irrelevant",
                  "budget_seconds": 5,
                  "target_egress_only": true,
                  "existing_command": []
                },
                "latency_sec": 0.0,
                "failure_count": 1,
                "reason": "curl: (28) Connection timed out after 8002 milliseconds\n000 0.000000 8.002623",
                "profile": {
                  "availability": "chatgpt.com reachability",
                  "latency": "first_byte_sec or total_sec",
                  "content": "response/stream score when available",
                  "error_rate": "failure samples",
                  "stability": "recent matrix status"
                }
              },
              {
                "service": "claude",
                "score": 0.0,
                "confidence": 0.65,
                "status": "FAIL",
                "available": false,
                "required": false,
                "profile_relevant": false,
                "truth_class": "PROFILE_IRRELEVANT_FAIL",
                "planner_decision": "ignore_for_current_profile",
                "eligibility_behavior": "no_block",
                "runtime_behavior": "visible_ignored_failure",
                "blocked_action": "",
                "evidence": "service_not_requested_by_user_or_route_profile",
                "freshness": {
                  "state": "AGING",
                  "age_seconds": 3167.13,
                  "runtime_behavior": "degrade_confidence"
                },
                "revalidation": {
                  "mode": "not_run",
                  "reason": "profile_irrelevant",
                  "budget_seconds": 5,
                  "target_egress_only": true,
                  "existing_command": []
                },
                "latency_sec": 0.0,
                "failure_count": 1,
                "reason": "curl: (28) Connection timed out after 8006 milliseconds\n000 0.000000 8.006645",
                "profile": {}
              },
              {
                "service": "facebook",
                "score": 0.0,
                "confidence": 0.65,
                "status": "FAIL",
                "available": false,
                "required": false,
                "profile_relevant": false,
                "truth_class": "PROFILE_IRRELEVANT_FAIL",
                "planner_decision": "ignore_for_current_profile",
                "eligibility_behavior": "no_block",
                "runtime_behavior": "visible_ignored_failure",
                "blocked_action": "",
                "evidence": "service_not_requested_by_user_or_route_profile",
                "freshness": {
                  "state": "AGING",
                  "age_seconds": 3175.201,
                  "runtime_behavior": "degrade_confidence"
                },
                "revalidation": {
                  "mode": "not_run",
                  "reason": "profile_irrelevant",
                  "budget_seconds": 5,
                  "target_egress_only": true,
                  "existing_command": []
                },
                "latency_sec": 0.0,
                "failure_count": 1,
                "reason": "curl: (28) Connection timed out after 8007 milliseconds\n000 0.000000 8.007595",
                "profile": {}
              },
              {
                "service": "openai_auth",
                "score": 0.0,
                "confidence": 0.65,
                "status": "FAIL",
                "available": false,
                "required": false,
                "profile_relevant": false,
                "truth_class": "PROFILE_IRRELEVANT_FAIL",
                "planner_decision": "ignore_for_current_profile",
                "eligibility_behavior": "no_block",
                "runtime_behavior": "visible_ignored_failure",
                "blocked_action": "",
                "evidence": "service_not_requested_by_user_or_route_profile",
                "freshness": {
                  "state": "AGING",
                  "age_seconds": 3167.128,
                  "runtime_behavior": "degrade_confidence"
                },
                "revalidation": {
                  "mode": "not_run",
                  "reason": "profile_irrelevant",
                  "budget_seconds": 5,
                  "target_egress_only": true,
                  "existing_command": []
                },
                "latency_sec": 0.0,
                "failure_count": 1,
                "reason": "curl: (28) Connection timed out after 8003 milliseconds\n000 0.000000 8.003248",
                "profile": {}
              },
              {
                "service": "soundcloud",
                "score": 0.0,
                "confidence": 0.65,
                "status": "FAIL",
                "available": false,
                "required": false,
                "profile_relevant": false,
                "truth_class": "PROFILE_IRRELEVANT_FAIL",
                "planner_decision": "ignore_for_current_profile",
                "eligibility_behavior": "no_block",
                "runtime_behavior": "visible_ignored_failure",
                "blocked_action": "",
                "evidence": "service_not_requested_by_user_or_route_profile",
                "freshness": {
                  "state": "AGING",
                  "age_seconds": 3167.145,
                  "runtime_behavior": "degrade_confidence"
                },
                "revalidation": {
                  "mode": "not_run",
                  "reason": "profile_irrelevant",
                  "budget_seconds": 5,
                  "target_egress_only": true,
                  "existing_command": []
                },
                "latency_sec": 0.0,
                "failure_count": 1,
                "reason": "curl: (28) Connection timed out after 8002 milliseconds\n000 0.000000 8.002406",
                "profile": {}
              },
              {
                "service": "spotify",
                "score": 0.0,
                "confidence": 0.65,
                "status": "FAIL",
                "available": false,
                "required": false,
                "profile_relevant": false,
                "truth_class": "PROFILE_IRRELEVANT_FAIL",
                "planner_decision": "ignore_for_current_profile",
                "eligibility_behavior": "no_block",
                "runtime_behavior": "visible_ignored_failure",
                "blocked_action": "",
                "evidence": "service_not_requested_by_user_or_route_profile",
                "freshness": {
                  "state": "AGING",
                  "age_seconds": 3171.202,
                  "runtime_behavior": "degrade_confidence"
                },
                "revalidation": {
                  "mode": "not_run",
                  "reason": "profile_irrelevant",
                  "budget_seconds": 5,
                  "target_egress_only": true,
                  "existing_command": []
                },
                "latency_sec": 0.0,
                "failure_count": 1,
                "reason": "curl: (28) Connection timed out after 8006 milliseconds\n000 0.000000 8.006866",
                "profile": {}
              },
              {
                "service": "whatsapp",
                "score": 0.0,
                "confidence": 0.65,
                "status": "FAIL",
                "available": false,
                "required": false,
                "profile_relevant": false,
                "truth_class": "PROFILE_IRRELEVANT_FAIL",
                "planner_decision": "ignore_for_current_profile",
                "eligibility_behavior": "no_block",
                "runtime_behavior": "visible_ignored_failure",
                "blocked_action": "",
                "evidence": "service_not_requested_by_user_or_route_profile",
                "freshness": {
                  "state": "AGING",
                  "age_seconds": 3175.145,
                  "runtime_behavior": "degrade_confidence"
                },
                "revalidation": {
                  "mode": "not_run",
                  "reason": "profile_irrelevant",
                  "budget_seconds": 5,
                  "target_egress_only": true,
                  "existing_command": []
                },
                "latency_sec": 0.0,
                "failure_count": 1,
                "reason": "curl: (28) Connection timed out after 8012 milliseconds\n000 0.000000 8.012657",
                "profile": {}
              }
            ],
            "required_missing": [],
            "required_low": [],
            "route_class_fitness": "FAIL",
            "semantics": "service suitability 0-100; not generic Mbps"
          },
          "quality_decision": {
            "min_avg_mbps": 15.0,
            "min_floor_mbps": 10.0,
            "min_stability": 0.45,
            "hist_1h_avg_mbps": 60.0,
            "hist_1h_min_mbps": 40.0,
            "hist_1h_stability": 0.8,
            "evidence_backed_exception": false,
            "service_aggregate_score": 2.788
          },
          "capacity_decision": {
            "capacity_score": 0.0,
            "load_penalty": 16.364,
            "projected_load": {
              "users": 14,
              "soft_limit": 11,
              "hard_limit": 14,
              "status": "HARD_FULL"
            },
            "capacity_decision": "hard_capacity_full",
            "distribution_reason": "capacity_breaks_ties_only_after_service_suitability"
          },
          "routing_intelligence": {
            "schema_version": "ri3.candidate-advisory-score.v1",
            "target": "openvpn-1779388847-d2ad7c",
            "score_part": 0.0,
            "advisory_score": 0.0,
            "recommendation": "neutral",
            "planner_influence_active": false,
            "explainability": [
              "routing_intelligence_candidate_score_missing"
            ],
            "authority": {
              "routing_intelligence": "advice_only",
              "candidate_creation": "forbidden",
              "hard_gate_override": "forbidden",
              "governance_authority": "none",
              "runtime_execution_authority": "none"
            }
          },
          "ctr_advisory": {
            "schema_version": "v7.ctr.candidate-advisory.v1",
            "available": false,
            "state": "UNKNOWN",
            "reason": "channel_trust_recovery_missing",
            "recovery_state": "UNKNOWN",
            "recovery_path": "collect_channel_trust_recovery_snapshot",
            "confidence": 0.0,
            "trust_score": 0.0,
            "current_service_score": 0.0,
            "soft_adjustment": 0.0,
            "advisory_score": 0.0,
            "recommended_action": "observe",
            "blocked_actions": [
              "direct_user_switch",
              "governance_bypass"
            ],
            "planner_score_applied": false,
            "hard_gate_applied": false,
            "target_suppression_applied": false,
            "authority": {
              "planner_decision_owner": "tools/v7-users-autoswitch",
              "governance_authority": "none",
              "runtime_execution_authority": "none",
              "selected_moves_write_authority": "none"
            }
          },
          "ctr_score_simulation": {
            "schema_version": "v7.ctr.dry-run-score-simulation.v1",
            "mode": "dry_run_simulation_only",
            "existing_score": 0.0,
            "ctr_soft_adjustment": 0.0,
            "simulated_score": 0.0,
            "score_delta": 0.0,
            "old_position": 7,
            "new_position": 7,
            "ranking_delta": 0,
            "ctr_state": "UNKNOWN",
            "reason": "ctr_state_unknown_soft_adjustment_simulated",
            "why_changed": "channel_trust_recovery_missing",
            "service_impact": {
              "aggregate_score": 2.788,
              "required_missing": [],
              "required_low": [],
              "ctr_current_service_score": 0.0
            },
            "capacity_impact": {
              "capacity_score": 0.0,
              "load_penalty": 16.364,
              "projected_load": {
                "users": 14,
                "soft_limit": 11,
                "hard_limit": 14,
                "status": "HARD_FULL"
              },
              "capacity_decision": "hard_capacity_full",
              "distribution_reason": "capacity_breaks_ties_only_after_service_suitability"
            },
            "trust_impact": {
              "trust_score": 0.0,
              "advisory_score": 0.0,
              "confidence": 0.0
            },
            "recovery_impact": {
              "recovery_state": "UNKNOWN",
              "recovery_path": "collect_channel_trust_recovery_snapshot",
              "recommended_action": "observe",
              "blocked_actions": [
                "direct_user_switch",
                "governance_bypass"
              ]
            },
            "planner_score_applied": false,
            "planner_ranking_changed": false,
            "selected_moves_changed": false,
            "runtime_behavior_changed": false,
            "simulation_authority": "none"
          },
          "best_available_pool": false,
          "pool_rank": 0,
          "pool_reason": "",
          "pool_cutoff_reason": "",
          "avg_mbps": 61.6,
          "min_mbps": 44.14,
          "stability": 0.717,
          "users": 14,
          "capacity_users": 0,
          "load": {
            "users": 14,
            "soft_limit": 11,
            "hard_limit": 14,
            "failover_hard_limit": 18,
            "capacity_users": 0,
            "status": "HARD_FULL"
          },
          "quality_history": {
            "windows": {
              "1h": {
                "avg_mbps": 60,
                "min_mbps": 40,
                "stability": 0.8,
                "fail_rate": 0.0
              }
            },
            "score": {
              "current": 100,
              "trend": "stable",
              "penalty": 0
            }
          },
          "safety": {},
          "telegram": {
            "required": true,
            "status": "TELEGRAM_DOWN_14S",
            "ok": false,
            "hard_blocked": true,
            "degraded": false,
            "bad_now": false,
            "bad_for_seconds": 2345207.1,
            "score": 0.0,
            "reason": "api.telegram.org:443=timeout; 149.154.167.50:443=timeout; 149.154.175.50:443=timeout; 91.108.56.177:443=timeout; 194.221.250.50:443=timeout",
            "source": "matrix"
          },
          "role": "GLOBAL_FAST",
          "canary_reserved": false,
          "groups": [],
          "exclusive_group": ""
        }
      ],
      "explanation": {
        "chosen": "openvpn-1779388847-d2ad7c",
        "action": "keep",
        "move_type": "none",
        "confidence": "medium",
        "why": [
          "load 14/14 status HARD_FULL",
          "speed avg 61.6 Mbps min 44.14 Mbps",
          "stability 0.717",
          "quality trend stable score 100",
          "service_signal_TRANSIENT_REVALIDATION_REQUIRED",
          "service_multiple_transient_failed_degraded",
          "service_youtube_transient_fail",
          "service_youtube_degraded",
          "routing intelligence neutral score_part 0.0 risk 0.0",
          "ctr advisory UNKNOWN action observe soft_adjustment 0.0 score_not_applied",
          "group default allowed",
          "sticky/current route kept"
        ],
        "rejected": [
          {
            "egress": "vless",
            "reason": "score 2170.34 below chosen/current"
          },
          {
            "egress": "awg3",
            "reason": "score 2112.44 below chosen/current"
          },
          {
            "egress": "awg0",
            "reason": "score 2093.79 below chosen/current"
          },
          {
            "egress": "wireguard-1779454504-c43409",
            "reason": "score 2060.8 below chosen/current"
          },
          {
            "egress": "1",
            "reason": "telegram_required_down"
          },
          {
            "egress": "amneziawg-exec-20260528-10-8-1-14",
            "reason": "manual_only, reserve_only, canary_reserved_production_assignment_blocked"
          }
        ],
        "safety": {
          "user": {},
          "frozen": false
        }
      }
    }
  ],
  "selected_moves": [],
  "apply_result": {
    "applied": false,
    "reason": "dry_run"
  },
  "audit": {
    "action": "runtime_operation_terminal",
    "component": "autoswitch",
    "object_type": "runtime_operation",
    "object_id": "runtime_autoswitch_1eb6dee9be194b9cfc03fb7c",
    "result": "DRY_RUN",
    "metadata": {
      "operation_id": "runtime_autoswitch_1eb6dee9be194b9cfc03fb7c",
      "operation_owner": "tools/v7-users-autoswitch",
      "operation_type": "runtime_autoswitch",
      "planner_generation_id": "5ac20d4906a172d0bdb9f8ecd5de019cdc9e054a967439c72730910538b8dc2e",
      "selected_move_hash": "4f53cda18c2baa0c0354bb5f9a3ecbe5ed12ab4d8e11ba873c2f11161202b945",
      "selected_move_count": 0,
      "runtime_snapshot_hash": "e2cd52f59ec3c06ff1d46784188f91bae818ce9b95af870f67e5ffe0dc1c6ffa",
      "terminal_state": "DRY_RUN",
      "terminal_reason": "dry_run_restore_barrier_active",
      "restore_barrier_status": "active",
      "rollback_verdict": "",
      "apply_requested": false,
      "mode": "guarded",
      "target_egress": "amneziawg-exec-20260528-10-8-1-14"
    },
    "emitted": false,
    "status": "ready_not_emitted_dry_run"
  },
  "closure_target": {
    "object_type": "runtime",
    "object_id": "runtime_autoswitch_1eb6dee9be194b9cfc03fb7c",
    "closure_owner": "admin/v7-admin-api",
    "observability_owner": "admin_core/operator_observability.py",
    "closure_state": "OPEN",
    "closure_blocker": "audit_missing"
  }
}
