symbol	file	line	consumer_type	text
candidate_moves_total	admin_core/explainability_adapter.py	323	admin_core_read_model_or_pipeline	"candidate_moves_total": moves,
candidate_moves_total	admin_core/explainability_adapter.py	329	admin_core_read_model_or_pipeline	reason="candidate_moves_total",
decisions	admin_core/intelligence_workers.py	5	admin_core_read_model_or_pipeline	restart services, or integrate with planner decisions.
recommended_egress	admin_core/intelligence_workers.py	336	admin_core_read_model_or_pipeline	"recommended_egress",
terminal_reason	admin_core/intelligence_workers.py	362	admin_core_read_model_or_pipeline	execution.get("terminal_reason"),
terminal_reason	admin_core/intelligence_workers.py	439	admin_core_read_model_or_pipeline	row.get("terminal_reason"),
selected_moves	admin_core/intelligence_workers.py	472	admin_core_read_model_or_pipeline	for key in ("selected_move", "selected_moves"):
selected_moves	admin_core/intelligence_workers.py	479	admin_core_read_model_or_pipeline	for key in ("selected_move", "selected_moves"):
terminal_reason	admin_core/intelligence_workers.py	712	admin_core_read_model_or_pipeline	record.get("terminal_reason"),
selected_move_count	admin_core/intelligence_workers.py	745	admin_core_read_model_or_pipeline	for key in ("blast_radius", "affected_users", "movement_count", "users_moved", "selected_move_count", "target_users"):
selected_moves	admin_core/intelligence_workers.py	750	admin_core_read_model_or_pipeline	for key in ("users", "moved_users", "selected_moves", "moves"):
operation_id	admin_core/intelligence_workers.py	769	admin_core_read_model_or_pipeline	operation_id = _text_value(
operation_id	admin_core/intelligence_workers.py	771	admin_core_read_model_or_pipeline	or record.get("operation_id")
operation_id	admin_core/intelligence_workers.py	772	admin_core_read_model_or_pipeline	or (record.get("execution_outcome") if isinstance(record.get("execution_outcome"), dict) else {}).get("operation_id")
operation_id	admin_core/intelligence_workers.py	784	admin_core_read_model_or_pipeline	if operation_id:
operation_id	admin_core/intelligence_workers.py	785	admin_core_read_model_or_pipeline	bucket = grouped.setdefault(operation_id, {
operation_id	admin_core/intelligence_workers.py	787	admin_core_read_model_or_pipeline	"operation_id": operation_id,
affected_users	admin_core/intelligence_workers.py	1482	admin_core_read_model_or_pipeline	affected_users=affected_candidates,
affected_users	admin_core/intelligence_workers.py	1550	admin_core_read_model_or_pipeline	affected_users=len(channels),
decisions	admin_core/intelligence_workers.py	1769	admin_core_read_model_or_pipeline	bounded_decisions = decision_records[-MAX_HISTORY_RECORDS:]
decisions	admin_core/intelligence_workers.py	1773	admin_core_read_model_or_pipeline	service_actuals = build_service_actual_rows(service_rows, bounded_decisions)
decisions	admin_core/intelligence_workers.py	1777	admin_core_read_model_or_pipeline	bounded_decisions,
decisions	admin_core/intelligence_workers.py	1785	admin_core_read_model_or_pipeline	decision_records=bounded_decisions,
decisions	admin_core/intelligence_workers.py	1792	admin_core_read_model_or_pipeline	rollback_records=build_rollback_evidence_rows(bounded_decisions, rollback_records or []),
decisions	admin_core/intelligence_workers.py	1797	admin_core_read_model_or_pipeline	bounded_decisions,
decisions	admin_core/intelligence_workers.py	1805	admin_core_read_model_or_pipeline	decision_records=bounded_decisions,
decisions	admin_core/intelligence_workers.py	1830	admin_core_read_model_or_pipeline	"bounded_decision_count": len(bounded_decisions),
decisions	admin_core/intelligence_workers.py	1843	admin_core_read_model_or_pipeline	history_completeness=min(1.0, len(bounded_decisions) / 50.0) if bounded_decisions else 0.0,
decisions	admin_core/intelligence_workers.py	1849	admin_core_read_model_or_pipeline	if not bounded_decisions:
decisions	admin_core/intelligence_workers.py	1861	admin_core_read_model_or_pipeline	decisions=bounded_decisions,
decisions	admin_core/intelligence_workers.py	1862	admin_core_read_model_or_pipeline	rollback_records=build_rollback_evidence_rows(bounded_decisions, rollback_records or []),
operation_id	admin_core/operator_observability.py	228	admin_core_read_model_or_pipeline	def evidence_dir_candidates(repo_root, operation_id):
operation_id	admin_core/operator_observability.py	229	admin_core_read_model_or_pipeline	lower = operation_id.lower()
operation_id	admin_core/operator_observability.py	243	admin_core_read_model_or_pipeline	def first_existing_evidence_dir(repo_root, operation_id):
operation_id	admin_core/operator_observability.py	244	admin_core_read_model_or_pipeline	for path in evidence_dir_candidates(repo_root, operation_id):
selected_moves	admin_core/operator_observability.py	343	admin_core_read_model_or_pipeline	"selected_move_budget": answers.get("selected_moves_after_clearance") or answers.get("selected_moves_during_rehearsal") or "unknown",
operation_id	admin_core/operator_observability.py	348	admin_core_read_model_or_pipeline	def evidence_refs_for_operation(repo_root, path, operation_id):
operation_id	admin_core/operator_observability.py	350	admin_core_read_model_or_pipeline	evidence_dir = first_existing_evidence_dir(repo_root, operation_id)
operation_id	admin_core/operator_observability.py	363	admin_core_read_model_or_pipeline	operation_id = block_id_from_path(path)
operation_id	admin_core/operator_observability.py	367	admin_core_read_model_or_pipeline	evidence_refs = evidence_refs_for_operation(repo_root, path, operation_id)
operation_id	admin_core/operator_observability.py	383	admin_core_read_model_or_pipeline	"operation_id": operation_id,
operation_id	admin_core/operator_observability.py	412	admin_core_read_model_or_pipeline	def evidence_file_record(repo_root, operation_id, path, kind="evidence_file"):
operation_id	admin_core/operator_observability.py	425	admin_core_read_model_or_pipeline	search_text = " ".join([operation_id, rel, path.name, excerpt.get("excerpt", "")[:2000]]).lower()
operation_id	admin_core/operator_observability.py	429	admin_core_read_model_or_pipeline	"operation_id": operation_id,
operation_id	admin_core/operator_observability.py	450	admin_core_read_model_or_pipeline	operation_id = operation.get("operation_id", "")
operation_id	admin_core/operator_observability.py	453	admin_core_read_model_or_pipeline	record = evidence_file_record(repo_root, operation_id, report_path, kind="report")
operation_id	admin_core/operator_observability.py	465	admin_core_read_model_or_pipeline	record = evidence_file_record(repo_root, operation_id, path)
operation_id	admin_core/operator_observability.py	499	admin_core_read_model_or_pipeline	operation.get("operation_id"),
operation_id	admin_core/operator_observability.py	514	admin_core_read_model_or_pipeline	results.append({"kind": "operation", "score": 2 if query and query in str(operation.get("operation_id", "")).lower() else 1, "operation": operation})
operation_id	admin_core/operator_observability.py	523	admin_core_read_model_or_pipeline	results = sorted(results, key=lambda row: (row.get("score", 0), row.get("operation", row.get("evidence", {})).get("operation_id", "")), reverse=True)
operation_id	admin_core/operator_observability.py	582	admin_core_read_model_or_pipeline	"operations_by_id": {item["operation_id"]: item for item in operations},
operation_id	admin_core/operator_observability.py	589	admin_core_read_model_or_pipeline	def operation_detail(repo_root, operation_id):
operation_id	admin_core/operator_observability.py	591	admin_core_read_model_or_pipeline	operation = archive.get("operations_by_id", {}).get(operation_id)
operation_id	admin_core/operator_observability.py	593	admin_core_read_model_or_pipeline	return {"error": "operation_not_found", "operation_id": operation_id, "preview_only": True, "execution_allowed_now": False}
operation_id	admin_core/operator_observability.py	610	admin_core_read_model_or_pipeline	def multi_operator_audit_model(operation_id="", now=None):
operation_id	admin_core/operator_observability.py	617	admin_core_read_model_or_pipeline	"operation_id": operation_id,
selected_move_count	admin_core/operator_observability.py	634	admin_core_read_model_or_pipeline	"selected_move_count_match_required": True,
operation_id	admin_core/operator_observability.py	648	admin_core_read_model_or_pipeline	def audit_export_preview(repo_root, operation_id=""):
operation_id	admin_core/operator_observability.py	651	admin_core_read_model_or_pipeline	selected_id = operation_id or (archive.get("timeline") or [{}])[0].get("operation_id", "")
operation_id	admin_core/operator_observability.py	666	admin_core_read_model_or_pipeline	"operation_id": selected_id,
operation_id	admin_core/operator_observability.py	679	admin_core_read_model_or_pipeline	f"Operation: {operation.get('operation_id', selected_id)}",
operation_id	admin_core/operator_observability.py	700	admin_core_read_model_or_pipeline	"operation_id": selected_id,
operation_id	admin_core/operator_observability.py	730	admin_core_read_model_or_pipeline	def execution_governance_preview(repo_root, approval_preview=None, operation_id=""):
operation_id	admin_core/operator_observability.py	739	admin_core_read_model_or_pipeline	selected_id = operation_id or (archive.get("timeline") or [{}])[0].get("operation_id", "")
selected_moves	admin_core/operator_observability.py	767	admin_core_read_model_or_pipeline	"selected_moves_must_remain": 0,
operation_id	admin_core/operator_observability.py	772	admin_core_read_model_or_pipeline	"operation_id": selected_id,
operation_id	admin_core/operator_observability.py	782	admin_core_read_model_or_pipeline	"operation_id": selected_id,
restore_barrier	admin_core/operator_observability.py	815	admin_core_read_model_or_pipeline	"restore_barrier_required": True,
selected_moves	admin_core/operator_observability.py	817	admin_core_read_model_or_pipeline	"clearance_max_selected_moves": generation.get("clearance_max_selected_moves", 0),
selected_move_count	admin_core/operator_observability.py	818	admin_core_read_model_or_pipeline	"selected_move_count": generation.get("selected_move_count", 0),
restore_barrier	admin_core/operator_observability.py	894	admin_core_read_model_or_pipeline	"requires": ["restore_settle_go", "restore_barrier", "generation_clearance"],
operation_id	admin_core/operator_observability.py	909	admin_core_read_model_or_pipeline	"operation_id": selected_id,
selected_moves	admin_core/operator_observability.py	931	admin_core_read_model_or_pipeline	"selected_moves_changed",
operation_id	admin_core/operator_observability.py	946	admin_core_read_model_or_pipeline	def execution_rehearsal_preview(repo_root, execution_preview=None, operation_id=""):
operation_id	admin_core/operator_observability.py	948	admin_core_read_model_or_pipeline	execution_preview = execution_preview or execution_governance_preview(repo_root, operation_id=operation_id)
operation_id	admin_core/operator_observability.py	949	admin_core_read_model_or_pipeline	operation_id = operation_id or execution_preview.get("operation_id") or "latest"
operation_id	admin_core/operator_observability.py	954	admin_core_read_model_or_pipeline	"operation_id": operation_id,
operation_id	admin_core/operator_observability.py	1031	admin_core_read_model_or_pipeline	"operation_id": operation_id,
operation_id	admin_core/operator_observability.py	1108	admin_core_read_model_or_pipeline	"operation_id": path.stem.replace("BLOCK_", ""),
selected_moves	admin_core/operator_observability.py	1160	admin_core_read_model_or_pipeline	selected = data.get("selected_moves")
selected_moves	admin_core/operator_observability.py	1162	admin_core_read_model_or_pipeline	selected = summary.get("selected_moves")
candidate_moves_total	admin_core/operator_observability.py	1167	admin_core_read_model_or_pipeline	"candidate_moves_total": int(summary.get("candidate_moves_total") or summary.get("candidate_moves") or 0),
selected_moves	admin_core/operator_observability.py	1171	admin_core_read_model_or_pipeline	"selected_moves": selected if isinstance(selected, list) else [],
candidate_moves_total	admin_core/operator_observability.py	1176	admin_core_read_model_or_pipeline	"candidate_moves_total": 0,
selected_moves	admin_core/operator_observability.py	1179	admin_core_read_model_or_pipeline	"freshness": {"state": "MISSING", "stale": True, "stale_reasons": ["selected_moves_source_missing"]},
selected_moves	admin_core/operator_observability.py	1180	admin_core_read_model_or_pipeline	"selected_moves": [],
selected_moves	admin_core/operator_observability.py	1196	admin_core_read_model_or_pipeline	"clearance_max_selected_moves": int(data.get("clearance_max_selected_moves") or 0),
selected_moves	admin_core/operator_observability.py	1256	admin_core_read_model_or_pipeline	def delayed_movement_summary(repo_root, event_dir, selected_moves):
selected_moves	admin_core/operator_observability.py	1271	admin_core_read_model_or_pipeline	"selected_moves": selected_moves.get("count", 0),
selected_moves	admin_core/operator_observability.py	1279	admin_core_read_model_or_pipeline	def governance_verdict(repo_root, selected_moves, targets, barrier):
selected_moves	admin_core/operator_observability.py	1283	admin_core_read_model_or_pipeline	if selected_moves.get("count", 0) > 0:
selected_moves	admin_core/operator_observability.py	1284	admin_core_read_model_or_pipeline	blockers.append("selected_moves_nonzero")
restore_barrier	admin_core/operator_observability.py	1288	admin_core_read_model_or_pipeline	blockers.append("restore_barrier_missing")
selected_moves	admin_core/operator_observability.py	1340	admin_core_read_model_or_pipeline	selected = model.get("selected_moves", {})
restore_barrier	admin_core/operator_observability.py	1342	admin_core_read_model_or_pipeline	barrier = model.get("restore_barrier", {})
selected_moves	admin_core/operator_observability.py	1351	admin_core_read_model_or_pipeline	stale_reasons.extend(selected.get("freshness", {}).get("stale_reasons") or ["selected_moves_stale"])
restore_barrier	admin_core/operator_observability.py	1353	admin_core_read_model_or_pipeline	stale_reasons.append("restore_barrier_missing")
selected_moves	admin_core/operator_observability.py	1355	admin_core_read_model_or_pipeline	stale_reasons.append("selected_moves_nonzero_preview_only")
selected_moves	admin_core/operator_observability.py	1382	admin_core_read_model_or_pipeline	"selected_moves_fingerprint_match",
restore_barrier	admin_core/operator_observability.py	1385	admin_core_read_model_or_pipeline	"restore_barrier_present",
selected_moves	admin_core/operator_observability.py	1392	admin_core_read_model_or_pipeline	"selected_moves": selected.get("selected_moves") or [],
selected_move_count	admin_core/operator_observability.py	1405	admin_core_read_model_or_pipeline	"selected_move_count": selected_count,
selected_moves	admin_core/operator_observability.py	1406	admin_core_read_model_or_pipeline	"clearance_max_selected_moves": int(barrier.get("clearance_max_selected_moves") or 0),
selected_moves	admin_core/operator_observability.py	1444	admin_core_read_model_or_pipeline	"selected_moves",
selected_moves	admin_core/operator_observability.py	1509	admin_core_read_model_or_pipeline	"selected_moves": selected.get("count", 0),
restore_barrier	admin_core/operator_observability.py	1510	admin_core_read_model_or_pipeline	"restore_barrier_status": "active" if barrier.get("active") else ("expired" if barrier.get("expired") else ("missing" if barrier.get("freshness", {}).get("state") == "MISSING" else "inactive")),
selected_moves	admin_core/operator_observability.py	1527	admin_core_read_model_or_pipeline	"selected_moves": selected,
restore_barrier	admin_core/operator_observability.py	1528	admin_core_read_model_or_pipeline	"restore_barrier": barrier,
operation_id	admin_core/operator_observability.py	1558	admin_core_read_model_or_pipeline	def build_operator_operation_detail(operation_id, repo_root=None):
operation_id	admin_core/operator_observability.py	1559	admin_core_read_model_or_pipeline	return operation_detail(Path(repo_root or Path.cwd()), operation_id)
operation_id	admin_core/operator_observability.py	1574	admin_core_read_model_or_pipeline	def build_operator_audit_export_preview(operation_id="", repo_root=None):
operation_id	admin_core/operator_observability.py	1575	admin_core_read_model_or_pipeline	return audit_export_preview(Path(repo_root or Path.cwd()), operation_id=operation_id)
operation_id	admin_core/operator_observability.py	1578	admin_core_read_model_or_pipeline	def build_operator_execution_governance_preview(operation_id="", repo_root=None):
operation_id	admin_core/operator_observability.py	1579	admin_core_read_model_or_pipeline	return execution_governance_preview(Path(repo_root or Path.cwd()), operation_id=operation_id)
operation_id	admin_core/operator_observability.py	1582	admin_core_read_model_or_pipeline	def build_operator_execution_rehearsal_preview(operation_id="", repo_root=None):
operation_id	admin_core/operator_observability.py	1583	admin_core_read_model_or_pipeline	return execution_rehearsal_preview(Path(repo_root or Path.cwd()), operation_id=operation_id)
decisions	admin_core/route_views.py	97	admin_core_read_model_or_pipeline	decisions_by_domain = {item.get("domain"): item for item in decision.get("items", [])}
decisions	admin_core/route_views.py	131	admin_core_read_model_or_pipeline	row["decision"] = decisions_by_domain.get(domain, {})
decisions	admin_core/routing_brain.py	4	admin_core_read_model_or_pipeline	owning runtime decisions. Runtime Planner decides, Governance authorizes,
dynamic_blast_radius	admin_core/routing_brain.py	47	admin_core_read_model_or_pipeline	"dynamic_blast_radius_advice",
selected_moves	admin_core/routing_brain.py	60	admin_core_read_model_or_pipeline	"write_selected_moves_directly",
dynamic_blast_radius	admin_core/routing_brain.py	90	admin_core_read_model_or_pipeline	{"stage": "dynamic_blast_radius_recommendation", "owner": "RI.1 DynamicBlastRadiusModel", "classification": "EXTEND_AS_ADVICE"},
affected_users	admin_core/routing_brain.py	127	admin_core_read_model_or_pipeline	affected_users: int,
affected_users	admin_core/routing_brain.py	253	admin_core_read_model_or_pipeline	affected_users=affected_users,
selected_moves	admin_core/routing_brain.py	265	admin_core_read_model_or_pipeline	"selected_moves_write_authority": "none",
dynamic_blast_radius	admin_core/routing_brain.py	269	admin_core_read_model_or_pipeline	"dynamic_blast_radius_advice": blast,
affected_users	admin_core/routing_brain.py	282	admin_core_read_model_or_pipeline	affected_users: int,
affected_users	admin_core/routing_brain.py	290	admin_core_read_model_or_pipeline	affected_users=affected_users,
selected_moves	admin_core/routing_brain.py	329	admin_core_read_model_or_pipeline	"selected_moves_write_authority": "none",
selected_moves	admin_core/routing_brain.py	338	admin_core_read_model_or_pipeline	"selected_moves_write_authority": "none",
selected_moves	admin_core/routing_brain.py	371	admin_core_read_model_or_pipeline	"selected_moves_write_authority": "none",
affected_users	admin_core/routing_brain.py	386	admin_core_read_model_or_pipeline	affected_users: int,
affected_users	admin_core/routing_brain.py	416	admin_core_read_model_or_pipeline	affected_users=affected_users,
selected_moves	admin_core/routing_brain.py	435	admin_core_read_model_or_pipeline	"selected_moves_write_authority": "none",
selected_moves	admin_core/routing_brain.py	441	admin_core_read_model_or_pipeline	"selected_moves_write_authority": "none",
dynamic_blast_radius	admin_core/routing_brain.py	447	admin_core_read_model_or_pipeline	"dynamic_blast_radius_advice": blast,
selected_moves	admin_core/operator_decision_surface.py	472	admin_core_read_model_or_pipeline	"selected_moves_write_authority": "none",
restore_barrier	admin_core/operator_decision_surface.py	823	admin_core_read_model_or_pipeline	"action_chain": ["recommendation", "approval_packet", "snapshot_gate", "restore_barrier", "rollback_packet", "governance", "execution", "audit", "closure"],
selected_moves	admin_core/operator_execution_feedback.py	433	admin_core_read_model_or_pipeline	"selected_moves": execution_result.get("selected_moves") if isinstance(execution_result.get("selected_moves"), list) else [{
selected_moves	admin_core/operator_execution_feedback.py	507	admin_core_read_model_or_pipeline	"selected_moves": contract.get("selected_moves", []),
operation_id	admin_core/operator_execution_feedback.py	588	admin_core_read_model_or_pipeline	"decision_id": str(record.get("decision_id") or record.get("operation_id") or record.get("object_id") or ""),
restore_barrier	admin_core/operator_execution_feedback.py	720	admin_core_read_model_or_pipeline	"blocked_actions": ["direct_user_switch", "autoswitch_apply_without_restore_barrier", "execution_without_rollback_packet"],
restore_barrier	admin_core/events.py	294	admin_core_read_model_or_pipeline	{"from": "packet_preview", "to": "restore_barrier_preview", "state": "delegated_to_existing_pipeline"},
restore_barrier	admin_core/events.py	295	admin_core_read_model_or_pipeline	{"from": "restore_barrier_preview", "to": "rollback_preview", "state": "delegated_to_existing_pipeline"},
selected_move_hash	admin_core/operator_execution.py	45	admin_core_read_model_or_pipeline	"selected_move_hash",
operation_id	admin_core/operator_execution.py	59	admin_core_read_model_or_pipeline	"operation_id",
selected_move_hash	admin_core/operator_execution.py	60	admin_core_read_model_or_pipeline	"selected_move_hash",
selected_move_hash	admin_core/operator_execution.py	209	admin_core_read_model_or_pipeline	if expected.get("selected_move_hash") != EMPTY_SELECTED_MOVES_HASH:
selected_move_hash	admin_core/operator_execution.py	210	admin_core_read_model_or_pipeline	errors.append("selected_move_hash_invalid_for_zero_budget")
selected_move_hash	admin_core/operator_execution.py	247	admin_core_read_model_or_pipeline	if not expected.get("selected_move_hash") or expected.get("selected_move_hash") == EMPTY_SELECTED_MOVES_HASH:
selected_move_hash	admin_core/operator_execution.py	248	admin_core_read_model_or_pipeline	errors.append("selected_move_hash_missing_for_nonzero_budget")
selected_move_count	admin_core/operator_execution.py	249	admin_core_read_model_or_pipeline	if as_int(expected.get("selected_move_count"), 0) <= 0:
selected_move_count	admin_core/operator_execution.py	250	admin_core_read_model_or_pipeline	errors.append("selected_move_count_not_positive")
selected_move_count	admin_core/operator_execution.py	251	admin_core_read_model_or_pipeline	if expected.get("selected_move_count") and budget < as_int(expected.get("selected_move_count"), 0):
selected_move_count	admin_core/operator_execution.py	263	admin_core_read_model_or_pipeline	if len(rollback_items) != as_int(expected.get("selected_move_count"), 0):
operation_id	admin_core/operator_execution.py	266	admin_core_read_model_or_pipeline	if not item.get("user_ip") or not item.get("rollback_target") or not item.get("source_operation_id"):
selected_moves	admin_core/operator_execution.py	283	admin_core_read_model_or_pipeline	def selected_moves_state(state_dir):
selected_moves	admin_core/operator_execution.py	286	admin_core_read_model_or_pipeline	Path(state_dir) / "selected_moves.json",
selected_moves	admin_core/operator_execution.py	295	admin_core_read_model_or_pipeline	return {"count": -1, "hash": "", "source": str(path), "error": "selected_moves_unreadable"}
selected_moves	admin_core/operator_execution.py	296	admin_core_read_model_or_pipeline	moves = data.get("selected_moves", data if isinstance(data, list) else [])
selected_moves	admin_core/operator_execution.py	301	admin_core_read_model_or_pipeline	def selected_moves_from_plan(plan):
restore_barrier	admin_core/operator_execution.py	302	admin_core_read_model_or_pipeline	barrier = ((plan.get("safety") or {}).get("restore_barrier") or {})
selected_moves	admin_core/operator_execution.py	303	admin_core_read_model_or_pipeline	selected_count = as_int(barrier.get("clearance_selected_moves_before_guard"), 0)
selected_moves	admin_core/operator_execution.py	304	admin_core_read_model_or_pipeline	selected_hash = str(barrier.get("clearance_selected_moves_hash") or "")
selected_moves	admin_core/operator_execution.py	306	admin_core_read_model_or_pipeline	selected_moves = plan.get("selected_moves") or []
decisions	admin_core/operator_execution.py	310	admin_core_read_model_or_pipeline	decisions = plan.get("decisions") or []
selected_moves	admin_core/operator_execution.py	313	admin_core_read_model_or_pipeline	if selected_moves:
selected_moves	admin_core/operator_execution.py	314	admin_core_read_model_or_pipeline	source_rows = selected_moves
selected_moves	admin_core/operator_execution.py	315	admin_core_read_model_or_pipeline	source_kind = "selected_moves"
decisions	admin_core/operator_execution.py	320	admin_core_read_model_or_pipeline	source_rows = decisions
decisions	admin_core/operator_execution.py	321	admin_core_read_model_or_pipeline	source_kind = "decisions"
decisions	admin_core/operator_execution.py	323	admin_core_read_model_or_pipeline	if source_kind != "decisions" or (
recommended_egress	admin_core/operator_execution.py	325	admin_core_read_model_or_pipeline	and row.get("recommended_egress") != row.get("current_egress")
current_egress	admin_core/operator_execution.py	329	admin_core_read_model_or_pipeline	"current_egress": str(row.get("current_egress") or ""),
recommended_egress	admin_core/operator_execution.py	330	admin_core_read_model_or_pipeline	"recommended_egress": str(row.get("recommended_egress") or ""),
move_type	admin_core/operator_execution.py	331	admin_core_read_model_or_pipeline	"move_type": str(row.get("move_type") or ""),
current_egress	admin_core/operator_execution.py	339	admin_core_read_model_or_pipeline	"from": move["current_egress"],
recommended_egress	admin_core/operator_execution.py	340	admin_core_read_model_or_pipeline	"to": move["recommended_egress"],
move_type	admin_core/operator_execution.py	341	admin_core_read_model_or_pipeline	"move_type": move["move_type"],
recommended_egress	admin_core/operator_execution.py	350	admin_core_read_model_or_pipeline	"allowed_targets": sorted({move["recommended_egress"] for move in moves}),
selected_move_hash	admin_core/operator_execution.py	365	admin_core_read_model_or_pipeline	"selected_move_hash": selected_hash,
selected_move_hash	admin_core/operator_execution.py	369	admin_core_read_model_or_pipeline	"selected_move_hash": selected_hash,
selected_move_count	admin_core/operator_execution.py	370	admin_core_read_model_or_pipeline	"selected_move_count": selected_count,
selected_move_hash	admin_core/operator_execution.py	379	admin_core_read_model_or_pipeline	"selected_move_hash": selected_hash,
selected_move_count	admin_core/operator_execution.py	380	admin_core_read_model_or_pipeline	"selected_move_count": selected_count,
approved_plan_lock	admin_core/operator_execution.py	392	admin_core_read_model_or_pipeline	def approved_plan_lock_from_selected(selected, packet, packet_hash):
selected_move_hash	admin_core/operator_execution.py	401	admin_core_read_model_or_pipeline	"selected_move_hash": selected.get("selected_move_hash", ""),
selected_move_count	admin_core/operator_execution.py	402	admin_core_read_model_or_pipeline	"selected_move_count": as_int(selected.get("selected_move_count"), 0),
selected_moves	admin_core/operator_execution.py	403	admin_core_read_model_or_pipeline	"selected_moves": [
current_egress	admin_core/operator_execution.py	406	admin_core_read_model_or_pipeline	"current_egress": move["current_egress"],
recommended_egress	admin_core/operator_execution.py	407	admin_core_read_model_or_pipeline	"recommended_egress": move["recommended_egress"],
move_type	admin_core/operator_execution.py	408	admin_core_read_model_or_pipeline	"move_type": move.get("move_type", ""),
operation_id	admin_core/operator_execution.py	422	admin_core_read_model_or_pipeline	"operation_id": packet.get("operation_id", ""),
restore_barrier	admin_core/operator_execution.py	424	admin_core_read_model_or_pipeline	"restore_barrier_id": "",
restore_barrier	admin_core/operator_execution.py	425	admin_core_read_model_or_pipeline	"restore_barrier_hash": "",
approved_plan_lock	admin_core/operator_execution.py	441	admin_core_read_model_or_pipeline	lock = packet.get("approved_plan_lock") if isinstance(packet.get("approved_plan_lock"), dict) else {}
selected_moves	admin_core/operator_execution.py	442	admin_core_read_model_or_pipeline	lock_moves = lock.get("selected_moves") if isinstance(lock.get("selected_moves"), list) else []
operation_id	admin_core/operator_execution.py	446	admin_core_read_model_or_pipeline	"operation_id": str(packet.get("operation_id") or ""),
selected_move_hash	admin_core/operator_execution.py	449	admin_core_read_model_or_pipeline	"selected_move_hash": str(expected.get("selected_move_hash") or ""),
selected_move_count	admin_core/operator_execution.py	450	admin_core_read_model_or_pipeline	"selected_move_count": as_int(expected.get("selected_move_count"), 0),
current_egress	admin_core/operator_execution.py	452	admin_core_read_model_or_pipeline	"source": str(lock_move.get("current_egress") or ""),
recommended_egress	admin_core/operator_execution.py	453	admin_core_read_model_or_pipeline	"target": str(lock_move.get("recommended_egress") or ((constraints.get("allowed_targets") or [""])[0]) or ""),
selected_moves	admin_core/operator_execution.py	466	admin_core_read_model_or_pipeline	selected = selected_moves_from_preview(preview)
operation_id	admin_core/operator_execution.py	472	admin_core_read_model_or_pipeline	"operation_id": str(preview.get("operation_id") or ""),
selected_move_hash	admin_core/operator_execution.py	475	admin_core_read_model_or_pipeline	"selected_move_hash": str(selected.get("selected_move_hash") or ""),
selected_move_count	admin_core/operator_execution.py	476	admin_core_read_model_or_pipeline	"selected_move_count": as_int(selected.get("selected_move_count"), 0),
current_egress	admin_core/operator_execution.py	478	admin_core_read_model_or_pipeline	"source": str(move.get("current_egress") or ""),
recommended_egress	admin_core/operator_execution.py	479	admin_core_read_model_or_pipeline	"target": str(move.get("recommended_egress") or ""),
terminal_reason	admin_core/operator_execution.py	593	admin_core_read_model_or_pipeline	execution.get("terminal_reason"),
move_type	admin_core/operator_execution.py	633	admin_core_read_model_or_pipeline	"move_type": str(item.get("move_type") or ""),
operation_id	admin_core/operator_execution.py	635	admin_core_read_model_or_pipeline	"source_operation_id": str(item.get("source_operation_id") or packet.get("operation_id") or ""),
restore_barrier	admin_core/operator_execution.py	686	admin_core_read_model_or_pipeline	"restore_barrier_written_now": False,
restore_barrier	admin_core/operator_execution.py	766	admin_core_read_model_or_pipeline	"restore_barrier_or_explicit_no_rollback_classification",
restore_barrier	admin_core/operator_execution.py	778	admin_core_read_model_or_pipeline	"c5_restore_barrier_is_safety_preparation_not_transaction_log",
restore_barrier	admin_core/operator_execution.py	814	admin_core_read_model_or_pipeline	"restore_barrier_written_now": False,
selected_move_hash	admin_core/operator_execution.py	830	admin_core_read_model_or_pipeline	selected_move_hash="",
selected_move_hash	admin_core/operator_execution.py	842	admin_core_read_model_or_pipeline	"selected_move_hash": str(selected_move_hash or ""),
selected_move_hash	admin_core/operator_execution.py	862	admin_core_read_model_or_pipeline	selected_move_hash=preview.get("selected_move_hash", ""),
selected_move_hash	admin_core/operator_execution.py	884	admin_core_read_model_or_pipeline	selected_move_hash=expected.get("selected_move_hash", ""),
selected_move_hash	admin_core/operator_execution.py	975	admin_core_read_model_or_pipeline	"selected_move_hash_regeneration_allowed": False,
restore_barrier	admin_core/operator_execution.py	988	admin_core_read_model_or_pipeline	"restore_barrier_written_now": False,
operation_id	admin_core/operator_execution.py	1077	admin_core_read_model_or_pipeline	"operation_id": identity.get("operation_id", ""),
selected_move_hash	admin_core/operator_execution.py	1078	admin_core_read_model_or_pipeline	"selected_move_hash": identity.get("selected_move_hash", ""),
terminal_reason	admin_core/operator_execution.py	1161	admin_core_read_model_or_pipeline	lease["terminal_reason"] = str(reason or operation.get("terminal_reason") or status.lower())
terminal_reason	admin_core/operator_execution.py	1167	admin_core_read_model_or_pipeline	lease["operation_terminal_reason"] = str(operation.get("terminal_reason") or "")
operation_id	admin_core/operator_execution.py	1169	admin_core_read_model_or_pipeline	lease["operation_id"] = str(operation.get("operation_id") or state.get("operation_id") or "")
selected_move_hash	admin_core/operator_execution.py	1171	admin_core_read_model_or_pipeline	lease["selected_move_hash"] = str(state.get("selected_move_hash") or "")
approved_plan_lock	admin_core/operator_execution.py	1202	admin_core_read_model_or_pipeline	lock = packet.get("approved_plan_lock") or {}
selected_moves	admin_core/operator_execution.py	1203	admin_core_read_model_or_pipeline	moves = lock.get("selected_moves") or []
recommended_egress	admin_core/operator_execution.py	1207	admin_core_read_model_or_pipeline	move_targets = sorted({str(move.get("recommended_egress") or "") for move in moves})
selected_moves	admin_core/operator_execution.py	1210	admin_core_read_model_or_pipeline	mismatches.append("approved_plan_lock_selected_moves")
approved_plan_lock	admin_core/operator_execution.py	1212	admin_core_read_model_or_pipeline	mismatches.append("approved_plan_lock_identity_source")
operation_id	admin_core/operator_execution.py	1215	admin_core_read_model_or_pipeline	if str(lock.get("operation_id") or "") != str(packet.get("operation_id") or ""):
operation_id	admin_core/operator_execution.py	1216	admin_core_read_model_or_pipeline	mismatches.append("operation_id")
selected_move_hash	admin_core/operator_execution.py	1221	admin_core_read_model_or_pipeline	if str(lock.get("selected_move_hash") or "") != str(expected.get("selected_move_hash") or ""):
selected_move_hash	admin_core/operator_execution.py	1222	admin_core_read_model_or_pipeline	mismatches.append("selected_move_hash")
selected_move_count	admin_core/operator_execution.py	1223	admin_core_read_model_or_pipeline	if as_int(lock.get("selected_move_count"), 0) != as_int(expected.get("selected_move_count"), 0):
selected_move_count	admin_core/operator_execution.py	1224	admin_core_read_model_or_pipeline	mismatches.append("selected_move_count")
operation_id	admin_core/operator_execution.py	1236	admin_core_read_model_or_pipeline	"operation_id": packet.get("operation_id", ""),
selected_move_hash	admin_core/operator_execution.py	1239	admin_core_read_model_or_pipeline	"selected_move_hash": expected.get("selected_move_hash", ""),
selected_move_count	admin_core/operator_execution.py	1240	admin_core_read_model_or_pipeline	"selected_move_count": expected.get("selected_move_count", 0),
operation_id	admin_core/operator_execution.py	1250	admin_core_read_model_or_pipeline	"operation_id": packet.get("operation_id", ""),
selected_move_hash	admin_core/operator_execution.py	1253	admin_core_read_model_or_pipeline	"selected_move_hash": expected.get("selected_move_hash", ""),
selected_move_count	admin_core/operator_execution.py	1254	admin_core_read_model_or_pipeline	"selected_move_count": expected.get("selected_move_count", 0),
restore_barrier	admin_core/operator_execution.py	1261	admin_core_read_model_or_pipeline	"runtime_action_scope": "restore_barrier_clearance_only",
selected_moves	admin_core/operator_execution.py	1283	admin_core_read_model_or_pipeline	plan_selected = selected_moves_from_plan(planner_snapshot)
selected_move_hash	admin_core/operator_execution.py	1287	admin_core_read_model_or_pipeline	if expected.get("selected_move_hash") != plan_selected.get("selected_move_hash"):
selected_move_hash	admin_core/operator_execution.py	1288	admin_core_read_model_or_pipeline	mismatches.append("selected_move_hash")
selected_move_count	admin_core/operator_execution.py	1289	admin_core_read_model_or_pipeline	if as_int(expected.get("selected_move_count"), 0) != as_int(plan_selected.get("selected_move_count"), 0):
selected_move_count	admin_core/operator_execution.py	1290	admin_core_read_model_or_pipeline	mismatches.append("selected_move_count")
selected_move_count	admin_core/operator_execution.py	1295	admin_core_read_model_or_pipeline	if as_int(constraints.get("selected_move_budget"), 0) < as_int(plan_selected.get("selected_move_count"), 0):
restore_barrier	admin_core/operator_execution.py	1322	admin_core_read_model_or_pipeline	"runtime_action_scope": "restore_barrier_clearance_only",
selected_moves	admin_core/operator_execution.py	1346	admin_core_read_model_or_pipeline	selected = selected_moves_state(state_dir)
selected_move_hash	admin_core/operator_execution.py	1350	admin_core_read_model_or_pipeline	"selected_move_hash": selected["hash"],
selected_move_hash	admin_core/operator_execution.py	1360	admin_core_read_model_or_pipeline	if expected.get("selected_move_hash") != selected["hash"] or selected["count"] != 0:
selected_moves	admin_core/operator_execution.py	1361	admin_core_read_model_or_pipeline	mismatches.append("selected_moves")
selected_move_hash	admin_core/operator_execution.py	1370	admin_core_read_model_or_pipeline	"selected_move_hash": selected["hash"],
selected_move_count	admin_core/operator_execution.py	1371	admin_core_read_model_or_pipeline	"selected_move_count": selected["count"],
selected_move_hash	admin_core/operator_execution.py	1382	admin_core_read_model_or_pipeline	"selected_move_hash": selected["hash"],
selected_move_count	admin_core/operator_execution.py	1383	admin_core_read_model_or_pipeline	"selected_move_count": selected["count"],
operation_id	admin_core/operator_execution.py	1440	admin_core_read_model_or_pipeline	"operation_id": packet.get("operation_id", ""),
restore_barrier	admin_core/operator_execution.py	1475	admin_core_read_model_or_pipeline	def build_restore_barrier_clearance(packet, now=None):
approved_plan_lock	admin_core/operator_execution.py	1480	admin_core_read_model_or_pipeline	approved_plan_lock = dict(packet.get("approved_plan_lock") or {})
selected_moves	admin_core/operator_execution.py	1487	admin_core_read_model_or_pipeline	"clearance_max_selected_moves": as_int(constraints.get("selected_move_budget"), 0),
selected_moves	admin_core/operator_execution.py	1488	admin_core_read_model_or_pipeline	"clearance_expected_selected_moves": as_int(expected.get("selected_move_count"), 0),
selected_moves	admin_core/operator_execution.py	1490	admin_core_read_model_or_pipeline	"approved_selected_moves_hash": expected.get("selected_move_hash", ""),
operation_id	admin_core/operator_execution.py	1504	admin_core_read_model_or_pipeline	"operation_id": packet.get("operation_id", ""),
approved_plan_lock	admin_core/operator_execution.py	1511	admin_core_read_model_or_pipeline	if approved_plan_lock:
restore_barrier	admin_core/operator_execution.py	1512	admin_core_read_model_or_pipeline	approved_plan_lock["restore_barrier_id"] = stable_id("rbclear", clearance)
restore_barrier	admin_core/operator_execution.py	1513	admin_core_read_model_or_pipeline	approved_plan_lock["restore_barrier_hash"] = sha256_bytes(canonical_json(clearance).encode("utf-8"))
approved_plan_lock	admin_core/operator_execution.py	1514	admin_core_read_model_or_pipeline	clearance["approved_plan_lock"] = approved_plan_lock
approved_plan_lock	admin_core/operator_execution.py	1515	admin_core_read_model_or_pipeline	clearance["approved_plan_lock_id"] = approved_plan_lock.get("lock_id", "")
approved_plan_lock	admin_core/operator_execution.py	1516	admin_core_read_model_or_pipeline	clearance["approved_plan_lock_hash"] = approved_plan_lock.get("lock_hash", "")
restore_barrier	admin_core/operator_execution.py	1520	admin_core_read_model_or_pipeline	def preview_restore_barrier_clearance(restore_barrier_file, packet, recheck, now=None):
restore_barrier	admin_core/operator_execution.py	1522	admin_core_read_model_or_pipeline	path = Path(restore_barrier_file)
restore_barrier	admin_core/operator_execution.py	1532	admin_core_read_model_or_pipeline	clearance = build_restore_barrier_clearance(packet, now=now)
restore_barrier	admin_core/operator_execution.py	1536	admin_core_read_model_or_pipeline	"restore_barrier_file": str(path),
restore_barrier	admin_core/operator_execution.py	1546	admin_core_read_model_or_pipeline	def append_restore_barrier_clearance(restore_barrier_file, packet, recheck, now=None):
restore_barrier	admin_core/operator_execution.py	1548	admin_core_read_model_or_pipeline	path = Path(restore_barrier_file)
restore_barrier	admin_core/operator_execution.py	1558	admin_core_read_model_or_pipeline	clearance = build_restore_barrier_clearance(packet, now=now)
restore_barrier	admin_core/operator_execution.py	1569	admin_core_read_model_or_pipeline	"restore_barrier_file": str(path),
operation_id	admin_core/operator_execution.py	1582	admin_core_read_model_or_pipeline	"operation_id": packet.get("operation_id", ""),
selected_move_hash	admin_core/operator_execution.py	1583	admin_core_read_model_or_pipeline	"selected_move_hash": (packet.get("expected") or {}).get("selected_move_hash", ""),
selected_move_count	admin_core/operator_execution.py	1584	admin_core_read_model_or_pipeline	"selected_move_count": (packet.get("expected") or {}).get("selected_move_count", 0),
restore_barrier	admin_core/operator_execution.py	1591	admin_core_read_model_or_pipeline	"record_type": "restore_barrier_clearance_created",
restore_barrier	admin_core/operator_execution.py	1595	admin_core_read_model_or_pipeline	"restore_barrier_file": clearance_result.get("restore_barrier_file", ""),
restore_barrier	admin_core/operator_execution.py	1597	admin_core_read_model_or_pipeline	"runtime_mutation_scope": "restore_barrier_clearance_only",
restore_barrier	admin_core/operator_execution.py	1639	admin_core_read_model_or_pipeline	restore_barrier_file=None,
restore_barrier	admin_core/operator_execution.py	1662	admin_core_read_model_or_pipeline	if not restore_barrier_file:
restore_barrier	admin_core/operator_execution.py	1663	admin_core_read_model_or_pipeline	raise PacketError("restore_barrier_file_required")
restore_barrier	admin_core/operator_execution.py	1664	admin_core_read_model_or_pipeline	clearance_preview = preview_restore_barrier_clearance(restore_barrier_file, packet, recheck, now=now)
restore_barrier	admin_core/operator_execution.py	1706	admin_core_read_model_or_pipeline	if not restore_barrier_file:
restore_barrier	admin_core/operator_execution.py	1707	admin_core_read_model_or_pipeline	raise PacketError("restore_barrier_file_required")
restore_barrier	admin_core/operator_execution.py	1708	admin_core_read_model_or_pipeline	clearance_result = append_restore_barrier_clearance(restore_barrier_file, packet, recheck, now=now)
operation_id	admin_core/operator_execution.py	1732	admin_core_read_model_or_pipeline	"operation_id": packet.get("operation_id", ""),
restore_barrier	admin_core/operator_execution.py	1741	admin_core_read_model_or_pipeline	"restore_barrier_clearance_only"
selected_move_hash	admin_core/operator_execution.py	1780	admin_core_read_model_or_pipeline	if payload.get("packet_id") and payload.get("selected_move_hash"):
selected_move_hash	admin_core/operator_execution.py	1783	admin_core_read_model_or_pipeline	if isinstance(direct, dict) and direct.get("packet_id") and direct.get("selected_move_hash"):
selected_move_hash	admin_core/operator_execution.py	1788	admin_core_read_model_or_pipeline	if isinstance(pipeline_preview, dict) and pipeline_preview.get("packet_id") and pipeline_preview.get("selected_move_hash"):
selected_move_hash	admin_core/operator_execution.py	1794	admin_core_read_model_or_pipeline	if item.get("packet_id") and item.get("selected_move_hash"):
selected_moves	admin_core/operator_execution.py	1802	admin_core_read_model_or_pipeline	def selected_moves_from_preview(preview):
operation_id	admin_core/operator_execution.py	1805	admin_core_read_model_or_pipeline	operation_id = str(preview.get("operation_id") or "")
selected_move_hash	admin_core/operator_execution.py	1813	admin_core_read_model_or_pipeline	selected_hash = str(preview.get("selected_move_hash") or "")
selected_move_count	admin_core/operator_execution.py	1814	admin_core_read_model_or_pipeline	selected_count = as_int(preview.get("selected_move_count"), 0)
current_egress	admin_core/operator_execution.py	1824	admin_core_read_model_or_pipeline	current = str(item.get("rollback_target") or item.get("current_egress") or "")
recommended_egress	admin_core/operator_execution.py	1825	admin_core_read_model_or_pipeline	target = str(item.get("forward_target") or item.get("recommended_egress") or (allowed_targets[0] if allowed_targets else ""))
current_egress	admin_core/operator_execution.py	1829	admin_core_read_model_or_pipeline	"current_egress": current,
recommended_egress	admin_core/operator_execution.py	1830	admin_core_read_model_or_pipeline	"recommended_egress": target,
move_type	admin_core/operator_execution.py	1831	admin_core_read_model_or_pipeline	"move_type": str(item.get("move_type") or "governed_canary"),
current_egress	admin_core/operator_execution.py	1836	admin_core_read_model_or_pipeline	"current_egress": str(preview.get("from") or preview.get("current_channel") or ""),
recommended_egress	admin_core/operator_execution.py	1837	admin_core_read_model_or_pipeline	"recommended_egress": allowed_targets[0],
move_type	admin_core/operator_execution.py	1838	admin_core_read_model_or_pipeline	"move_type": "governed_canary",
operation_id	admin_core/operator_execution.py	1847	admin_core_read_model_or_pipeline	"operation_id": operation_id,
selected_move_hash	admin_core/operator_execution.py	1850	admin_core_read_model_or_pipeline	"selected_move_hash": selected_hash,
operation_id	admin_core/operator_execution.py	1859	admin_core_read_model_or_pipeline	"preview_operation_id": operation_id,
selected_move_hash	admin_core/operator_execution.py	1860	admin_core_read_model_or_pipeline	"selected_move_hash": selected_hash,
selected_move_count	admin_core/operator_execution.py	1861	admin_core_read_model_or_pipeline	"selected_move_count": selected_count,
selected_move_hash	admin_core/operator_execution.py	1867	admin_core_read_model_or_pipeline	"selected_move_hash": selected_hash,
selected_move_hash	admin_core/operator_execution.py	1872	admin_core_read_model_or_pipeline	"selected_move_hash": selected_hash,
selected_move_count	admin_core/operator_execution.py	1873	admin_core_read_model_or_pipeline	"selected_move_count": selected_count,
selected_move_hash	admin_core/operator_execution.py	1877	admin_core_read_model_or_pipeline	"selected_move_hash": selected_hash,
selected_move_count	admin_core/operator_execution.py	1878	admin_core_read_model_or_pipeline	"selected_move_count": selected_count,
selected_move_hash	admin_core/operator_execution.py	1889	admin_core_read_model_or_pipeline	"selected_move_hash": selected_hash,
selected_move_count	admin_core/operator_execution.py	1890	admin_core_read_model_or_pipeline	"selected_move_count": selected_count,
selected_moves	admin_core/operator_execution.py	1909	admin_core_read_model_or_pipeline	selected = selected_moves_from_preview(preview)
operation_id	admin_core/operator_execution.py	1912	admin_core_read_model_or_pipeline	operation_id = str(preview.get("operation_id") or "")
operation_id	admin_core/operator_execution.py	1917	admin_core_read_model_or_pipeline	if not operation_id:
operation_id	admin_core/operator_execution.py	1918	admin_core_read_model_or_pipeline	raise PacketError("preview_operation_id_missing")
selected_move_hash	admin_core/operator_execution.py	1923	admin_core_read_model_or_pipeline	if not selected.get("selected_move_hash"):
selected_move_hash	admin_core/operator_execution.py	1924	admin_core_read_model_or_pipeline	raise PacketError("preview_selected_move_hash_missing")
selected_moves	admin_core/operator_execution.py	1926	admin_core_read_model_or_pipeline	raise PacketError("preview_selected_moves_missing")
recommended_egress	admin_core/operator_execution.py	1928	admin_core_read_model_or_pipeline	allowed_targets = sorted({move["recommended_egress"] for move in moves})
operation_id	admin_core/operator_execution.py	1936	admin_core_read_model_or_pipeline	"operation_id": operation_id,
operation_id	admin_core/operator_execution.py	1940	admin_core_read_model_or_pipeline	"operation_id": operation_id,
selected_move_count	admin_core/operator_execution.py	1952	admin_core_read_model_or_pipeline	"selected_move_budget": as_int(selected.get("selected_move_count"), 0),
selected_move_hash	admin_core/operator_execution.py	1962	admin_core_read_model_or_pipeline	"selected_move_hash": selected.get("selected_move_hash", ""),
selected_move_count	admin_core/operator_execution.py	1963	admin_core_read_model_or_pipeline	"selected_move_count": as_int(selected.get("selected_move_count"), 0),
operation_id	admin_core/operator_execution.py	1974	admin_core_read_model_or_pipeline	"operation_id": operation_id,
selected_move_hash	admin_core/operator_execution.py	1975	admin_core_read_model_or_pipeline	"selected_move_hash": selected.get("selected_move_hash", ""),
operation_id	admin_core/operator_execution.py	1977	admin_core_read_model_or_pipeline	"source_operation_id": operation_id,
current_egress	admin_core/operator_execution.py	1981	admin_core_read_model_or_pipeline	"rollback_target": move["current_egress"],
recommended_egress	admin_core/operator_execution.py	1982	admin_core_read_model_or_pipeline	"forward_target": move["recommended_egress"],
move_type	admin_core/operator_execution.py	1983	admin_core_read_model_or_pipeline	"move_type": move.get("move_type", ""),
operation_id	admin_core/operator_execution.py	1984	admin_core_read_model_or_pipeline	"source_operation_id": operation_id,
selected_move_hash	admin_core/operator_execution.py	1985	admin_core_read_model_or_pipeline	"selected_move_hash": selected.get("selected_move_hash", ""),
approved_plan_lock	admin_core/operator_execution.py	2002	admin_core_read_model_or_pipeline	packet["approved_plan_lock"] = approved_plan_lock_from_selected(selected, packet, packet_hash)
selected_moves	admin_core/operator_execution.py	2012	admin_core_read_model_or_pipeline	selected = selected_moves_from_plan(plan)
recommended_egress	admin_core/operator_execution.py	2017	admin_core_read_model_or_pipeline	allowed_targets = sorted({move["recommended_egress"] for move in moves})
selected_move_hash	admin_core/operator_execution.py	2020	admin_core_read_model_or_pipeline	"selected_move_hash": selected.get("selected_move_hash"),
selected_move_count	admin_core/operator_execution.py	2021	admin_core_read_model_or_pipeline	"selected_move_count": selected.get("selected_move_count"),
operation_id	admin_core/operator_execution.py	2025	admin_core_read_model_or_pipeline	operation_id = stable_id("govexec", operation_payload)
operation_id	admin_core/operator_execution.py	2030	admin_core_read_model_or_pipeline	"operation_id": operation_id,
selected_move_count	admin_core/operator_execution.py	2040	admin_core_read_model_or_pipeline	"selected_move_budget": as_int(selected.get("selected_move_count"), 0),
selected_move_hash	admin_core/operator_execution.py	2049	admin_core_read_model_or_pipeline	"selected_move_hash": selected.get("selected_move_hash", ""),
selected_move_count	admin_core/operator_execution.py	2050	admin_core_read_model_or_pipeline	"selected_move_count": as_int(selected.get("selected_move_count"), 0),
operation_id	admin_core/operator_execution.py	2060	admin_core_read_model_or_pipeline	"source_operation_id": operation_id,
current_egress	admin_core/operator_execution.py	2064	admin_core_read_model_or_pipeline	"rollback_target": move["current_egress"],
recommended_egress	admin_core/operator_execution.py	2065	admin_core_read_model_or_pipeline	"forward_target": move["recommended_egress"],
move_type	admin_core/operator_execution.py	2066	admin_core_read_model_or_pipeline	"move_type": move.get("move_type", ""),
operation_id	admin_core/operator_execution.py	2067	admin_core_read_model_or_pipeline	"source_operation_id": operation_id,
selected_move_hash	admin_core/operator_execution.py	2068	admin_core_read_model_or_pipeline	"selected_move_hash": selected.get("selected_move_hash", ""),
approved_plan_lock	admin_core/operator_execution.py	2078	admin_core_read_model_or_pipeline	packet["approved_plan_lock"] = approved_plan_lock_from_selected(selected, packet, packet_hash)
operation_id	admin_core/operator_execution.py	2208	admin_core_read_model_or_pipeline	"operation_id": packet.get("operation_id") == preview.get("operation_id"),
selected_move_hash	admin_core/operator_execution.py	2213	admin_core_read_model_or_pipeline	"selected_move_hash": (packet.get("expected") or {}).get("selected_move_hash") == preview.get("selected_move_hash"),
restore_barrier	admin_core/operator_execution.py	2240	admin_core_read_model_or_pipeline	restore_barrier_file=args.restore_barrier_file,
restore_barrier	admin_core/operator_execution.py	2251	admin_core_read_model_or_pipeline	restore_barrier_file=args.restore_barrier_file,
current_egress	admin_core/service_views.py	250	admin_core_read_model_or_pipeline	"current_egress": current,
recommended_egress	admin_core/service_views.py	254	admin_core_read_model_or_pipeline	"recommended_egress": best,
current_egress	admin_core/service_views.py	304	admin_core_read_model_or_pipeline	"current_egress": current,
recommended_egress	admin_core/service_views.py	309	admin_core_read_model_or_pipeline	"recommended_egress": best_required.get("egress") if best_required else "",
restore_barrier	admin_core/operator_execution_pipeline.py	48	admin_core_read_model_or_pipeline	"stage": "restore_barrier",
restore_barrier	admin_core/operator_execution_pipeline.py	54	admin_core_read_model_or_pipeline	"timing_metric": "restore_barrier_duration_ms",
restore_barrier	admin_core/operator_execution_pipeline.py	97	admin_core_read_model_or_pipeline	"restore_barrier_duration_ms",
restore_barrier	admin_core/operator_execution_pipeline.py	110	admin_core_read_model_or_pipeline	"restore_barrier_duration_ms": 10000.0,
restore_barrier	admin_core/operator_execution_pipeline.py	146	admin_core_read_model_or_pipeline	"restore_barrier_invalid",
restore_barrier	admin_core/operator_execution_pipeline.py	239	admin_core_read_model_or_pipeline	return "restore_barrier"
restore_barrier	admin_core/operator_execution_pipeline.py	258	admin_core_read_model_or_pipeline	if stage == "restore_barrier":
restore_barrier	admin_core/operator_execution_pipeline.py	259	admin_core_read_model_or_pipeline	return "restore_barrier_duration_ms"
restore_barrier	admin_core/operator_execution_pipeline.py	330	admin_core_read_model_or_pipeline	"restore_barrier_required": True,
restore_barrier	admin_core/operator_execution_pipeline.py	353	admin_core_read_model_or_pipeline	"restore_barrier_write_authority": "none",
restore_barrier	admin_core/operator_execution_pipeline.py	445	admin_core_read_model_or_pipeline	"restore_barrier",
restore_barrier	admin_core/operator_execution_pipeline.py	545	admin_core_read_model_or_pipeline	"movement_allowed": "only_after_existing_packet_restore_barrier_and_operator_apply",
restore_barrier	admin_core/operator_execution_pipeline.py	558	admin_core_read_model_or_pipeline	"movement_allowed": "only_after_existing_packet_restore_barrier_and_operator_apply",
restore_barrier	admin_core/operator_execution_pipeline.py	720	admin_core_read_model_or_pipeline	"restore_barrier_invalid",
restore_barrier	admin_core/operator_execution_pipeline.py	765	admin_core_read_model_or_pipeline	{"stage": "restore_barrier_readiness", "owner": CANONICAL_PACKET_OWNER, "runtime_mutation": False},
restore_barrier	admin_core/operator_execution_pipeline.py	795	admin_core_read_model_or_pipeline	"restore_barrier_owner": CANONICAL_PACKET_OWNER,
approved_plan_lock	admin_core/operator_execution_pipeline.py	796	admin_core_read_model_or_pipeline	"approved_plan_lock_owner": CANONICAL_PACKET_OWNER,
approved_plan_lock	admin_core/operator_execution_pipeline.py	1845	admin_core_read_model_or_pipeline	"approved_plan_lock_required": True,
approved_plan_lock	admin_core/operator_execution_pipeline.py	1846	admin_core_read_model_or_pipeline	"approved_plan_lock_created_now": False,
selected_move_hash	admin_core/operator_execution_pipeline.py	1847	admin_core_read_model_or_pipeline	"selected_move_hash_preview": stable_hash({"candidates": candidates}) if candidates else "",
restore_barrier	admin_core/operator_execution_pipeline.py	1849	admin_core_read_model_or_pipeline	"restore_barrier_readiness": {
restore_barrier	admin_core/operator_execution_pipeline.py	1851	admin_core_read_model_or_pipeline	"restore_barrier_required": True,
restore_barrier	admin_core/operator_execution_pipeline.py	1852	admin_core_read_model_or_pipeline	"restore_barrier_written_now": False,
restore_barrier	admin_core/operator_execution_pipeline.py	1914	admin_core_read_model_or_pipeline	restore_preview = dict(dry_run.get("restore_barrier_readiness") or {})
restore_barrier	admin_core/operator_execution_pipeline.py	1926	admin_core_read_model_or_pipeline	("packet_preview", "restore_barrier_preview", bool(restore_preview), CANONICAL_PACKET_OWNER),
restore_barrier	admin_core/operator_execution_pipeline.py	1927	admin_core_read_model_or_pipeline	("restore_barrier_preview", "rollback_preview", bool(rollback_preview), CANONICAL_PACKET_OWNER),
restore_barrier	admin_core/operator_execution_pipeline.py	1964	admin_core_read_model_or_pipeline	"restore_barrier_preview": restore_preview,
selected_move_hash	admin_core/operator_execution_pipeline.py	2019	admin_core_read_model_or_pipeline	selected_move_hash = stable_hash(semantic_payload)
selected_move_hash	admin_core/operator_execution_pipeline.py	2027	admin_core_read_model_or_pipeline	"selected_move_hash": selected_move_hash,
operation_id	admin_core/operator_execution_pipeline.py	2051	admin_core_read_model_or_pipeline	operation_id = "govdry_" + stable_hash({"operation": payload})[:24]
operation_id	admin_core/operator_execution_pipeline.py	2060	admin_core_read_model_or_pipeline	"operation_id": operation_id,
restore_barrier	admin_core/operator_execution_pipeline.py	2071	admin_core_read_model_or_pipeline	"restore_barrier_written_now": False,
selected_move_count	admin_core/operator_execution_pipeline.py	2076	admin_core_read_model_or_pipeline	"selected_move_count": 1,
selected_move_hash	admin_core/operator_execution_pipeline.py	2077	admin_core_read_model_or_pipeline	"selected_move_hash": selected_move_hash,
approved_plan_lock	admin_core/operator_execution_pipeline.py	2082	admin_core_read_model_or_pipeline	"approved_plan_lock_required": True,
approved_plan_lock	admin_core/operator_execution_pipeline.py	2083	admin_core_read_model_or_pipeline	"approved_plan_lock_created_now": False,
operation_id	admin_core/operator_execution_pipeline.py	2093	admin_core_read_model_or_pipeline	"source_operation_id": operation_id,
restore_barrier	admin_core/operator_execution_pipeline.py	2195	admin_core_read_model_or_pipeline	"restore_barrier_written_now": False,
operation_id	admin_core/operator_execution_pipeline.py	2211	admin_core_read_model_or_pipeline	operation_id = str(packet_preview.get("operation_id") or "")
selected_move_hash	admin_core/operator_execution_pipeline.py	2212	admin_core_read_model_or_pipeline	selected_move_hash = str(packet_preview.get("selected_move_hash") or "")
operation_id	admin_core/operator_execution_pipeline.py	2231	admin_core_read_model_or_pipeline	operation_id,
selected_move_hash	admin_core/operator_execution_pipeline.py	2234	admin_core_read_model_or_pipeline	selected_move_hash,
operation_id	admin_core/operator_execution_pipeline.py	2259	admin_core_read_model_or_pipeline	"- preserve packet_id, decision_id, operation_id, selected_move_hash, subject, target, and authority_generation;",
operation_id	admin_core/operator_execution_pipeline.py	2294	admin_core_read_model_or_pipeline	"operation_id": operation_id,
selected_move_hash	admin_core/operator_execution_pipeline.py	2295	admin_core_read_model_or_pipeline	"selected_move_hash": selected_move_hash,
operation_id	admin_core/operator_execution_pipeline.py	2309	admin_core_read_model_or_pipeline	"operation_id",
selected_move_hash	admin_core/operator_execution_pipeline.py	2310	admin_core_read_model_or_pipeline	"selected_move_hash",
restore_barrier	admin_core/operator_execution_pipeline.py	2317	admin_core_read_model_or_pipeline	"restore_barrier_written_now": False,
restore_barrier	admin_core/operator_execution_pipeline.py	2408	admin_core_read_model_or_pipeline	"restore_barrier_write",
approved_plan_lock	admin_core/operator_execution_pipeline.py	2425	admin_core_read_model_or_pipeline	lock = packet.get("approved_plan_lock") if isinstance(packet.get("approved_plan_lock"), dict) else {}
selected_moves	admin_core/operator_execution_pipeline.py	2426	admin_core_read_model_or_pipeline	moves = lock.get("selected_moves") if isinstance(lock.get("selected_moves"), list) else []
current_egress	admin_core/operator_execution_pipeline.py	2430	admin_core_read_model_or_pipeline	"current_channel": str(move.get("current_egress") or ""),
recommended_egress	admin_core/operator_execution_pipeline.py	2431	admin_core_read_model_or_pipeline	"recommended_channel": str(move.get("recommended_egress") or ""),
selected_move_hash	admin_core/operator_execution_pipeline.py	2436	admin_core_read_model_or_pipeline	"recommendation_hash": str((packet.get("expected") or {}).get("selected_move_hash") or ""),
operation_id	admin_core/operator_execution_pipeline.py	2453	admin_core_read_model_or_pipeline	"operation_id": str(packet.get("operation_id") or ""),
selected_move_count	admin_core/operator_execution_pipeline.py	2456	admin_core_read_model_or_pipeline	"selected_move_count": int(expected.get("selected_move_count") or 0),
selected_move_hash	admin_core/operator_execution_pipeline.py	2457	admin_core_read_model_or_pipeline	"selected_move_hash": str(expected.get("selected_move_hash") or ""),
selected_move_count	admin_core/operator_execution_pipeline.py	2485	admin_core_read_model_or_pipeline	selected_count = int(packet_preview.get("selected_move_count") or len(packet_preview.get("allowed_users") or []) or (1 if candidate.get("user") else 0))
operation_id	admin_core/operator_execution_pipeline.py	2504	admin_core_read_model_or_pipeline	"operation_id": str(packet_preview.get("operation_id") or ""),
selected_move_hash	admin_core/operator_execution_pipeline.py	2506	admin_core_read_model_or_pipeline	"selected_move_hash": str(packet_preview.get("selected_move_hash") or ""),
selected_move_count	admin_core/operator_execution_pipeline.py	2508	admin_core_read_model_or_pipeline	"selected_move_count": selected_count,
restore_barrier	admin_core/operator_execution_pipeline.py	2527	admin_core_read_model_or_pipeline	"restore_barrier_written_now": False,
operation_id	admin_core/operator_execution_pipeline.py	2667	admin_core_read_model_or_pipeline	operation_id = str(packet_preview.get("operation_id") or "")
selected_move_hash	admin_core/operator_execution_pipeline.py	2668	admin_core_read_model_or_pipeline	selected_move_hash = str(packet_preview.get("selected_move_hash") or "")
operation_id	admin_core/operator_execution_pipeline.py	2684	admin_core_read_model_or_pipeline	"operation_id": operation_id,
selected_move_hash	admin_core/operator_execution_pipeline.py	2685	admin_core_read_model_or_pipeline	"selected_move_hash": selected_move_hash,
operation_id	admin_core/operator_execution_pipeline.py	2689	admin_core_read_model_or_pipeline	"operation_id": operation_id,
selected_move_hash	admin_core/operator_execution_pipeline.py	2691	admin_core_read_model_or_pipeline	"selected_move_hash": selected_move_hash,
operation_id	admin_core/operator_execution_pipeline.py	2726	admin_core_read_model_or_pipeline	"operation_id": operation_id,
selected_move_hash	admin_core/operator_execution_pipeline.py	2730	admin_core_read_model_or_pipeline	"selected_move_hash": selected_move_hash,
restore_barrier	admin_core/operator_execution_pipeline.py	2748	admin_core_read_model_or_pipeline	"restore_barrier_written_now": False,
restore_barrier	admin_core/operator_execution_pipeline.py	2831	admin_core_read_model_or_pipeline	"restore_barrier_required": True,
restore_barrier	admin_core/operator_execution_pipeline.py	2832	admin_core_read_model_or_pipeline	"restore_barrier_written_now": False,
selected_move_hash	admin_core/operator_execution_pipeline.py	2911	admin_core_read_model_or_pipeline	"selected_move_hash_regeneration_allowed": False if lease_active else None,
restore_barrier	admin_core/operator_execution_pipeline.py	3056	admin_core_read_model_or_pipeline	"restore_barrier",
restore_barrier	admin_core/operator_execution_pipeline.py	3099	admin_core_read_model_or_pipeline	"restore_barrier": CANONICAL_PACKET_OWNER,
affected_users	admin_core/operator_execution_pipeline.py	3170	admin_core_read_model_or_pipeline	affected = row.get("affected_users")
selected_move_count	admin_core/operator_execution_pipeline.py	3173	admin_core_read_model_or_pipeline	elif row.get("selected_move_count") is not None:
selected_move_count	admin_core/operator_execution_pipeline.py	3174	admin_core_read_model_or_pipeline	user_counts.append(_as_int(row.get("selected_move_count"), 0))
selected_moves	admin_core/operator_execution_pipeline.py	3175	admin_core_read_model_or_pipeline	selected_moves = planner_result.get("selected_moves")
selected_moves	admin_core/operator_execution_pipeline.py	3176	admin_core_read_model_or_pipeline	if isinstance(selected_moves, list):
selected_moves	admin_core/operator_execution_pipeline.py	3177	admin_core_read_model_or_pipeline	user_counts.append(len(selected_moves))
selected_move_count	admin_core/operator_execution_pipeline.py	3179	admin_core_read_model_or_pipeline	user_counts.append(_as_int((planner_result.get("operation") or {}).get("selected_move_count"), 0))
affected_users	admin_core/operator_execution_pipeline.py	3183	admin_core_read_model_or_pipeline	sources["per_user_duration_ms"].append("total_duration_ms/affected_users")
selected_move_count	admin_core/operator_execution_pipeline.py	3309	admin_core_read_model_or_pipeline	"blast_radius_boundaries": ["selected_move_count", "allowed_users", "allowed_targets", "rollback_manifest_count"],
selected_move_hash	admin_core/operator_execution_pipeline.py	3310	admin_core_read_model_or_pipeline	"approval_boundaries": ["dual confirmation", "packet ttl", "selected_move_hash", "source_bundle_hash"],
restore_barrier	admin_core/operator_execution_pipeline.py	3353	admin_core_read_model_or_pipeline	"chain": ["planner", "packet", "restore_barrier", "apply", "verification", "feedback", "closure"],
candidate_moves_total	admin_core/operator_execution_pipeline.py	3552	admin_core_read_model_or_pipeline	"candidate_moves_total": len(planner_candidates),
decisions	admin_core/operator_execution_pipeline.py	3587	admin_core_read_model_or_pipeline	"decisions_total": (shadow.get("quality") or {}).get("decisions_total", 0),
decisions	admin_core/operator_execution_pipeline.py	3604	admin_core_read_model_or_pipeline	"current_decisions": list(shadow.get("current_decisions") or [])[:10],
restore_barrier	admin_core/operator_execution_pipeline.py	3922	admin_core_read_model_or_pipeline	"new_restore_barrier_owner_created": False,
restore_barrier	admin_core/operator_execution_pipeline.py	3927	admin_core_read_model_or_pipeline	"restore_barrier": CANONICAL_PACKET_OWNER,
restore_barrier	admin_core/operator_execution_pipeline.py	4004	admin_core_read_model_or_pipeline	"restore_barrier",
restore_barrier	admin_core/operator_execution_pipeline.py	4077	admin_core_read_model_or_pipeline	"restore_barrier_bypass_possible": False,
restore_barrier	admin_core/operator_execution_pipeline.py	4124	admin_core_read_model_or_pipeline	"restore_barrier",
selected_move_hash	admin_core/operator_execution_pipeline.py	4172	admin_core_read_model_or_pipeline	"selected_move_hash_required": True,
restore_barrier	admin_core/operator_execution_pipeline.py	4173	admin_core_read_model_or_pipeline	"restore_barrier_generation_required": True,
restore_barrier	admin_core/operator_execution_pipeline.py	4189	admin_core_read_model_or_pipeline	"restore_barrier": CANONICAL_PACKET_OWNER,
restore_barrier	admin_core/operator_execution_pipeline.py	4232	admin_core_read_model_or_pipeline	"restore_barrier_written_now": False,
selected_move_count	admin_core/routing_intelligence.py	775	admin_core_read_model_or_pipeline	blast = blast.get("effective") or blast.get("users") or blast.get("selected_move_count")
affected_users	admin_core/routing_intelligence.py	825	admin_core_read_model_or_pipeline	affected_users: int,
affected_users	admin_core/routing_intelligence.py	831	admin_core_read_model_or_pipeline	affected = max(0, as_int(affected_users, 0))
affected_users	admin_core/routing_intelligence.py	837	admin_core_read_model_or_pipeline	reason = "no_affected_users"
affected_users	admin_core/routing_intelligence.py	854	admin_core_read_model_or_pipeline	"affected_users": affected,
selected_moves	admin_core/routing_intelligence.py	894	admin_core_read_model_or_pipeline	"selected_moves_write_authority": "none",
selected_moves	admin_core/routing_intelligence.py	1077	admin_core_read_model_or_pipeline	"selected_moves_write_authority": "none",
affected_users	admin_core/routing_intelligence.py	1136	admin_core_read_model_or_pipeline	affected_users: int = 0,
affected_users	admin_core/routing_intelligence.py	1151	admin_core_read_model_or_pipeline	affected_users=affected_users,
dynamic_blast_radius	admin_core/routing_intelligence.py	1171	admin_core_read_model_or_pipeline	"dynamic_blast_radius_recommendation": blast,
decisions	admin_core/autonomy_trust_acceleration.py	367	admin_core_read_model_or_pipeline	"operator_decisions_allowed": ["agree", "disagree", "override"],
decisions	admin_core/autonomy_trust_acceleration.py	376	admin_core_read_model_or_pipeline	"reviewable_decisions": len(reviewable),
decisions	admin_core/autonomy_trust_acceleration.py	377	admin_core_read_model_or_pipeline	"reviewed_decisions": int(as_float(review_packet.get("reviewed_decisions"), 0.0)),
decisions	admin_core/autonomy_trust_acceleration.py	1037	admin_core_read_model_or_pipeline	"reviewable_decisions": int(as_float(comparison_current.get("reviewable_decisions"), 0.0)),
decisions	admin_core/autonomy_trust_acceleration.py	1043	admin_core_read_model_or_pipeline	"why": "There are reviewable decisions but zero real comparisons, so operator evidence cannot be treated as validated.",
decisions	admin_core/autonomy_trust_acceleration.py	1111	admin_core_read_model_or_pipeline	"reviewable_decisions": int(as_float(comparison_current.get("reviewable_decisions"), 0.0)),
selected_move_count	admin_core/autonomy_trust_acceleration.py	2710	admin_core_read_model_or_pipeline	selected_count = int(packet.get("selected_move_count") or len(packet.get("allowed_users") or []) or (1 if candidate.get("user") else 0))
operation_id	admin_core/autonomy_trust_acceleration.py	2730	admin_core_read_model_or_pipeline	"operation_id": str(packet.get("operation_id") or ""),
selected_move_hash	admin_core/autonomy_trust_acceleration.py	2732	admin_core_read_model_or_pipeline	"selected_move_hash": str(packet.get("selected_move_hash") or ""),
selected_move_count	admin_core/autonomy_trust_acceleration.py	2734	admin_core_read_model_or_pipeline	"selected_move_count": selected_count,
restore_barrier	admin_core/autonomy_trust_acceleration.py	2785	admin_core_read_model_or_pipeline	"restore_barrier_written_now": False,
selected_move_count	admin_core/autonomy_trust_acceleration.py	2803	admin_core_read_model_or_pipeline	selected_count = int(packet_mapping.get("selected_move_count") or 0)
selected_move_count	admin_core/autonomy_trust_acceleration.py	2840	admin_core_read_model_or_pipeline	"selected_move_count": selected_count,
restore_barrier	admin_core/autonomy_trust_acceleration.py	2860	admin_core_read_model_or_pipeline	"restore_barrier_written_now": False,
restore_barrier	admin_core/autonomy_trust_acceleration.py	3065	admin_core_read_model_or_pipeline	"restore_barrier_written_now": False,
restore_barrier	admin_core/autonomy_trust_acceleration.py	3188	admin_core_read_model_or_pipeline	"restore_barrier_written_now": False,
restore_barrier	admin_core/autonomy_trust_acceleration.py	3321	admin_core_read_model_or_pipeline	"restore_barrier_written_now": False,
restore_barrier	admin_core/autonomy_trust_acceleration.py	3491	admin_core_read_model_or_pipeline	"restore_barrier_written_now": False,
restore_barrier	admin_core/autonomy_trust_acceleration.py	3672	admin_core_read_model_or_pipeline	"restore_barrier_written_now": False,
restore_barrier	admin_core/autonomy_trust_acceleration.py	3879	admin_core_read_model_or_pipeline	"restore_barrier_written_now": False,
restore_barrier	admin_core/autonomy_trust_acceleration.py	4040	admin_core_read_model_or_pipeline	"restore_barrier_written_now": False,
restore_barrier	admin_core/autonomy_trust_acceleration.py	4231	admin_core_read_model_or_pipeline	"restore_barrier_written_now": False,
restore_barrier	admin_core/autonomy_trust_acceleration.py	4417	admin_core_read_model_or_pipeline	"restore_barrier_written_now": False,
decisions	admin_core/autonomy_trust_acceleration.py	4454	admin_core_read_model_or_pipeline	decisions = [
decisions	admin_core/autonomy_trust_acceleration.py	4455	admin_core_read_model_or_pipeline	row for row in (shadow.get("current_decisions") or [])
decisions	admin_core/autonomy_trust_acceleration.py	4458	admin_core_read_model_or_pipeline	if not decisions and surface.get("users"):
decisions	admin_core/autonomy_trust_acceleration.py	4459	admin_core_read_model_or_pipeline	decisions = shadow_autonomy.build_shadow_decisions(surface, now=generated)
decisions	admin_core/autonomy_trust_acceleration.py	4462	admin_core_read_model_or_pipeline	for decision in decisions:
restore_barrier	admin_core/autonomy_trust_acceleration.py	4658	admin_core_read_model_or_pipeline	"restore_barrier_written_now": False,
restore_barrier	admin_core/autonomy_trust_acceleration.py	4873	admin_core_read_model_or_pipeline	"restore_barrier_written_now": False,
restore_barrier	admin_core/autonomy_trust_acceleration.py	5018	admin_core_read_model_or_pipeline	"restore_barrier_written_now": False,
restore_barrier	admin_core/autonomy_trust_acceleration.py	5245	admin_core_read_model_or_pipeline	"restore_barrier_written_now": False,
restore_barrier	admin_core/autonomy_trust_acceleration.py	5435	admin_core_read_model_or_pipeline	"restore_barrier_written_now": False,
decisions	admin_core/autonomy_trust_acceleration.py	5562	admin_core_read_model_or_pipeline	"delegated_autonomy_policy": "authorizes V7 to self-approve operational decisions only inside approved bounded policy",
restore_barrier	admin_core/autonomy_trust_acceleration.py	5643	admin_core_read_model_or_pipeline	"restore_barrier_written_now": False,
decisions	admin_core/autonomy_trust_acceleration.py	6040	admin_core_read_model_or_pipeline	decisions = [
decisions	admin_core/autonomy_trust_acceleration.py	6134	admin_core_read_model_or_pipeline	row["item"] for row in knowledge_sources + decisions + lifecycle + routing_capabilities
decisions	admin_core/autonomy_trust_acceleration.py	6138	admin_core_read_model_or_pipeline	row["item"] for row in knowledge_sources + decisions + lifecycle + routing_capabilities
decisions	admin_core/autonomy_trust_acceleration.py	6169	admin_core_read_model_or_pipeline	"decision_completeness": decisions,
decisions	admin_core/autonomy_trust_acceleration.py	6170	admin_core_read_model_or_pipeline	"decision_summary": _architecture_status_summary(decisions),
proposal	admin_core/autonomy_trust_acceleration.py	6356	admin_core_read_model_or_pipeline	"decision_records": "switch-history, audit, operator execution audit/governance, execution-events, runtime-trust, proposals, closure records, rollback history",
proposal	admin_core/autonomy_trust_acceleration.py	6467	admin_core_read_model_or_pipeline	"store": "execution-events, runtime-trust, proposals, closure records",
proposal	admin_core/autonomy_trust_acceleration.py	6546	admin_core_read_model_or_pipeline	"future degradation should trigger proposal or operator confirmation through existing owners",
restore_barrier	admin_core/autonomy_trust_acceleration.py	6934	admin_core_read_model_or_pipeline	"restore_barrier_written_now": False,
restore_barrier	admin_core/autonomy_trust_acceleration.py	7133	admin_core_read_model_or_pipeline	"restore_barrier_written_now": False,
restore_barrier	admin_core/autonomy_trust_acceleration.py	7217	admin_core_read_model_or_pipeline	"restore_barrier_written_now": False,
restore_barrier	admin_core/autonomy_trust_acceleration.py	7379	admin_core_read_model_or_pipeline	"restore_barrier_written_now": False,
restore_barrier	admin_core/autonomy_trust_acceleration.py	7687	admin_core_read_model_or_pipeline	"restore_barrier_written_now": False,
restore_barrier	admin_core/autonomy_trust_acceleration.py	7974	admin_core_read_model_or_pipeline	"restore_barrier_written_now": False,
restore_barrier	admin_core/autonomy_trust_acceleration.py	8249	admin_core_read_model_or_pipeline	"restore_barrier_written_now": False,
selected_moves	admin_core/autonomy_trust_acceleration.py	8281	admin_core_read_model_or_pipeline	["selected_moves", "apply", "authority_promotion"],
restore_barrier	admin_core/autonomy_trust_acceleration.py	8476	admin_core_read_model_or_pipeline	"restore_barrier_written_now": False,
restore_barrier	admin_core/autonomy_trust_acceleration.py	8819	admin_core_read_model_or_pipeline	"restore_barrier_written_now": False,
proposal	admin_core/autonomy_trust_acceleration.py	8833	admin_core_read_model_or_pipeline	"recommendation_id": ("recommendation_id", "recommendation_hash", "proposal_id"),
operation_id	admin_core/autonomy_trust_acceleration.py	8834	admin_core_read_model_or_pipeline	"decision_id": ("decision_id", "operation_id", "object_id"),
selected_moves	admin_core/autonomy_trust_acceleration.py	8839	admin_core_read_model_or_pipeline	"user_outcome": ("user_outcome", "selected_moves", "user"),
restore_barrier	admin_core/autonomy_trust_acceleration.py	9246	admin_core_read_model_or_pipeline	"restore_barrier_written_now": False,
restore_barrier	admin_core/autonomy_trust_acceleration.py	9416	admin_core_read_model_or_pipeline	"restore_barrier_written_now": False,
restore_barrier	admin_core/autonomy_trust_acceleration.py	9576	admin_core_read_model_or_pipeline	"restore_barrier_written_now": False,
restore_barrier	admin_core/autonomy_trust_acceleration.py	9818	admin_core_read_model_or_pipeline	"restore_barrier_written_now": False,
restore_barrier	admin_core/autonomy_trust_acceleration.py	10023	admin_core_read_model_or_pipeline	"restore_barrier_written_now": False,
dynamic_blast_radius	admin_core/autonomy_trust_acceleration.py	10203	admin_core_read_model_or_pipeline	"tools/v7-users-autoswitch dynamic_blast_radius",
restore_barrier	admin_core/autonomy_trust_acceleration.py	10243	admin_core_read_model_or_pipeline	"restore_barrier_written_now": False,
dynamic_blast_radius	admin_core/autonomy_trust_acceleration.py	10375	admin_core_read_model_or_pipeline	"tools/v7-users-autoswitch dynamic_blast_radius",
restore_barrier	admin_core/autonomy_trust_acceleration.py	10439	admin_core_read_model_or_pipeline	"restore_barrier_written_now": False,
restore_barrier	admin_core/autonomy_trust_acceleration.py	10615	admin_core_read_model_or_pipeline	"restore_barrier_written_now": False,
selected_moves	admin_core/autonomy_trust_acceleration.py	10631	admin_core_read_model_or_pipeline	selected = record.get("selected_moves") if isinstance(record.get("selected_moves"), list) else []
decisions	admin_core/autonomy_trust_acceleration.py	11056	admin_core_read_model_or_pipeline	"reviewable_decisions": (operator_comparisons.get("current") or {}).get("reviewable_decisions", 0),
decisions	admin_core/autonomy_trust_acceleration.py	11057	admin_core_read_model_or_pipeline	"reviewed_decisions": (operator_comparisons.get("current") or {}).get("reviewed_decisions", 0),
decisions	admin_core/autonomy_trust_acceleration.py	11327	admin_core_read_model_or_pipeline	"reviewable_decisions": shadow_model.get("operator_review_packet", {}).get("reviewable_decisions", 0),
decisions	admin_core/autonomy_trust_acceleration.py	11328	admin_core_read_model_or_pipeline	"reviewed_decisions": shadow_model.get("operator_review_packet", {}).get("reviewed_decisions", 0),
operation_id	admin_core/operator_views.py	30	admin_core_read_model_or_pipeline	def operation_detail(operation_id: str, *, repo_root: Path) -> dict:
operation_id	admin_core/operator_views.py	31	admin_core_read_model_or_pipeline	return operator_observability.build_operator_operation_detail(operation_id, repo_root=repo_root)
operation_id	admin_core/operator_views.py	53	admin_core_read_model_or_pipeline	def audit_export_preview(operation_id: str = "", *, repo_root: Path) -> dict:
operation_id	admin_core/operator_views.py	54	admin_core_read_model_or_pipeline	return operator_observability.build_operator_audit_export_preview(operation_id, repo_root=repo_root)
operation_id	admin_core/operator_views.py	57	admin_core_read_model_or_pipeline	def execution_governance_preview(operation_id: str = "", *, repo_root: Path) -> dict:
operation_id	admin_core/operator_views.py	58	admin_core_read_model_or_pipeline	return operator_observability.build_operator_execution_governance_preview(operation_id, repo_root=repo_root)
operation_id	admin_core/operator_views.py	61	admin_core_read_model_or_pipeline	def execution_rehearsal_preview(operation_id: str = "", *, repo_root: Path) -> dict:
operation_id	admin_core/operator_views.py	62	admin_core_read_model_or_pipeline	return operator_observability.build_operator_execution_rehearsal_preview(operation_id, repo_root=repo_root)
terminal_reason	admin_core/intelligence_platform.py	578	admin_core_read_model_or_pipeline	row.get("terminal_reason"),
terminal_reason	admin_core/intelligence_platform.py	584	admin_core_read_model_or_pipeline	operation.get("terminal_reason"),
affected_users	admin_core/intelligence_platform.py	661	admin_core_read_model_or_pipeline	radius = as_float(row.get("blast_radius"), row.get("affected_users", 0.0))
restore_barrier	admin_core/intelligence_platform.py	835	admin_core_read_model_or_pipeline	"restore_barrier": "admin_core/operator_execution.py",
selected_move_count	admin_core/intelligence_platform.py	859	admin_core_read_model_or_pipeline	selected_move_count: int = 0,
selected_move_count	admin_core/intelligence_platform.py	870	admin_core_read_model_or_pipeline	selected_count = max(0, int(selected_move_count))
restore_barrier	admin_core/intelligence_platform.py	879	admin_core_read_model_or_pipeline	{"step": "virtual_restore_barrier_check", "mode": "shadow", "required": True, "passed": True},
selected_move_count	admin_core/intelligence_platform.py	894	admin_core_read_model_or_pipeline	"selected_move_count": selected_count,
selected_move_count	admin_core/intelligence_platform.py	1061	admin_core_read_model_or_pipeline	selected_move_count=1,
selected_moves	admin_core/intelligence_platform.py	1170	admin_core_read_model_or_pipeline	"selected_moves_write_authority": "none",
operation_id	admin_core/intelligence_platform.py	1362	admin_core_read_model_or_pipeline	"operation_id",
selected_moves	admin_core/intelligence_platform.py	1606	admin_core_read_model_or_pipeline	"write_selected_moves",
current_egress	admin_core/intelligence_platform.py	1699	admin_core_read_model_or_pipeline	current_channel = str(user_row.get("current_channel") or user_row.get("current_egress") or user_row.get("egress") or "")
selected_move_count	admin_core/intelligence_platform.py	1784	admin_core_read_model_or_pipeline	(planner_cycle.get("operation") or {}).get("selected_move_count")
selected_move_count	admin_core/intelligence_platform.py	1786	admin_core_read_model_or_pipeline	else planner_cycle.get("selected_move_count"),
operation_id	admin_core/intelligence_platform.py	1808	admin_core_read_model_or_pipeline	"operation_id": (planner_cycle.get("operation") or {}).get("operation_id") if isinstance(planner_cycle.get("operation"), dict) else "",
selected_move_count	admin_core/intelligence_platform.py	1809	admin_core_read_model_or_pipeline	"selected_move_count": int(selected_count),
restore_barrier	admin_core/intelligence_platform.py	1863	admin_core_read_model_or_pipeline	"restore_barrier": True,
selected_moves	admin_core/intelligence_platform.py	2184	admin_core_read_model_or_pipeline	"selected_moves_write_authority": "none",
decisions	admin_core/shadow_autonomy.py	3	admin_core_read_model_or_pipeline	This module is pure. It derives shadow decisions from the existing operator
decisions	admin_core/shadow_autonomy.py	23	admin_core_read_model_or_pipeline	"minimum_decisions": 10,
decisions	admin_core/shadow_autonomy.py	115	admin_core_read_model_or_pipeline	def build_shadow_decisions(decision_surface: dict[str, Any], *, now: str = "") -> list[dict[str, Any]]:
decisions	admin_core/shadow_autonomy.py	117	admin_core_read_model_or_pipeline	decisions = [shadow_decision_record(row, now=now) for row in rows if isinstance(row, dict)]
decisions	admin_core/shadow_autonomy.py	118	admin_core_read_model_or_pipeline	return sorted(decisions, key=lambda row: (row.get("recommended_action") != "MOVE_USER", row.get("user", "")))
decisions	admin_core/shadow_autonomy.py	188	admin_core_read_model_or_pipeline	def decision_quality_summary(decisions: list[dict[str, Any]], history: list[dict[str, Any]]) -> dict[str, Any]:
decisions	admin_core/shadow_autonomy.py	190	admin_core_read_model_or_pipeline	compared = [comparisons[row["decision_id"]] for row in decisions if row.get("decision_id") in comparisons]
decisions	admin_core/shadow_autonomy.py	194	admin_core_read_model_or_pipeline	confidence_values = [as_float(row.get("confidence"), 0.0) for row in decisions]
decisions	admin_core/shadow_autonomy.py	197	admin_core_read_model_or_pipeline	"decisions_total": len(decisions),
decisions	admin_core/shadow_autonomy.py	212	admin_core_read_model_or_pipeline	def confidence_model(decisions: list[dict[str, Any]], quality: dict[str, Any]) -> dict[str, Any]:
decisions	admin_core/shadow_autonomy.py	240	admin_core_read_model_or_pipeline	def observation_window(decisions: list[dict[str, Any]], history: list[dict[str, Any]]) -> dict[str, Any]:
decisions	admin_core/shadow_autonomy.py	253	admin_core_read_model_or_pipeline	observed_decisions = len({str(row.get("decision_id") or "") for row in decision_history if row.get("decision_id")})
decisions	admin_core/shadow_autonomy.py	254	admin_core_read_model_or_pipeline	observed_decisions = max(observed_decisions, len(decisions))
decisions	admin_core/shadow_autonomy.py	263	admin_core_read_model_or_pipeline	"minimum_decisions": targets["minimum_decisions"],
decisions	admin_core/shadow_autonomy.py	268	admin_core_read_model_or_pipeline	"decisions_observed": observed_decisions,
decisions	admin_core/shadow_autonomy.py	271	admin_core_read_model_or_pipeline	"enough_decisions": observed_decisions >= targets["minimum_decisions"],
decisions	admin_core/shadow_autonomy.py	274	admin_core_read_model_or_pipeline	"real shadow decisions",
decisions	admin_core/shadow_autonomy.py	309	admin_core_read_model_or_pipeline	def confidence_evolution(decisions: list[dict[str, Any]], history: list[dict[str, Any]], confidence: dict[str, Any]) -> dict[str, Any]:
decisions	admin_core/shadow_autonomy.py	312	admin_core_read_model_or_pipeline	values.extend(as_float(row.get("confidence"), 0.0) for row in decisions if row.get("confidence") is not None)
decisions	admin_core/shadow_autonomy.py	336	admin_core_read_model_or_pipeline	def explainability_review(decisions: list[dict[str, Any]], history: list[dict[str, Any]]) -> dict[str, Any]:
decisions	admin_core/shadow_autonomy.py	338	admin_core_read_model_or_pipeline	explained_decisions = sum(1 for row in decisions if str(row.get("reason") or "").strip())
decisions	admin_core/shadow_autonomy.py	342	admin_core_read_model_or_pipeline	"shadow_explanations_present": explained_decisions == len(decisions) if decisions else False,
decisions	admin_core/shadow_autonomy.py	343	admin_core_read_model_or_pipeline	"shadow_explanations_total": explained_decisions,
decisions	admin_core/shadow_autonomy.py	346	admin_core_read_model_or_pipeline	"understandable_for_operator": explained_decisions > 0,
decisions	admin_core/shadow_autonomy.py	396	admin_core_read_model_or_pipeline	def build_operator_review_packet(decisions: list[dict[str, Any]], history: list[dict[str, Any]]) -> dict[str, Any]:
decisions	admin_core/shadow_autonomy.py	399	admin_core_read_model_or_pipeline	for decision in decisions:
decisions	admin_core/shadow_autonomy.py	428	admin_core_read_model_or_pipeline	"reviewable_decisions": len(reviewable),
decisions	admin_core/shadow_autonomy.py	429	admin_core_read_model_or_pipeline	"reviewed_decisions": len(reviewed),
decisions	admin_core/shadow_autonomy.py	431	admin_core_read_model_or_pipeline	"allowed_operator_decisions": ["agree", "disagree", "override"],
decisions	admin_core/shadow_autonomy.py	475	admin_core_read_model_or_pipeline	enough = bool(observation.get("enough_decisions") and observation.get("enough_comparisons"))
decisions	admin_core/shadow_autonomy.py	478	admin_core_read_model_or_pipeline	"decision_count": quality.get("decisions_total", 0),
decisions	admin_core/shadow_autonomy.py	490	admin_core_read_model_or_pipeline	("minimum_decisions", observation.get("enough_decisions")),
decisions	admin_core/shadow_autonomy.py	541	admin_core_read_model_or_pipeline	decisions = build_shadow_decisions(decision_surface, now=now)
decisions	admin_core/shadow_autonomy.py	542	admin_core_read_model_or_pipeline	quality = decision_quality_summary(decisions, history)
decisions	admin_core/shadow_autonomy.py	543	admin_core_read_model_or_pipeline	confidence = confidence_model(decisions, quality)
decisions	admin_core/shadow_autonomy.py	544	admin_core_read_model_or_pipeline	observation = observation_window(decisions, history)
decisions	admin_core/shadow_autonomy.py	546	admin_core_read_model_or_pipeline	evolution = confidence_evolution(decisions, history, confidence)
decisions	admin_core/shadow_autonomy.py	547	admin_core_read_model_or_pipeline	explainability = explainability_review(decisions, history)
decisions	admin_core/shadow_autonomy.py	549	admin_core_read_model_or_pipeline	review_packet = build_operator_review_packet(decisions, history)
decisions	admin_core/shadow_autonomy.py	559	admin_core_read_model_or_pipeline	"current_decisions": decisions,
decisions	admin_core/shadow_autonomy.py	603	admin_core_read_model_or_pipeline	"shadow_autonomy_certified": bool(decisions),
decisions	admin_core/shadow_autonomy.py	606	admin_core_read_model_or_pipeline	"single_blocker": gaps.get("single_blocker") if decisions else "NO_SHADOW_DECISIONS_AVAILABLE",
restore_barrier	tools/v7-egress-quality-compact	75	tooling_or_runtime_support	def restore_barrier_write_pause(restore_barrier_file: Path) -> dict[str, Any]:
restore_barrier	tools/v7-egress-quality-compact	76	tooling_or_runtime_support	barrier = read_json(restore_barrier_file, {})
restore_barrier	tools/v7-egress-quality-compact	80	tooling_or_runtime_support	"restore_barrier_file": str(restore_barrier_file),
restore_barrier	tools/v7-egress-quality-compact	82	tooling_or_runtime_support	"reason": "restore_barrier_not_active",
restore_barrier	tools/v7-egress-quality-compact	89	tooling_or_runtime_support	status["reason"] = "restore_barrier_missing_or_empty"
selected_moves	tools/v7-egress-quality-compact	93	tooling_or_runtime_support	expected_moves = int(to_float(barrier.get("clearance_expected_selected_moves"), 0.0))
selected_moves	tools/v7-egress-quality-compact	94	tooling_or_runtime_support	selected_hash = str(barrier.get("approved_selected_moves_hash") or "")
restore_barrier	tools/v7-egress-quality-compact	100	tooling_or_runtime_support	"reason": "active_restore_barrier_clearance_window",
selected_moves	tools/v7-egress-quality-compact	102	tooling_or_runtime_support	"clearance_expected_selected_moves": expected_moves,
selected_moves	tools/v7-egress-quality-compact	104	tooling_or_runtime_support	"approved_selected_moves_hash": selected_hash,
selected_moves	tools/v7-egress-quality-compact	109	tooling_or_runtime_support	status["clearance_expected_selected_moves"] = expected_moves
restore_barrier	tools/v7-egress-quality-compact	110	tooling_or_runtime_support	status["reason"] = "restore_barrier_not_blocking_quality_summary_writer"
restore_barrier	tools/v7-egress-quality-compact	341	tooling_or_runtime_support	restore_barrier_file = Path(args.restore_barrier_file)
restore_barrier	tools/v7-egress-quality-compact	345	tooling_or_runtime_support	restore_barrier_pause = restore_barrier_write_pause(restore_barrier_file)
restore_barrier	tools/v7-egress-quality-compact	346	tooling_or_runtime_support	if restore_barrier_pause.get("pause_writes"):
restore_barrier	tools/v7-egress-quality-compact	355	tooling_or_runtime_support	"restore_barrier_pause": restore_barrier_pause,
restore_barrier	tools/v7-egress-quality-compact	392	tooling_or_runtime_support	"restore_barrier_pause": restore_barrier_pause,
decisions	tools/v7-intelligence-snapshot-refresh	6	tooling_or_runtime_support	services, or integrate snapshots into planner decisions.
proposal	tools/v7-intelligence-snapshot-refresh	61	tooling_or_runtime_support	parser.add_argument("--proposal-records-file", default="")
proposal	tools/v7-intelligence-snapshot-refresh	245	tooling_or_runtime_support	proposal_records_file = Path(args.proposal_records_file) if args.proposal_records_file else state_dir / "proposal-records.jsonl"
proposal	tools/v7-intelligence-snapshot-refresh	261	tooling_or_runtime_support	proposal_records_file,
proposal	tools/v7-intelligence-snapshot-refresh	262	tooling_or_runtime_support	state_dir / "proposals.jsonl",
selected_moves	tools/v7-governed-canary-dry-run-cycle	178	tooling_or_runtime_support	def selected_moves_from_planner_payload(payload: dict[str, Any]) -> list[dict[str, Any]]:
restore_barrier	tools/v7-governed-canary-dry-run-cycle	180	tooling_or_runtime_support	barrier = safety.get("restore_barrier") if isinstance(safety.get("restore_barrier"), dict) else {}
selected_moves	tools/v7-governed-canary-dry-run-cycle	181	tooling_or_runtime_support	rows = payload.get("selected_moves") if isinstance(payload.get("selected_moves"), list) else []
decisions	tools/v7-governed-canary-dry-run-cycle	185	tooling_or_runtime_support	rows = payload.get("decisions") if isinstance(payload.get("decisions"), list) else []
current_egress	tools/v7-governed-canary-dry-run-cycle	191	tooling_or_runtime_support	current = str(row.get("current_egress") or row.get("from") or "")
recommended_egress	tools/v7-governed-canary-dry-run-cycle	192	tooling_or_runtime_support	target = str(row.get("recommended_egress") or row.get("to") or "")
proposal	tools/v7-governed-canary-dry-run-cycle	440	tooling_or_runtime_support	state_dir / "proposal-records.jsonl",
proposal	tools/v7-governed-canary-dry-run-cycle	441	tooling_or_runtime_support	state_dir / "proposals.jsonl",
operation_id	tools/v7-governed-canary-dry-run-cycle	454	tooling_or_runtime_support	"operation_id": str(args.approved_operation_id or ""),
selected_move_hash	tools/v7-governed-canary-dry-run-cycle	455	tooling_or_runtime_support	"selected_move_hash": str(args.approved_selected_move_hash or ""),
restore_barrier	tools/v7-governed-canary-dry-run-cycle	480	tooling_or_runtime_support	"restore_barrier_written_now": False,
selected_move_count	tools/v7-governed-canary-dry-run-cycle	506	tooling_or_runtime_support	selected_count = int(expected.get("selected_move_count") or 0)
selected_move_count	tools/v7-governed-canary-dry-run-cycle	511	tooling_or_runtime_support	errors.append("selected_move_count_not_one")
selected_move_count	tools/v7-governed-canary-dry-run-cycle	524	tooling_or_runtime_support	"selected_move_count": selected_count,
restore_barrier	tools/v7-governed-canary-dry-run-cycle	533	tooling_or_runtime_support	restore_barrier_file: Path,
restore_barrier	tools/v7-governed-canary-dry-run-cycle	554	tooling_or_runtime_support	str(restore_barrier_file),
selected_move_hash	tools/v7-governed-canary-dry-run-cycle	616	tooling_or_runtime_support	selected_move_hash = str((packet.get("expected") or {}).get("selected_move_hash") or "")
terminal_reason	tools/v7-governed-canary-dry-run-cycle	631	tooling_or_runtime_support	"terminal_reason": str(operation.get("terminal_reason") or ""),
operation_id	tools/v7-governed-canary-dry-run-cycle	635	tooling_or_runtime_support	"operation_id": str(packet.get("operation_id") or operation.get("operation_id") or ""),
selected_move_hash	tools/v7-governed-canary-dry-run-cycle	636	tooling_or_runtime_support	"selected_move_hash": selected_move_hash,
selected_moves	tools/v7-governed-canary-dry-run-cycle	637	tooling_or_runtime_support	"selected_moves": [{"user": user, "from": source, "target": target, "to": target}],
selected_move_hash	tools/v7-governed-canary-dry-run-cycle	670	tooling_or_runtime_support	recommendation_hash=selected_move_hash,
operation_id	tools/v7-governed-canary-dry-run-cycle	674	tooling_or_runtime_support	closure_reference=str(operation.get("operation_id") or packet.get("operation_id") or packet_id),
proposal	tools/v7-governed-canary-dry-run-cycle	681	tooling_or_runtime_support	append_jsonl(state_dir / "proposal-records.jsonl", records["recommendation"])
decisions	tools/v7-governed-canary-dry-run-cycle	741	tooling_or_runtime_support	shadow_history = read_jsonl_family(state_dir / "shadow-autonomy-decisions.jsonl")
selected_moves	tools/v7-governed-canary-dry-run-cycle	754	tooling_or_runtime_support	moves = selected_moves_from_planner_payload(planner_observe.get("payload", {}))
restore_barrier	tools/v7-governed-canary-dry-run-cycle	811	tooling_or_runtime_support	duplicate_guard_stage="pre_lease_pre_restore_barrier_pre_apply",
restore_barrier	tools/v7-governed-canary-dry-run-cycle	819	tooling_or_runtime_support	evidence_guard_stage="pre_lease_pre_restore_barrier_pre_apply",
restore_barrier	tools/v7-governed-canary-dry-run-cycle	827	tooling_or_runtime_support	restore_barrier_file = Path(args.restore_barrier_file) if args.restore_barrier_file else state_dir / "autoswitch-restore-barrier.json"
restore_barrier	tools/v7-governed-canary-dry-run-cycle	835	tooling_or_runtime_support	restore_barrier_file=restore_barrier_file,
restore_barrier	tools/v7-governed-canary-dry-run-cycle	843	tooling_or_runtime_support	operation={"terminal_state": "STOP_SAFE", "terminal_reason": "restore_barrier_clearance_denied", "apply_result": {"applied": False, "results": []}},
restore_barrier	tools/v7-governed-canary-dry-run-cycle	846	tooling_or_runtime_support	"restore_barrier_clearance_denied",
restore_barrier	tools/v7-governed-canary-dry-run-cycle	858	tooling_or_runtime_support	restore_barrier_file=restore_barrier_file,
terminal_reason	tools/v7-governed-canary-dry-run-cycle	869	tooling_or_runtime_support	reason=str(operation.get("terminal_reason") or "governed_transaction_complete"),
operation_id	tools/v7-governed-canary-dry-run-cycle	893	tooling_or_runtime_support	"operation_id": packet.get("operation_id", ""),
selected_move_hash	tools/v7-governed-canary-dry-run-cycle	894	tooling_or_runtime_support	"selected_move_hash": (packet.get("expected") or {}).get("selected_move_hash", ""),
restore_barrier	tools/v7-governed-canary-dry-run-cycle	900	tooling_or_runtime_support	"restore_barrier_written_now": bool((clearance_result.get("clearance_result") or {}).get("ok")),
proposal	tools/v7-governed-canary-dry-run-cycle	955	tooling_or_runtime_support	state_dir / "proposal-records.jsonl",
proposal	tools/v7-governed-canary-dry-run-cycle	956	tooling_or_runtime_support	state_dir / "proposals.jsonl",
restore_barrier	tools/v7-governed-canary-dry-run-cycle	1209	tooling_or_runtime_support	"restore_barrier_written_now": False,
decisions	tools/v7-governed-canary-dry-run-cycle	1236	tooling_or_runtime_support	shadow_history = read_jsonl_family(state_dir / "shadow-autonomy-decisions.jsonl")
selected_moves	tools/v7-governed-canary-dry-run-cycle	1253	tooling_or_runtime_support	moves = selected_moves_from_planner_payload(planner_observe.get("payload", {}))
selected_moves	tools/v7-restore-settle-gate	85	tooling_or_runtime_support	selected_moves = payload.get("selected_moves", 0)
selected_moves	tools/v7-restore-settle-gate	86	tooling_or_runtime_support	if isinstance(selected_moves, list):
selected_moves	tools/v7-restore-settle-gate	87	tooling_or_runtime_support	selected_moves_count = len(selected_moves)
selected_moves	tools/v7-restore-settle-gate	89	tooling_or_runtime_support	selected_moves_count = int(selected_moves or 0)
selected_moves	tools/v7-restore-settle-gate	94	tooling_or_runtime_support	"selected_moves": selected_moves_count,
candidate_moves_total	tools/v7-restore-settle-gate	95	tooling_or_runtime_support	"candidate_moves_total": int(payload.get("candidate_moves_total") or 0),
selected_moves	tools/v7-restore-settle-gate	110	tooling_or_runtime_support	selected = extract_int(r"selected_moves[=:\s]+(\d+)", text, 0)
selected_moves	tools/v7-restore-settle-gate	111	tooling_or_runtime_support	if selected == 0 and '"selected_moves": [' in text and '"selected_moves": []' not in text:
current_egress	tools/v7-restore-settle-gate	125	tooling_or_runtime_support	or "current_egress_not_eligible" in lower
selected_moves	tools/v7-restore-settle-gate	157	tooling_or_runtime_support	"selected_moves": selected,
candidate_moves_total	tools/v7-restore-settle-gate	158	tooling_or_runtime_support	"candidate_moves_total": candidate_total,
selected_moves	tools/v7-restore-settle-gate	180	tooling_or_runtime_support	"selected_moves": 3,
candidate_moves_total	tools/v7-restore-settle-gate	181	tooling_or_runtime_support	"candidate_moves_total": 16,
selected_moves	tools/v7-restore-settle-gate	193	tooling_or_runtime_support	if "DOWN_GRACE" in text and '"selected_moves": []' in text:
selected_moves	tools/v7-restore-settle-gate	199	tooling_or_runtime_support	"selected_moves": 0,
candidate_moves_total	tools/v7-restore-settle-gate	200	tooling_or_runtime_support	"candidate_moves_total": 0,
selected_moves	tools/v7-restore-settle-gate	289	tooling_or_runtime_support	selected_by_sample = [int(sample.get("selected_moves") or 0) for sample in samples]
selected_moves	tools/v7-restore-settle-gate	306	tooling_or_runtime_support	reasons.append("selected_moves_observed")
selected_moves	tools/v7-restore-settle-gate	350	tooling_or_runtime_support	"selected_moves_by_sample": selected_by_sample,
selected_moves	tools/v7-restore-settle-gate	373	tooling_or_runtime_support	if "selected_moves_observed" in reasons or "telegram_hard_block_observed" in reasons:
selected_moves	tools/v7-restore-settle-gate	391	tooling_or_runtime_support	"selected_moves_by_sample",
decisions	tools/v7-path-optimizer-advice	62	tooling_or_runtime_support	next_action = "Measure server-to-egress baseline before client path decisions."
decisions	tools/v7-path-optimizer-advice	93	tooling_or_runtime_support	path_decisions: list[str] = []
decisions	tools/v7-path-optimizer-advice	100	tooling_or_runtime_support	path_decisions.append(row["decision"])
decisions	tools/v7-path-optimizer-advice	107	tooling_or_runtime_support	path_decisions.append("pending_sample")
decisions	tools/v7-path-optimizer-advice	115	tooling_or_runtime_support	elif "production" in path_decisions:
decisions	tools/v7-path-optimizer-advice	118	tooling_or_runtime_support	elif "tune" in path_decisions:
decisions	tools/v7-path-optimizer-advice	121	tooling_or_runtime_support	elif "quarantine" in path_decisions:
restore_barrier	tools/v7-truth-check	497	tooling_or_runtime_support	"restore_barrier_known",
affected_users	tools/v7-observability-summary	620	tooling_or_runtime_support	"affected_users": groups["users"]["affected"],
current_egress	tools/v7-second-canary-target-readiness	226	tooling_or_runtime_support	def candidate_status(users: list[dict[str, str]], candidate_user: str, current_egress: str) -> dict[str, Any]:
current_egress	tools/v7-second-canary-target-readiness	230	tooling_or_runtime_support	"expected_current_egress": current_egress,
current_egress	tools/v7-second-canary-target-readiness	244	tooling_or_runtime_support	"current_egress": row.get("current", ""),
current_egress	tools/v7-second-canary-target-readiness	250	tooling_or_runtime_support	if row.get("current") != current_egress:
current_egress	tools/v7-second-canary-target-readiness	251	tooling_or_runtime_support	result["reasons"].append(f"candidate current egress is {row.get('current')}, expected {current_egress}")
current_egress	tools/v7-second-canary-target-readiness	271	tooling_or_runtime_support	current_egress: str,
current_egress	tools/v7-second-canary-target-readiness	294	tooling_or_runtime_support	if egress_id == current_egress:
current_egress	tools/v7-second-canary-target-readiness	386	tooling_or_runtime_support	current_egress: str,
current_egress	tools/v7-second-canary-target-readiness	393	tooling_or_runtime_support	candidate = candidate_status(users, candidate_user, current_egress)
current_egress	tools/v7-second-canary-target-readiness	395	tooling_or_runtime_support	evaluate_target(row, state, registry_counts, current_egress, execution_target_id)
current_egress	tools/v7-second-canary-target-readiness	397	tooling_or_runtime_support	if row.get("id") and row.get("id") != current_egress
current_egress	tools/v7-second-canary-target-readiness	439	tooling_or_runtime_support	"current_egress": current_egress,
current_egress	tools/v7-second-canary-target-readiness	461	tooling_or_runtime_support	print(f"current_egress={report['current_egress']}")
current_egress	tools/v7-second-canary-target-readiness	500	tooling_or_runtime_support	args.current_egress,
current_egress	tools/v7-route-movement-preview	254	tooling_or_runtime_support	"current_egress": current,
selected_moves	tools/v7-control-plane-governance-check	679	tooling_or_runtime_support	"selected_moves": Path("docs/track7/control-plane/e11_18-evidence/current-selected-moves-local-state-copy.json"),
selected_moves	tools/v7-control-plane-governance-check	690	tooling_or_runtime_support	"selected_moves": Path("docs/track7/control-plane/e12-evidence/current-selected-moves-local-state-copy.json"),
selected_moves	tools/v7-control-plane-governance-check	1066	tooling_or_runtime_support	selected_moves = "3" if "selected_moves=3" in classification else "unknown"
candidate_moves_total	tools/v7-control-plane-governance-check	1067	tooling_or_runtime_support	candidate_moves_total = "15" if "candidate_moves_total=15" in classification else "unknown"
selected_moves	tools/v7-control-plane-governance-check	1088	tooling_or_runtime_support	f"selected_moves={selected_moves} candidate_moves_total={candidate_moves_total} "
current_egress	tools/v7-control-plane-governance-check	1089	tooling_or_runtime_support	"target=vless reason=current_egress_not_eligible"
selected_moves	tools/v7-control-plane-governance-check	1147	tooling_or_runtime_support	"selected_moves_count": 3 if "selected_moves_count=3" in report or "selected_moves_count=3" in matrix else None,
selected_moves	tools/v7-control-plane-governance-check	1148	tooling_or_runtime_support	"selected_moves_summary": "10.0.0.2:1->vless,10.0.0.3:1->vless,10.0.0.6:1->vless",
current_egress	tools/v7-control-plane-governance-check	1172	tooling_or_runtime_support	"single_transient_non_telegram_service_failure_can_hard_block_current_egress"
selected_moves	tools/v7-control-plane-governance-check	1216	tooling_or_runtime_support	"selected_moves_for_single_instagram_failure_after_fix": 0
selected_moves	tools/v7-control-plane-governance-check	1217	tooling_or_runtime_support	if "selected_moves_for_single_instagram_failure_after_fix=0" in report
selected_moves	tools/v7-control-plane-governance-check	1218	tooling_or_runtime_support	or "actual: candidate_moves_total=0, selected_moves=0" in dry_run
selected_moves	tools/v7-control-plane-governance-check	1252	tooling_or_runtime_support	selected_moves_zero = (
selected_moves	tools/v7-control-plane-governance-check	1253	tooling_or_runtime_support	"latest_observed_selected_moves=[]" in proof
selected_moves	tools/v7-control-plane-governance-check	1254	tooling_or_runtime_support	or '"selected_moves": []' in planner
selected_moves	tools/v7-control-plane-governance-check	1255	tooling_or_runtime_support	or "planner_only_selected_moves=[]" in report
selected_moves	tools/v7-control-plane-governance-check	1285	tooling_or_runtime_support	"planner_only_selected_moves": 0 if selected_moves_zero else None,
selected_moves	tools/v7-control-plane-governance-check	1286	tooling_or_runtime_support	"planner_only_behavior_proven": runtime_deployed and selected_moves_zero and apply_timer_held,
selected_moves	tools/v7-control-plane-governance-check	1313	tooling_or_runtime_support	selected_moves = 3 if "final_planner_selected_moves=3" in classification else None
selected_moves	tools/v7-control-plane-governance-check	1337	tooling_or_runtime_support	"final_planner_selected_moves": selected_moves,
selected_moves	tools/v7-control-plane-governance-check	1340	tooling_or_runtime_support	"broad_failover_observed": True if selected_moves and selected_moves > 0 else None,
selected_moves	tools/v7-control-plane-governance-check	1356	tooling_or_runtime_support	"classify_post_policy_selected_moves_before_apply_restore"
selected_moves	tools/v7-control-plane-governance-check	1389	tooling_or_runtime_support	"selected_moves=[]" in report
selected_moves	tools/v7-control-plane-governance-check	1391	tooling_or_runtime_support	) or '"selected_moves": []' in snapshot
candidate_moves_total	tools/v7-control-plane-governance-check	1396	tooling_or_runtime_support	or "candidate_moves_total=16" in candidate_matrix
selected_moves	tools/v7-control-plane-governance-check	1399	tooling_or_runtime_support	selected_moves_count = (
selected_moves	tools/v7-control-plane-governance-check	1401	tooling_or_runtime_support	if "selected_moves_count=3" in report
selected_moves	tools/v7-control-plane-governance-check	1402	tooling_or_runtime_support	or "selected_moves_count=3" in candidate_matrix
selected_moves	tools/v7-control-plane-governance-check	1418	tooling_or_runtime_support	"selected_moves_count": selected_moves_count,
selected_moves	tools/v7-control-plane-governance-check	1419	tooling_or_runtime_support	"selected_moves_summary": (
selected_moves	tools/v7-control-plane-governance-check	1421	tooling_or_runtime_support	if selected_moves_count == 3
selected_moves	tools/v7-control-plane-governance-check	1468	tooling_or_runtime_support	selected_moves_zero = "final_planner_selected_moves=0" in report or "selected_moves=0" in verdict
selected_moves	tools/v7-control-plane-governance-check	1477	tooling_or_runtime_support	"final_planner_selected_moves": 0 if selected_moves_zero else None,
selected_moves	tools/v7-control-plane-governance-check	1541	tooling_or_runtime_support	selected_moves_empty = '"selected_moves": []' in combined or "selected_moves=[]" in combined
selected_moves	tools/v7-control-plane-governance-check	1560	tooling_or_runtime_support	"selected_moves_status": (
selected_moves	tools/v7-control-plane-governance-check	1561	tooling_or_runtime_support	"delayed_timer_driven_failover_then_selected_moves_empty"
selected_moves	tools/v7-control-plane-governance-check	1562	tooling_or_runtime_support	if selected_moves_empty and delayed_side_effects
selected_moves	tools/v7-control-plane-governance-check	1708	tooling_or_runtime_support	selected_moves = pre_json.get("selected_moves_by_sample") or []
selected_moves	tools/v7-control-plane-governance-check	1725	tooling_or_runtime_support	"selected_moves_all_zero": bool(selected_moves) and all(int(value) == 0 for value in selected_moves),
current_egress	tools/v7-control-plane-governance-check	2329	tooling_or_runtime_support	"current_egress": report_value("current_egress", "UNKNOWN"),
selected_moves	tools/v7-control-plane-governance-check	2438	tooling_or_runtime_support	final_selected_zero = monitor.count("selected_moves=0") >= 3
selected_moves	tools/v7-control-plane-governance-check	2477	tooling_or_runtime_support	"final_selected_moves_zero": final_selected_zero,
selected_moves	tools/v7-control-plane-governance-check	2526	tooling_or_runtime_support	"live_selected_moves_zero": (
selected_moves	tools/v7-control-plane-governance-check	2527	tooling_or_runtime_support	'"selected_moves": 0' in snapshot
selected_moves	tools/v7-control-plane-governance-check	2528	tooling_or_runtime_support	or "selected_moves=0" in snapshot
selected_moves	tools/v7-control-plane-governance-check	2529	tooling_or_runtime_support	or '"selected_moves": []' in snapshot
selected_moves	tools/v7-control-plane-governance-check	2591	tooling_or_runtime_support	"selected_moves_zero": (
selected_moves	tools/v7-control-plane-governance-check	2592	tooling_or_runtime_support	"selected_moves=0" in snapshot
selected_moves	tools/v7-control-plane-governance-check	2593	tooling_or_runtime_support	or '"selected_moves": 0' in snapshot
selected_moves	tools/v7-control-plane-governance-check	2594	tooling_or_runtime_support	or '"selected_moves": []' in snapshot
selected_moves	tools/v7-control-plane-governance-check	2707	tooling_or_runtime_support	and samples.count('"selected_moves": 0') >= 3
restore_barrier	tools/v7-control-plane-governance-check	2733	tooling_or_runtime_support	"restore_barrier_active": '"active": true' in barrier,
restore_barrier	tools/v7-control-plane-governance-check	2742	tooling_or_runtime_support	def e11_15_apply_restore_barrier_rehearsal_status() -> dict[str, Any]:
selected_moves	tools/v7-control-plane-governance-check	2768	tooling_or_runtime_support	selected_moves_samples = re.findall(r"selected_moves=(\d+)", observations)
selected_moves	tools/v7-control-plane-governance-check	2769	tooling_or_runtime_support	selected_moves_zero = selected_moves_samples and all(value == "0" for value in selected_moves_samples)
restore_barrier	tools/v7-control-plane-governance-check	2804	tooling_or_runtime_support	and "restore_barrier.active=true" in immediate + rehold
decisions	tools/v7-control-plane-governance-check	2806	tooling_or_runtime_support	or "decisions included `restore_barrier_failover_suppressed`" in rehold
selected_moves	tools/v7-control-plane-governance-check	2808	tooling_or_runtime_support	"selected_moves_during_rehearsal": report_value(
selected_moves	tools/v7-control-plane-governance-check	2809	tooling_or_runtime_support	"selected_moves_during_rehearsal",
selected_moves	tools/v7-control-plane-governance-check	2810	tooling_or_runtime_support	"0" if selected_moves_zero else "unknown",
selected_moves	tools/v7-control-plane-governance-check	2860	tooling_or_runtime_support	and '"selected_moves": 0' in post_fix
selected_moves	tools/v7-control-plane-governance-check	2891	tooling_or_runtime_support	"pre_fix_selected_moves": "3" if '"selected_moves": 3' in pre_fix else "unknown",
selected_moves	tools/v7-control-plane-governance-check	2892	tooling_or_runtime_support	"post_fix_selected_moves": "0" if '"selected_moves": 0' in post_fix else "unknown",
selected_moves	tools/v7-control-plane-governance-check	2933	tooling_or_runtime_support	'"clearance_selected_moves_before_guard": 3' in post_fix + observations + clearance
selected_moves	tools/v7-control-plane-governance-check	2935	tooling_or_runtime_support	and '"selected_moves": 0' in post_fix + observations + clearance
selected_moves	tools/v7-control-plane-governance-check	2944	tooling_or_runtime_support	and '"selected_moves": 0' in fail_closed
selected_moves	tools/v7-control-plane-governance-check	2955	tooling_or_runtime_support	"selected_moves_after_clearance": report_value(
selected_moves	tools/v7-control-plane-governance-check	2956	tooling_or_runtime_support	"selected_moves_after_clearance",
selected_moves	tools/v7-control-plane-governance-check	2957	tooling_or_runtime_support	"0" if '"selected_moves": 0' in observations else "unknown",
selected_moves	tools/v7-control-plane-governance-check	2959	tooling_or_runtime_support	"clearance_selected_moves_before_guard": "3"
selected_moves	tools/v7-control-plane-governance-check	2960	tooling_or_runtime_support	if '"clearance_selected_moves_before_guard": 3' in post_fix + observations + clearance
selected_moves	tools/v7-control-plane-governance-check	2985	tooling_or_runtime_support	"pre_fix_selected_moves": "3" if '"selected_moves": 3' in pre_fix else "unknown",
selected_moves	tools/v7-control-plane-governance-check	2986	tooling_or_runtime_support	"post_fix_selected_moves": "0" if '"selected_moves": 0' in post_fix else "unknown",
selected_moves	tools/v7-control-plane-governance-check	3003	tooling_or_runtime_support	selected = read_text(E11_18_TWO_USER_PROMOTION_CLEAN_ARTIFACTS["selected_moves"])
selected_moves	tools/v7-control-plane-governance-check	3018	tooling_or_runtime_support	selected_zero = '"selected_moves": 0' in selected or '"selected_moves": []' in selected
selected_moves	tools/v7-control-plane-governance-check	3020	tooling_or_runtime_support	'"clearance_max_selected_moves": 0' in selected
selected_moves	tools/v7-control-plane-governance-check	3021	tooling_or_runtime_support	and '"clearance_selected_moves_before_guard": 3' in selected
selected_moves	tools/v7-control-plane-governance-check	3052	tooling_or_runtime_support	"current_selected_moves": "0" if selected_zero else "unknown",
candidate_moves_total	tools/v7-control-plane-governance-check	3053	tooling_or_runtime_support	"candidate_moves_total": "9" if '"candidate_moves_total": 9' in selected else "unknown",
restore_barrier	tools/v7-control-plane-governance-check	3078	tooling_or_runtime_support	and "clearance_guard_reason=restore_barrier_clearance_generation_token_missing" in nonzero
restore_barrier	tools/v7-control-plane-governance-check	3080	tooling_or_runtime_support	and "clearance_guard_reason=restore_barrier_clearance_budget_and_generation_ok" in nonzero
restore_barrier	tools/v7-control-plane-governance-check	3082	tooling_or_runtime_support	and "restore_barrier_clearance_generation_mismatch" in nonzero
selected_moves	tools/v7-control-plane-governance-check	3084	tooling_or_runtime_support	and "restore_barrier_clearance_selected_moves_hash_mismatch" in nonzero
selected_moves	tools/v7-control-plane-governance-check	3086	tooling_or_runtime_support	and "restore_barrier_clearance_selected_moves_count_mismatch" in nonzero
selected_moves	tools/v7-control-plane-governance-check	3094	tooling_or_runtime_support	and "selected_moves=0" in live
restore_barrier	tools/v7-control-plane-governance-check	3316	tooling_or_runtime_support	e11_15_apply_restore_barrier_rehearsal = (
restore_barrier	tools/v7-control-plane-governance-check	3317	tooling_or_runtime_support	e11_15_apply_restore_barrier_rehearsal_status()
current_egress	tools/v7-control-plane-governance-check	3426	tooling_or_runtime_support	"one_user_canary_current_egress": "vless" if canary_approval_packet_ready else "",
current_egress	tools/v7-control-plane-governance-check	3443	tooling_or_runtime_support	"second_canary_current_egress": "vless" if second_canary_approval_packet_ready else "",
selected_moves	tools/v7-control-plane-governance-check	3773	tooling_or_runtime_support	"egress_1_selected_moves_count": egress_1_root_cause[
selected_moves	tools/v7-control-plane-governance-check	3774	tooling_or_runtime_support	"selected_moves_count"
selected_moves	tools/v7-control-plane-governance-check	3776	tooling_or_runtime_support	"egress_1_selected_moves_summary": egress_1_root_cause[
selected_moves	tools/v7-control-plane-governance-check	3777	tooling_or_runtime_support	"selected_moves_summary"
selected_moves	tools/v7-control-plane-governance-check	3824	tooling_or_runtime_support	"autoswitch_transient_policy_selected_moves_for_single_instagram_failure_after_fix": transient_policy_fix[
selected_moves	tools/v7-control-plane-governance-check	3825	tooling_or_runtime_support	"selected_moves_for_single_instagram_failure_after_fix"
selected_moves	tools/v7-control-plane-governance-check	3850	tooling_or_runtime_support	"autoswitch_policy_deploy_planner_only_selected_moves": runtime_policy_deploy[
selected_moves	tools/v7-control-plane-governance-check	3851	tooling_or_runtime_support	"planner_only_selected_moves"
selected_moves	tools/v7-control-plane-governance-check	3883	tooling_or_runtime_support	"apply_restore_after_policy_fix_final_planner_selected_moves": apply_restore_after_policy_fix[
selected_moves	tools/v7-control-plane-governance-check	3884	tooling_or_runtime_support	"final_planner_selected_moves"
selected_moves	tools/v7-control-plane-governance-check	3937	tooling_or_runtime_support	"post_policy_selected_moves_count": post_policy_egress_1_root_cause[
selected_moves	tools/v7-control-plane-governance-check	3938	tooling_or_runtime_support	"selected_moves_count"
selected_moves	tools/v7-control-plane-governance-check	3940	tooling_or_runtime_support	"post_policy_selected_moves_summary": post_policy_egress_1_root_cause[
selected_moves	tools/v7-control-plane-governance-check	3941	tooling_or_runtime_support	"selected_moves_summary"
selected_moves	tools/v7-control-plane-governance-check	3968	tooling_or_runtime_support	"fresh_apply_restore_retry_final_planner_selected_moves": fresh_apply_restore_retry[
selected_moves	tools/v7-control-plane-governance-check	3969	tooling_or_runtime_support	"final_planner_selected_moves"
selected_moves	tools/v7-control-plane-governance-check	4037	tooling_or_runtime_support	"post_restore_selected_moves_status": post_apply_restore_monitoring[
selected_moves	tools/v7-control-plane-governance-check	4038	tooling_or_runtime_support	"selected_moves_status"
selected_moves	tools/v7-control-plane-governance-check	4143	tooling_or_runtime_support	"fresh_restore_selected_moves_all_zero": fresh_restore_settle_observation[
selected_moves	tools/v7-control-plane-governance-check	4144	tooling_or_runtime_support	"selected_moves_all_zero"
current_egress	tools/v7-control-plane-governance-check	4713	tooling_or_runtime_support	"e11_7_current_egress": (
current_egress	tools/v7-control-plane-governance-check	4714	tooling_or_runtime_support	e11_7_fresh_second_canary_approval["current_egress"]
selected_moves	tools/v7-control-plane-governance-check	4863	tooling_or_runtime_support	"e11_10_final_selected_moves_zero": (
selected_moves	tools/v7-control-plane-governance-check	4864	tooling_or_runtime_support	e11_10_second_canary_closeout["final_selected_moves_zero"]
selected_moves	tools/v7-control-plane-governance-check	4962	tooling_or_runtime_support	"e11_12_selected_moves_zero": (
selected_moves	tools/v7-control-plane-governance-check	4963	tooling_or_runtime_support	e11_12_two_user_mini_cohort["selected_moves_zero"]
restore_barrier	tools/v7-control-plane-governance-check	5070	tooling_or_runtime_support	"e11_14_restore_barrier_active": (
restore_barrier	tools/v7-control-plane-governance-check	5071	tooling_or_runtime_support	e11_14_delayed_apply_restore_fix["restore_barrier_active"]
restore_barrier	tools/v7-control-plane-governance-check	5077	tooling_or_runtime_support	"e11_15_apply_restore_barrier_rehearsal_artifacts": (
restore_barrier	tools/v7-control-plane-governance-check	5078	tooling_or_runtime_support	e11_15_apply_restore_barrier_rehearsal["artifacts"]
restore_barrier	tools/v7-control-plane-governance-check	5080	tooling_or_runtime_support	"e11_15_apply_restore_barrier_rehearsal_complete": (
restore_barrier	tools/v7-control-plane-governance-check	5081	tooling_or_runtime_support	e11_15_apply_restore_barrier_rehearsal["artifacts_complete"]
restore_barrier	tools/v7-control-plane-governance-check	5084	tooling_or_runtime_support	e11_15_apply_restore_barrier_rehearsal["barrier_rehearsal_executed"]
restore_barrier	tools/v7-control-plane-governance-check	5087	tooling_or_runtime_support	e11_15_apply_restore_barrier_rehearsal["apply_timer_restored"]
restore_barrier	tools/v7-control-plane-governance-check	5090	tooling_or_runtime_support	e11_15_apply_restore_barrier_rehearsal["apply_timer_final_state"]
restore_barrier	tools/v7-control-plane-governance-check	5093	tooling_or_runtime_support	e11_15_apply_restore_barrier_rehearsal["user_movement_observed"]
restore_barrier	tools/v7-control-plane-governance-check	5096	tooling_or_runtime_support	e11_15_apply_restore_barrier_rehearsal[
restore_barrier	tools/v7-control-plane-governance-check	5101	tooling_or_runtime_support	e11_15_apply_restore_barrier_rehearsal["barrier_consumed_by_apply"]
selected_moves	tools/v7-control-plane-governance-check	5103	tooling_or_runtime_support	"e11_15_selected_moves_during_rehearsal": (
restore_barrier	tools/v7-control-plane-governance-check	5104	tooling_or_runtime_support	e11_15_apply_restore_barrier_rehearsal[
selected_moves	tools/v7-control-plane-governance-check	5105	tooling_or_runtime_support	"selected_moves_during_rehearsal"
restore_barrier	tools/v7-control-plane-governance-check	5109	tooling_or_runtime_support	e11_15_apply_restore_barrier_rehearsal["barrier_ttl_status"]
restore_barrier	tools/v7-control-plane-governance-check	5112	tooling_or_runtime_support	e11_15_apply_restore_barrier_rehearsal["runtime_checks_ok"]
restore_barrier	tools/v7-control-plane-governance-check	5115	tooling_or_runtime_support	e11_15_apply_restore_barrier_rehearsal["regressions_observed"]
restore_barrier	tools/v7-control-plane-governance-check	5118	tooling_or_runtime_support	e11_15_apply_restore_barrier_rehearsal[
restore_barrier	tools/v7-control-plane-governance-check	5123	tooling_or_runtime_support	e11_15_apply_restore_barrier_rehearsal[
restore_barrier	tools/v7-control-plane-governance-check	5128	tooling_or_runtime_support	e11_15_apply_restore_barrier_rehearsal["recommended_next_block"]
selected_moves	tools/v7-control-plane-governance-check	5170	tooling_or_runtime_support	"e11_16_pre_fix_selected_moves": (
selected_moves	tools/v7-control-plane-governance-check	5171	tooling_or_runtime_support	e11_16_post_ttl_generation_governance["pre_fix_selected_moves"]
selected_moves	tools/v7-control-plane-governance-check	5173	tooling_or_runtime_support	"e11_16_post_fix_selected_moves": (
selected_moves	tools/v7-control-plane-governance-check	5174	tooling_or_runtime_support	e11_16_post_ttl_generation_governance["post_fix_selected_moves"]
selected_moves	tools/v7-control-plane-governance-check	5203	tooling_or_runtime_support	"e11_17_selected_moves_after_clearance": (
selected_moves	tools/v7-control-plane-governance-check	5204	tooling_or_runtime_support	e11_17_generation_clearance_rehearsal["selected_moves_after_clearance"]
selected_moves	tools/v7-control-plane-governance-check	5206	tooling_or_runtime_support	"e11_17_clearance_selected_moves_before_guard": (
selected_moves	tools/v7-control-plane-governance-check	5208	tooling_or_runtime_support	"clearance_selected_moves_before_guard"
selected_moves	tools/v7-control-plane-governance-check	5237	tooling_or_runtime_support	"e11_17_pre_fix_selected_moves": (
selected_moves	tools/v7-control-plane-governance-check	5238	tooling_or_runtime_support	e11_17_generation_clearance_rehearsal["pre_fix_selected_moves"]
selected_moves	tools/v7-control-plane-governance-check	5240	tooling_or_runtime_support	"e11_17_post_fix_selected_moves": (
selected_moves	tools/v7-control-plane-governance-check	5241	tooling_or_runtime_support	e11_17_generation_clearance_rehearsal["post_fix_selected_moves"]
selected_moves	tools/v7-control-plane-governance-check	5284	tooling_or_runtime_support	"e11_18_current_selected_moves": (
selected_moves	tools/v7-control-plane-governance-check	5285	tooling_or_runtime_support	e11_18_two_user_promotion_clean["current_selected_moves"]
candidate_moves_total	tools/v7-control-plane-governance-check	5287	tooling_or_runtime_support	"e11_18_candidate_moves_total": (
candidate_moves_total	tools/v7-control-plane-governance-check	5288	tooling_or_runtime_support	e11_18_two_user_promotion_clean["candidate_moves_total"]
restore_barrier	tools/v7-control-plane-governance-check	5373	tooling_or_runtime_support	if e11_15_apply_restore_barrier_rehearsal["artifacts_complete"]
restore_barrier	tools/v7-control-plane-governance-check	5374	tooling_or_runtime_support	and e11_15_apply_restore_barrier_rehearsal["barrier_rehearsal_executed"]
restore_barrier	tools/v7-control-plane-governance-check	5375	tooling_or_runtime_support	and not e11_15_apply_restore_barrier_rehearsal["user_movement_observed"]
current_egress	tools/v7-control-plane-governance-check	5595	tooling_or_runtime_support	print(f"one_user_canary_current_egress={canary['one_user_canary_current_egress']}")
current_egress	tools/v7-control-plane-governance-check	5609	tooling_or_runtime_support	print(f"second_canary_current_egress={canary['second_canary_current_egress']}")
selected_moves	tools/v7-control-plane-governance-check	5832	tooling_or_runtime_support	print(f"egress_1_selected_moves_count={canary['egress_1_selected_moves_count']}")
selected_moves	tools/v7-control-plane-governance-check	5833	tooling_or_runtime_support	print(f"egress_1_selected_moves_summary={canary['egress_1_selected_moves_summary']}")
selected_moves	tools/v7-control-plane-governance-check	5889	tooling_or_runtime_support	"autoswitch_transient_policy_selected_moves_for_single_instagram_failure_after_fix="
selected_moves	tools/v7-control-plane-governance-check	5890	tooling_or_runtime_support	f"{canary['autoswitch_transient_policy_selected_moves_for_single_instagram_failure_after_fix']}"
selected_moves	tools/v7-control-plane-governance-check	5916	tooling_or_runtime_support	"autoswitch_policy_deploy_planner_only_selected_moves="
selected_moves	tools/v7-control-plane-governance-check	5917	tooling_or_runtime_support	f"{canary['autoswitch_policy_deploy_planner_only_selected_moves']}"
selected_moves	tools/v7-control-plane-governance-check	5945	tooling_or_runtime_support	"apply_restore_after_policy_fix_final_planner_selected_moves="
selected_moves	tools/v7-control-plane-governance-check	5946	tooling_or_runtime_support	f"{canary['apply_restore_after_policy_fix_final_planner_selected_moves']}"
selected_moves	tools/v7-control-plane-governance-check	5979	tooling_or_runtime_support	print(f"post_policy_selected_moves_count={canary['post_policy_selected_moves_count']}")
selected_moves	tools/v7-control-plane-governance-check	5980	tooling_or_runtime_support	print(f"post_policy_selected_moves_summary={canary['post_policy_selected_moves_summary']}")
selected_moves	tools/v7-control-plane-governance-check	6003	tooling_or_runtime_support	"fresh_apply_restore_retry_final_planner_selected_moves="
selected_moves	tools/v7-control-plane-governance-check	6004	tooling_or_runtime_support	f"{canary['fresh_apply_restore_retry_final_planner_selected_moves']}"
selected_moves	tools/v7-control-plane-governance-check	6088	tooling_or_runtime_support	"post_restore_selected_moves_status="
selected_moves	tools/v7-control-plane-governance-check	6089	tooling_or_runtime_support	f"{canary['post_restore_selected_moves_status']}"
selected_moves	tools/v7-control-plane-governance-check	6223	tooling_or_runtime_support	"fresh_restore_selected_moves_all_zero="
selected_moves	tools/v7-control-plane-governance-check	6224	tooling_or_runtime_support	f"{canary['fresh_restore_selected_moves_all_zero']}"
current_egress	tools/v7-control-plane-governance-check	6752	tooling_or_runtime_support	print(f"e11_7_current_egress={canary['e11_7_current_egress']}")
selected_moves	tools/v7-control-plane-governance-check	6839	tooling_or_runtime_support	"e11_10_final_selected_moves_zero="
selected_moves	tools/v7-control-plane-governance-check	6840	tooling_or_runtime_support	f"{canary['e11_10_final_selected_moves_zero']}"
selected_moves	tools/v7-control-plane-governance-check	6903	tooling_or_runtime_support	print(f"e11_12_selected_moves_zero={canary['e11_12_selected_moves_zero']}")
restore_barrier	tools/v7-control-plane-governance-check	6974	tooling_or_runtime_support	print(f"e11_14_restore_barrier_active={canary['e11_14_restore_barrier_active']}")
restore_barrier	tools/v7-control-plane-governance-check	6978	tooling_or_runtime_support	"e11_15_apply_restore_barrier_rehearsal_complete="
restore_barrier	tools/v7-control-plane-governance-check	6979	tooling_or_runtime_support	f"{canary['e11_15_apply_restore_barrier_rehearsal_complete']}"
restore_barrier	tools/v7-control-plane-governance-check	6981	tooling_or_runtime_support	if canary["e11_15_apply_restore_barrier_rehearsal_complete"]:
selected_moves	tools/v7-control-plane-governance-check	6992	tooling_or_runtime_support	"e11_15_selected_moves_during_rehearsal="
selected_moves	tools/v7-control-plane-governance-check	6993	tooling_or_runtime_support	f"{canary['e11_15_selected_moves_during_rehearsal']}"
selected_moves	tools/v7-control-plane-governance-check	7039	tooling_or_runtime_support	print(f"e11_16_pre_fix_selected_moves={canary['e11_16_pre_fix_selected_moves']}")
selected_moves	tools/v7-control-plane-governance-check	7040	tooling_or_runtime_support	print(f"e11_16_post_fix_selected_moves={canary['e11_16_post_fix_selected_moves']}")
selected_moves	tools/v7-control-plane-governance-check	7063	tooling_or_runtime_support	"e11_17_selected_moves_after_clearance="
selected_moves	tools/v7-control-plane-governance-check	7064	tooling_or_runtime_support	f"{canary['e11_17_selected_moves_after_clearance']}"
selected_moves	tools/v7-control-plane-governance-check	7067	tooling_or_runtime_support	"e11_17_clearance_selected_moves_before_guard="
selected_moves	tools/v7-control-plane-governance-check	7068	tooling_or_runtime_support	f"{canary['e11_17_clearance_selected_moves_before_guard']}"
selected_moves	tools/v7-control-plane-governance-check	7090	tooling_or_runtime_support	print(f"e11_17_pre_fix_selected_moves={canary['e11_17_pre_fix_selected_moves']}")
selected_moves	tools/v7-control-plane-governance-check	7091	tooling_or_runtime_support	print(f"e11_17_post_fix_selected_moves={canary['e11_17_post_fix_selected_moves']}")
selected_moves	tools/v7-control-plane-governance-check	7120	tooling_or_runtime_support	print(f"e11_18_current_selected_moves={canary['e11_18_current_selected_moves']}")
candidate_moves_total	tools/v7-control-plane-governance-check	7121	tooling_or_runtime_support	print(f"e11_18_candidate_moves_total={canary['e11_18_candidate_moves_total']}")
proposal	tools/v7-autonomy-trust-evidence-inventory	145	tooling_or_runtime_support	state_dir / "proposal-records.jsonl",
proposal	tools/v7-autonomy-trust-evidence-inventory	146	tooling_or_runtime_support	state_dir / "proposals.jsonl",
decisions	tools/v7-autonomy-trust-evidence-inventory	153	tooling_or_runtime_support	shadow_history = read_jsonl_family(state_dir / "shadow-autonomy-decisions.jsonl")
current_egress	tools/v7-users-autoswitch	129	planner_read_model_or_policy	"current_egress_grace_window_seconds": 120,
operation_id	tools/v7-users-autoswitch	168	planner_read_model_or_policy	"count_blocker": "one_successful_canary_operation_id_required",
operation_id	tools/v7-users-autoswitch	181	planner_read_model_or_policy	"count_blocker": "two_successful_small_batch_operation_ids_required",
operation_id	tools/v7-users-autoswitch	194	planner_read_model_or_policy	"count_blocker": "two_successful_medium_batch_operation_ids_required",
operation_id	tools/v7-users-autoswitch	207	planner_read_model_or_policy	"count_blocker": "two_successful_large_batch_operation_ids_required",
selected_moves	tools/v7-users-autoswitch	511	planner_read_model_or_policy	"blocked_actions": ["selected_moves", "apply", "operator_visible_promotion"],
restore_barrier	tools/v7-users-autoswitch	614	planner_read_model_or_policy	self.restore_barrier_file = Path(args.restore_barrier_file)
restore_barrier	tools/v7-users-autoswitch	615	planner_read_model_or_policy	self.restore_barrier = self._restore_barrier_status()
authority_budget	tools/v7-users-autoswitch	628	planner_read_model_or_policy	self.authority_budget_policy = self._authority_budget_policy()
authority_budget	tools/v7-users-autoswitch	651	planner_read_model_or_policy	def _authority_budget_policy(self) -> dict[str, Any]:
authority_budget	tools/v7-users-autoswitch	652	planner_read_model_or_policy	policy = merge_defaults((self.policy or {}).get("authority_budget", {}), DEFAULT_AUTHORITY_BUDGET_POLICY)
authority_budget	tools/v7-users-autoswitch	653	planner_read_model_or_policy	policy.update((self.org_policy or {}).get("authority_budget", {}))
proposal	tools/v7-users-autoswitch	811	planner_read_model_or_policy	self.state_dir / "proposal-records.jsonl",
proposal	tools/v7-users-autoswitch	812	planner_read_model_or_policy	self.state_dir / "proposals.jsonl",
operation_id	tools/v7-users-autoswitch	817	planner_read_model_or_policy	def _authority_feedback_records_for_operation(self, operation_id: str) -> dict[str, list[dict[str, Any]]]:
operation_id	tools/v7-users-autoswitch	836	planner_read_model_or_policy	if operation_id not in raw:
authority_budget	tools/v7-users-autoswitch	843	planner_read_model_or_policy	policy = self.authority_budget_policy
decisions	tools/v7-users-autoswitch	897	planner_read_model_or_policy	decisions = [self._decision_for_user(user) for user in active]
decisions	tools/v7-users-autoswitch	900	planner_read_model_or_policy	for item in decisions
recommended_egress	tools/v7-users-autoswitch	901	planner_read_model_or_policy	if item.get("recommended_egress") and item.get("recommended_egress") != item.get("current_egress")
candidate_moves_total	tools/v7-users-autoswitch	907	planner_read_model_or_policy	"candidate_moves_total": len(candidate_moves),
move_type	tools/v7-users-autoswitch	908	planner_read_model_or_policy	"rebalance_candidates": sum(1 for item in candidate_moves if item.get("move_type") == "rebalance"),
selected_moves	tools/v7-users-autoswitch	909	planner_read_model_or_policy	"selected_moves": 0,
operation_id	tools/v7-users-autoswitch	995	planner_read_model_or_policy	def _authority_promotion_evidence_review(self, operation_ids: list[str], target_class: str) -> dict[str, Any]:
operation_id	tools/v7-users-autoswitch	1002	planner_read_model_or_policy	"operation_ids": operation_ids,
operation_id	tools/v7-users-autoswitch	1012	planner_read_model_or_policy	for operation_id in operation_ids:
operation_id	tools/v7-users-autoswitch	1013	planner_read_model_or_policy	records = self._authority_feedback_records_for_operation(operation_id)
operation_id	tools/v7-users-autoswitch	1053	planner_read_model_or_policy	"operation_id": operation_id,
operation_id	tools/v7-users-autoswitch	1073	planner_read_model_or_policy	if len(operation_ids) < required_runs:
operation_id	tools/v7-users-autoswitch	1092	planner_read_model_or_policy	"operation_ids": operation_ids,
operation_id	tools/v7-users-autoswitch	1103	planner_read_model_or_policy	operation_ids = []
operation_id	tools/v7-users-autoswitch	1104	planner_read_model_or_policy	for value in getattr(self.args, "authority_promotion_operation_id", []) or []:
operation_id	tools/v7-users-autoswitch	1105	planner_read_model_or_policy	operation_ids.extend(split_csv(value))
operation_id	tools/v7-users-autoswitch	1106	planner_read_model_or_policy	operation_ids = list(dict.fromkeys(operation_ids))
authority_budget	tools/v7-users-autoswitch	1107	planner_read_model_or_policy	before_effective = dict(self.authority_budget_policy)
authority_budget	tools/v7-users-autoswitch	1108	planner_read_model_or_policy	before_raw = dict((self.policy or {}).get("authority_budget") or {})
operation_id	tools/v7-users-autoswitch	1122	planner_read_model_or_policy	"operation_ids": operation_ids,
operation_id	tools/v7-users-autoswitch	1141	planner_read_model_or_policy	elif target != "POOL" and len(operation_ids) < int(rule["required_successful_runs"]):
operation_id	tools/v7-users-autoswitch	1149	planner_read_model_or_policy	evidence = self._authority_promotion_evidence_review(operation_ids, target)
authority_budget	tools/v7-users-autoswitch	1175	planner_read_model_or_policy	after_authority = dict(raw_policy.get("authority_budget") or {})
operation_id	tools/v7-users-autoswitch	1191	planner_read_model_or_policy	"operation_ids": operation_ids,
authority_budget	tools/v7-users-autoswitch	1208	planner_read_model_or_policy	raw_policy["authority_budget"] = after_authority
authority_budget	tools/v7-users-autoswitch	1220	planner_read_model_or_policy	"object_id": "authority_budget",
operation_id	tools/v7-users-autoswitch	1227	planner_read_model_or_policy	"operation_ids": ",".join(operation_ids),
authority_budget	tools/v7-users-autoswitch	1249	planner_read_model_or_policy	).authority_budget_policy
restore_barrier	tools/v7-users-autoswitch	1296	planner_read_model_or_policy	def _restore_barrier_status(self) -> dict[str, Any]:
restore_barrier	tools/v7-users-autoswitch	1297	planner_read_model_or_policy	data = read_json(self.restore_barrier_file, {})
selected_moves	tools/v7-users-autoswitch	1321	planner_read_model_or_policy	clearance_max_selected_moves = None
selected_moves	tools/v7-users-autoswitch	1323	planner_read_model_or_policy	"clearance_max_selected_moves",
selected_moves	tools/v7-users-autoswitch	1324	planner_read_model_or_policy	"max_selected_moves_after_clearance",
selected_moves	tools/v7-users-autoswitch	1325	planner_read_model_or_policy	"generation_clearance_max_selected_moves",
selected_moves	tools/v7-users-autoswitch	1328	planner_read_model_or_policy	clearance_max_selected_moves = max(0, to_int((data or {}).get(key), 0))
restore_barrier	tools/v7-users-autoswitch	1333	planner_read_model_or_policy	"file": str(self.restore_barrier_file),
failover_quarantine	tools/v7-users-autoswitch	1339	planner_read_model_or_policy	"failover_quarantine": enabled and (active or post_ttl_blocking),
selected_moves	tools/v7-users-autoswitch	1343	planner_read_model_or_policy	if clearance_max_selected_moves is not None:
selected_moves	tools/v7-users-autoswitch	1344	planner_read_model_or_policy	status["clearance_max_selected_moves"] = clearance_max_selected_moves
selected_moves	tools/v7-users-autoswitch	1349	planner_read_model_or_policy	"selected_moves_generation",
selected_moves	tools/v7-users-autoswitch	1350	planner_read_model_or_policy	"clearance_selected_moves_hash",
selected_moves	tools/v7-users-autoswitch	1351	planner_read_model_or_policy	"approved_selected_moves_hash",
operation_id	tools/v7-users-autoswitch	1357	planner_read_model_or_policy	"operation_id",
selected_moves	tools/v7-users-autoswitch	1366	planner_read_model_or_policy	for key in ("clearance_expected_selected_moves", "approved_selected_moves_count"):
approved_plan_lock	tools/v7-users-autoswitch	1373	planner_read_model_or_policy	if isinstance((data or {}).get("approved_plan_lock"), dict):
approved_plan_lock	tools/v7-users-autoswitch	1374	planner_read_model_or_policy	status["approved_plan_lock"] = (data or {}).get("approved_plan_lock") or {}
approved_plan_lock	tools/v7-users-autoswitch	1375	planner_read_model_or_policy	status["approved_plan_lock_hash"] = str((data or {}).get("approved_plan_lock_hash") or "")
approved_plan_lock	tools/v7-users-autoswitch	1376	planner_read_model_or_policy	status["approved_plan_lock_id"] = str((data or {}).get("approved_plan_lock_id") or "")
selected_moves	tools/v7-users-autoswitch	1494	planner_read_model_or_policy	"selected_moves_write_authority": "none",
selected_moves	tools/v7-users-autoswitch	1533	planner_read_model_or_policy	"blocked_actions": ["selected_moves", "apply", "operator_visible_promotion"],
selected_moves	tools/v7-users-autoswitch	1539	planner_read_model_or_policy	requested_max_selected_moves = to_int(getattr(self.args, "max_selected_moves", 0), 0)
selected_moves	tools/v7-users-autoswitch	1541	planner_read_model_or_policy	clearance_max_selected_moves = to_int(self.restore_barrier.get("clearance_max_selected_moves"), 0)
restore_barrier	tools/v7-users-autoswitch	1542	planner_read_model_or_policy	apply_refresh_clearance = self.restore_barrier.get("apply_refresh_clearance") or {}
selected_moves	tools/v7-users-autoswitch	1550	planner_read_model_or_policy	and requested_max_selected_moves > 0
selected_moves	tools/v7-users-autoswitch	1551	planner_read_model_or_policy	and clearance_max_selected_moves > 0
selected_moves	tools/v7-users-autoswitch	1552	planner_read_model_or_policy	and requested_max_selected_moves <= clearance_max_selected_moves
selected_moves	tools/v7-users-autoswitch	1562	planner_read_model_or_policy	and requested_max_selected_moves == 1
selected_moves	tools/v7-users-autoswitch	1573	planner_read_model_or_policy	"max_selected_moves": 1,
approved_plan_lock	tools/v7-users-autoswitch	1585	planner_read_model_or_policy	"target_scope": "single_target_arg" if target_scope_ok else "approved_plan_lock_targets",
selected_moves	tools/v7-users-autoswitch	1586	planner_read_model_or_policy	"max_selected_moves": requested_max_selected_moves,
selected_moves	tools/v7-users-autoswitch	1587	planner_read_model_or_policy	"clearance_max_selected_moves": clearance_max_selected_moves,
selected_moves	tools/v7-users-autoswitch	1593	planner_read_model_or_policy	blocked = ["apply", "selected_moves"]
selected_moves	tools/v7-users-autoswitch	1595	planner_read_model_or_policy	blocked = ["unbounded_apply_refresh", "selected_moves"]
selected_moves	tools/v7-users-autoswitch	1607	planner_read_model_or_policy	"max_selected_moves": 1,
selected_moves	tools/v7-users-autoswitch	1648	planner_read_model_or_policy	"blocked_actions": ["selected_moves", "apply", "operator_visible_promotion"],
selected_moves	tools/v7-users-autoswitch	1658	planner_read_model_or_policy	"blocked_actions": ["selected_moves", "apply", "operator_visible_promotion"],
selected_moves	tools/v7-users-autoswitch	1691	planner_read_model_or_policy	"blocked_actions": ["selected_moves", "apply", "operator_visible_promotion"],
selected_moves	tools/v7-users-autoswitch	1757	planner_read_model_or_policy	"blocked_actions": ["selected_moves", "apply", "operator_visible_promotion"],
selected_moves	tools/v7-users-autoswitch	1800	planner_read_model_or_policy	"blocked_actions": ["selected_moves", "apply", "operator_visible_promotion"],
selected_moves	tools/v7-users-autoswitch	1847	planner_read_model_or_policy	gate["selected_moves_before_gate"] = selected_before_gate
selected_moves	tools/v7-users-autoswitch	1848	planner_read_model_or_policy	gate["selected_moves_suppressed"] = bool(gate.get("active") and gate.get("stop_required") and selected_before_gate > 0)
restore_barrier	tools/v7-users-autoswitch	1859	planner_read_model_or_policy	restore_barrier: dict[str, Any],
approved_plan_lock	tools/v7-users-autoswitch	1860	planner_read_model_or_policy	approved_plan_lock: dict[str, Any],
restore_barrier	tools/v7-users-autoswitch	1862	planner_read_model_or_policy	materiality = self._approved_plan_lock_snapshot_gate_materiality(gate, restore_barrier, approved_plan_lock)
approved_plan_lock	tools/v7-users-autoswitch	1867	planner_read_model_or_policy	leased["snapshot_gate_decision"] = "allow_approved_plan_lock_non_material_source_mismatch"
approved_plan_lock	tools/v7-users-autoswitch	1868	planner_read_model_or_policy	leased["stop_required_before_approved_plan_lock"] = True
selected_moves	tools/v7-users-autoswitch	1871	planner_read_model_or_policy	leased["selected_moves_suppressed"] = False
selected_moves	tools/v7-users-autoswitch	1872	planner_read_model_or_policy	leased["selected_moves_after_gate"] = int(gate.get("selected_moves_before_gate") or 0)
approved_plan_lock	tools/v7-users-autoswitch	1873	planner_read_model_or_policy	leased["approved_plan_lock_consumed"] = True
approved_plan_lock	tools/v7-users-autoswitch	1874	planner_read_model_or_policy	leased["hard_gate_override"] = "approved_plan_lock_non_material_source_mismatch"
approved_plan_lock	tools/v7-users-autoswitch	1889	planner_read_model_or_policy	if not approved_plan_lock.get("ok"):
restore_barrier	tools/v7-users-autoswitch	1896	planner_read_model_or_policy	if not bool_value(restore_barrier.get("clearance_generation_ok")):
approved_plan_lock	tools/v7-users-autoswitch	1902	planner_read_model_or_policy	if materiality.get("snapshot_gate_decision") == "allow_approved_plan_lock_non_material_snapshot_drift":
approved_plan_lock	tools/v7-users-autoswitch	1905	planner_read_model_or_policy	leased["stop_required_before_approved_plan_lock"] = True
selected_moves	tools/v7-users-autoswitch	1908	planner_read_model_or_policy	leased["selected_moves_suppressed"] = False
selected_moves	tools/v7-users-autoswitch	1909	planner_read_model_or_policy	leased["selected_moves_after_gate"] = int(gate.get("selected_moves_before_gate") or 0)
approved_plan_lock	tools/v7-users-autoswitch	1910	planner_read_model_or_policy	leased["approved_plan_lock_consumed"] = True
approved_plan_lock	tools/v7-users-autoswitch	1911	planner_read_model_or_policy	leased["hard_gate_override"] = "approved_plan_lock_non_material_snapshot_drift"
restore_barrier	tools/v7-users-autoswitch	1917	planner_read_model_or_policy	lease = restore_barrier.get("source_bundle_lease") or {}
selected_moves	tools/v7-users-autoswitch	1966	planner_read_model_or_policy	leased["selected_moves_suppressed"] = False
selected_moves	tools/v7-users-autoswitch	1967	planner_read_model_or_policy	leased["selected_moves_after_gate"] = int(gate.get("selected_moves_before_gate") or 0)
approved_plan_lock	tools/v7-users-autoswitch	1969	planner_read_model_or_policy	leased["source_bundle_lease_scope"] = "approved_plan_lock_apply" if bool_value(getattr(self.args, "apply", False)) else "approved_plan_lock_readiness_recheck"
approved_plan_lock	tools/v7-users-autoswitch	1980	planner_read_model_or_policy	def _approved_plan_lock_snapshot_gate_materiality(
restore_barrier	tools/v7-users-autoswitch	1983	planner_read_model_or_policy	restore_barrier: dict[str, Any],
approved_plan_lock	tools/v7-users-autoswitch	1984	planner_read_model_or_policy	approved_plan_lock: dict[str, Any],
approved_plan_lock	tools/v7-users-autoswitch	1987	planner_read_model_or_policy	source = "approved_plan_lock_snapshot_gate"
approved_plan_lock	tools/v7-users-autoswitch	1994	planner_read_model_or_policy	"approved_plan_lock_consumed": bool_value(approved_plan_lock.get("ok")),
approved_plan_lock	tools/v7-users-autoswitch	2002	planner_read_model_or_policy	"approved_plan_lock_consumed": bool_value(approved_plan_lock.get("ok")),
approved_plan_lock	tools/v7-users-autoswitch	2004	planner_read_model_or_policy	if not bool_value(approved_plan_lock.get("ok")):
approved_plan_lock	tools/v7-users-autoswitch	2005	planner_read_model_or_policy	changed_fields.extend(approved_plan_lock.get("reasons") or [approved_plan_lock.get("reason") or "approved_plan_lock_invalid"])
restore_barrier	tools/v7-users-autoswitch	2006	planner_read_model_or_policy	if not bool_value(restore_barrier.get("clearance_generation_ok")):
restore_barrier	tools/v7-users-autoswitch	2007	planner_read_model_or_policy	changed_fields.append(str(restore_barrier.get("clearance_guard_reason") or restore_barrier.get("clearance_generation_reason") or "restore_barrier_clearance_invalid"))
approved_plan_lock	tools/v7-users-autoswitch	2033	planner_read_model_or_policy	decision = "allow_approved_plan_lock_non_material_snapshot_drift"
approved_plan_lock	tools/v7-users-autoswitch	2043	planner_read_model_or_policy	"approved_plan_lock_consumed": bool_value(approved_plan_lock.get("ok")) and not material,
current_egress	tools/v7-users-autoswitch	2416	planner_read_model_or_policy	row["current_egress"] = user.current
restore_barrier	tools/v7-users-autoswitch	2935	planner_read_model_or_policy	"exit_criteria": ["explicit_operator_bridge_request", "fresh_restore_barrier", "snapshot_gate_clean"],
restore_barrier	tools/v7-users-autoswitch	3000	planner_read_model_or_policy	"restore_barrier_missing_or_stale",
authority_budget	tools/v7-users-autoswitch	3052	planner_read_model_or_policy	"trigger": "authority_budget_gate",
authority_budget	tools/v7-users-autoswitch	3053	planner_read_model_or_policy	"written_evidence": "plan.safety.authority_budget_gate.authority_lifecycle",
authority_budget	tools/v7-users-autoswitch	3062	planner_read_model_or_policy	"trigger": "authority_budget_gate",
authority_budget	tools/v7-users-autoswitch	3063	planner_read_model_or_policy	"written_evidence": "plan.safety.authority_budget_gate.authority_lifecycle",
restore_barrier	tools/v7-users-autoswitch	3070	planner_read_model_or_policy	"action": "permit_only_next_blast_radius_step_through_existing_restore_barrier_snapshot_and_apply_path",
authority_budget	tools/v7-users-autoswitch	3072	planner_read_model_or_policy	"trigger": "authority_budget_gate",
authority_budget	tools/v7-users-autoswitch	3073	planner_read_model_or_policy	"written_evidence": "plan.safety.authority_budget_gate.authority_bridge",
authority_budget	tools/v7-users-autoswitch	3082	planner_read_model_or_policy	"trigger": "authority_budget_gate",
authority_budget	tools/v7-users-autoswitch	3083	planner_read_model_or_policy	"written_evidence": "plan.safety.authority_budget_gate.authority_bridge",
authority_budget	tools/v7-users-autoswitch	3093	planner_read_model_or_policy	"written_evidence": "policy.authority_budget plus plan.safety.authority_budget_gate",
authority_budget	tools/v7-users-autoswitch	3102	planner_read_model_or_policy	"trigger": "authority_budget_gate",
authority_budget	tools/v7-users-autoswitch	3103	planner_read_model_or_policy	"written_evidence": "plan.safety.authority_budget_gate.authority_lifecycle",
selected_moves	tools/v7-users-autoswitch	3110	planner_read_model_or_policy	"action": "drop_selected_moves_before_restore_barrier_snapshot_apply",
authority_budget	tools/v7-users-autoswitch	3112	planner_read_model_or_policy	"trigger": "authority_budget_gate",
authority_budget	tools/v7-users-autoswitch	3113	planner_read_model_or_policy	"written_evidence": "plan.safety.authority_budget_gate.authority_lifecycle",
selected_moves	tools/v7-users-autoswitch	3120	planner_read_model_or_policy	"action": "drop_selected_moves_until_reinstated",
authority_budget	tools/v7-users-autoswitch	3122	planner_read_model_or_policy	"trigger": "authority_budget_gate",
authority_budget	tools/v7-users-autoswitch	3123	planner_read_model_or_policy	"written_evidence": "plan.safety.authority_budget_gate.authority_lifecycle",
selected_moves	tools/v7-users-autoswitch	3132	planner_read_model_or_policy	"condition": f"{authority_class} authority with selected_moves <= {allowed_budget}",
authority_budget	tools/v7-users-autoswitch	3133	planner_read_model_or_policy	"decision": "allow_within_authority_budget",
restore_barrier	tools/v7-users-autoswitch	3134	planner_read_model_or_policy	"action": "continue_existing_restore_barrier_snapshot_and_apply_path",
selected_moves	tools/v7-users-autoswitch	3136	planner_read_model_or_policy	"trigger": "planner_selected_moves_ready",
authority_budget	tools/v7-users-autoswitch	3137	planner_read_model_or_policy	"written_evidence": "plan.safety.authority_budget_gate",
selected_moves	tools/v7-users-autoswitch	3138	planner_read_model_or_policy	"blocked_actions": ["selected_moves_above_authority_budget", "apply_above_authority_budget"],
authority_budget	tools/v7-users-autoswitch	3142	planner_read_model_or_policy	def _authority_budget_gate(self, selected: list[dict[str, Any]]) -> tuple[list[dict[str, Any]], dict[str, Any]]:
authority_budget	tools/v7-users-autoswitch	3143	planner_read_model_or_policy	policy = dict(self.authority_budget_policy)
selected_moves	tools/v7-users-autoswitch	3159	planner_read_model_or_policy	decision = "block_all_selected_moves_authority_budget_zero"
selected_moves	tools/v7-users-autoswitch	3160	planner_read_model_or_policy	action = "drop_selected_moves_before_restore_barrier_snapshot_apply"
authority_budget	tools/v7-users-autoswitch	3168	planner_read_model_or_policy	action = "allow_only_certified_authority_budget"
selected_moves	tools/v7-users-autoswitch	3171	planner_read_model_or_policy	decision = "cap_selected_moves_to_authority_budget"
authority_budget	tools/v7-users-autoswitch	3172	planner_read_model_or_policy	action = "drop_moves_above_current_authority_budget"
selected_moves	tools/v7-users-autoswitch	3175	planner_read_model_or_policy	decision = "selected_moves_within_authority_budget"
selected_moves	tools/v7-users-autoswitch	3190	planner_read_model_or_policy	"selected_moves_before_gate": selected_before,
selected_moves	tools/v7-users-autoswitch	3191	planner_read_model_or_policy	"selected_moves_after_gate": len(selected_after),
restore_barrier	tools/v7-users-autoswitch	3196	planner_read_model_or_policy	"trigger": "after_policy_selection_before_restore_barrier_snapshot_apply",
authority_budget	tools/v7-users-autoswitch	3197	planner_read_model_or_policy	"written_evidence": "plan.safety.authority_budget_gate",
selected_moves	tools/v7-users-autoswitch	3198	planner_read_model_or_policy	"blocked_actions": ["selected_moves_above_authority_budget", "apply_above_authority_budget"] if cap_applied or allowed_budget <= 0 else [],
authority_budget	tools/v7-users-autoswitch	3254	planner_read_model_or_policy	gate["decision"] = "authority_budget_gate_disabled_by_policy"
authority_budget	tools/v7-users-autoswitch	3255	planner_read_model_or_policy	gate["blocked_actions"] = ["disable_authority_budget_gate_in_production"]
selected_moves	tools/v7-users-autoswitch	3256	planner_read_model_or_policy	gate["selected_moves_after_gate"] = 0
selected_moves	tools/v7-users-autoswitch	3373	planner_read_model_or_policy	"selected_moves_write_authority": "none",
selected_moves	tools/v7-users-autoswitch	3417	planner_read_model_or_policy	"selected_moves_write_authority": "none",
selected_moves	tools/v7-users-autoswitch	3450	planner_read_model_or_policy	"selected_moves_write_authority": "none",
selected_moves	tools/v7-users-autoswitch	3492	planner_read_model_or_policy	"selected_moves_write_authority": "none",
selected_moves	tools/v7-users-autoswitch	3538	planner_read_model_or_policy	"selected_moves_write_authority": "none",
selected_moves	tools/v7-users-autoswitch	3562	planner_read_model_or_policy	"selected_moves_write_authority": "none",
affected_users	tools/v7-users-autoswitch	3576	planner_read_model_or_policy	affected_users=len(self._active_users()),
selected_moves	tools/v7-users-autoswitch	3609	planner_read_model_or_policy	row["selected_moves_write_authority"] = "none"
decisions	tools/v7-users-autoswitch	3612	planner_read_model_or_policy	def _snapshot_routing_brain_advisory(self, decisions: list[dict[str, Any]]) -> dict[str, Any]:
selected_moves	tools/v7-users-autoswitch	3639	planner_read_model_or_policy	"selected_moves_write_authority": "none",
selected_moves	tools/v7-users-autoswitch	3661	planner_read_model_or_policy	"selected_moves_write_authority": "none",
decisions	tools/v7-users-autoswitch	3671	planner_read_model_or_policy	for decision in decisions
decisions	tools/v7-users-autoswitch	3679	planner_read_model_or_policy	for decision in decisions
decisions	tools/v7-users-autoswitch	3692	planner_read_model_or_policy	for decision in decisions:
selected_moves	tools/v7-users-autoswitch	3737	planner_read_model_or_policy	"selected_moves_write_authority": "none",
selected_moves	tools/v7-users-autoswitch	3755	planner_read_model_or_policy	"selected_moves_write_authority": "none",
selected_moves	tools/v7-users-autoswitch	3761	planner_read_model_or_policy	"selected_moves_write_authority": "none",
decisions	tools/v7-users-autoswitch	3764	planner_read_model_or_policy	def _routing_brain_advisory(self, decisions: list[dict[str, Any]], active_count: int, affected_count: int) -> dict[str, Any]:
decisions	tools/v7-users-autoswitch	3765	planner_read_model_or_policy	snapshot_advisory = self._snapshot_routing_brain_advisory(decisions)
decisions	tools/v7-users-autoswitch	3771	planner_read_model_or_policy	for decision in decisions
selected_moves	tools/v7-users-autoswitch	3791	planner_read_model_or_policy	"selected_moves_write_authority": "none",
affected_users	tools/v7-users-autoswitch	3802	planner_read_model_or_policy	affected_users=affected_count,
decisions	tools/v7-users-autoswitch	3810	planner_read_model_or_policy	for decision in decisions
selected_moves	tools/v7-users-autoswitch	3827	planner_read_model_or_policy	advisory["selected_moves_write_authority"] = "none"
decisions	tools/v7-users-autoswitch	3906	planner_read_model_or_policy	def _ctr_shadow_comparison(self, decisions: list[dict[str, Any]]) -> dict[str, Any]:
decisions	tools/v7-users-autoswitch	3909	planner_read_model_or_policy	"total_planner_cycles": len(decisions),
decisions	tools/v7-users-autoswitch	3926	planner_read_model_or_policy	for decision in decisions:
selected_moves	tools/v7-users-autoswitch	4032	planner_read_model_or_policy	"selected_moves_changed": False,
decisions	tools/v7-users-autoswitch	4044	planner_execution_identity_path	decisions = [self._decision_for_user(user) for user in active if not self.args.user or user.ip == self.args.user]
decisions	tools/v7-users-autoswitch	4047	planner_execution_identity_path	selection_source = decisions
decisions	tools/v7-users-autoswitch	4050	planner_execution_identity_path	item for item in decisions
recommended_egress	tools/v7-users-autoswitch	4051	planner_execution_identity_path	if item.get("recommended_egress") == target_egress and item.get("current_egress") != target_egress
recommended_egress	tools/v7-users-autoswitch	4055	planner_execution_identity_path	if item.get("recommended_egress") and item.get("recommended_egress") != item.get("current_egress")
selected_moves	tools/v7-users-autoswitch	4059	planner_execution_identity_path	max_selected_moves = to_int(getattr(self.args, "max_selected_moves", 0), 0)
selected_moves	tools/v7-users-autoswitch	4061	planner_execution_identity_path	if max_selected_moves > 0 and len(selected) > max_selected_moves:
selected_moves	tools/v7-users-autoswitch	4062	planner_execution_identity_path	selected = selected[:max_selected_moves]
authority_budget	tools/v7-users-autoswitch	4065	planner_execution_identity_path	selected, authority_budget_gate = self._authority_budget_gate(selected)
authority_budget	tools/v7-users-autoswitch	4066	planner_execution_identity_path	authority_cap_applied = bool(authority_budget_gate.get("authority_cap_applied"))
authority_budget	tools/v7-users-autoswitch	4071	planner_execution_identity_path	to_int(authority_budget_gate.get("current_allowed_user_budget"), 1),
selected_moves	tools/v7-users-autoswitch	4073	planner_execution_identity_path	if max_selected_moves > 0:
selected_moves	tools/v7-users-autoswitch	4074	planner_execution_identity_path	effective_cap_inputs.append(max_selected_moves)
authority_budget	tools/v7-users-autoswitch	4077	planner_execution_identity_path	blast_radius_scope = "bounded_by_authority_budget"
selected_moves	tools/v7-users-autoswitch	4078	planner_execution_identity_path	elif max_selected_moves > 0 and affected_candidate_moves < max_selected_moves:
selected_moves	tools/v7-users-autoswitch	4082	planner_execution_identity_path	elif max_selected_moves > 0:
restore_barrier	tools/v7-users-autoswitch	4086	planner_execution_identity_path	restore_barrier = dict(self.restore_barrier)
selected_moves	tools/v7-users-autoswitch	4087	planner_execution_identity_path	selected_moves_source = "planner_selection" if selected else "planner_no_selection"
restore_barrier	tools/v7-users-autoswitch	4088	planner_execution_identity_path	selected_before_restore_barrier = [
current_egress	tools/v7-users-autoswitch	4091	planner_execution_identity_path	"current_egress": str(move.get("current_egress") or ""),
recommended_egress	tools/v7-users-autoswitch	4092	planner_execution_identity_path	"recommended_egress": str(move.get("recommended_egress") or ""),
move_type	tools/v7-users-autoswitch	4093	planner_execution_identity_path	"move_type": str(move.get("move_type") or ""),
restore_barrier	tools/v7-users-autoswitch	4097	planner_execution_identity_path	approved_plan_lock = self._approved_plan_lock_validation(restore_barrier)
approved_plan_lock	tools/v7-users-autoswitch	4099	planner_execution_identity_path	if approved_plan_lock.get("present"):
restore_barrier	tools/v7-users-autoswitch	4100	planner_execution_identity_path	restore_barrier["approved_plan_lock_validation"] = approved_plan_lock
approved_plan_lock	tools/v7-users-autoswitch	4101	planner_execution_identity_path	if approved_plan_lock.get("ok"):
selected_moves	tools/v7-users-autoswitch	4102	planner_execution_identity_path	selected = approved_plan_lock["selected_moves"]
selected_moves	tools/v7-users-autoswitch	4103	planner_execution_identity_path	selected_moves_source = "approved_plan_lock"
approved_plan_lock	tools/v7-users-autoswitch	4104	planner_execution_identity_path	if approved_plan_lock.get("selected_move_hash_source") == "approved_preview_packet":
approved_plan_lock	tools/v7-users-autoswitch	4105	planner_execution_identity_path	approved_identity_hash = str(approved_plan_lock.get("selected_move_hash") or "")
restore_barrier	tools/v7-users-autoswitch	4106	planner_execution_identity_path	restore_barrier["approved_preview_identity_consumed"] = True
selected_moves	tools/v7-users-autoswitch	4107	planner_execution_identity_path	selected_moves_source = "approved_preview_packet_lock"
restore_barrier	tools/v7-users-autoswitch	4108	planner_execution_identity_path	selected_before_restore_barrier = list(selected)
authority_budget	tools/v7-users-autoswitch	4111	planner_execution_identity_path	authority_budget_gate = {
authority_budget	tools/v7-users-autoswitch	4112	planner_execution_identity_path	**authority_budget_gate,
approved_plan_lock	tools/v7-users-autoswitch	4113	planner_execution_identity_path	"approved_plan_lock_used": True,
approved_plan_lock	tools/v7-users-autoswitch	4114	planner_execution_identity_path	"approved_plan_lock_scope": "apply" if bool_value(getattr(self.args, "apply", False)) else "readiness_recheck",
selected_moves	tools/v7-users-autoswitch	4115	planner_execution_identity_path	"selected_moves_after_gate": len(selected),
approved_plan_lock	tools/v7-users-autoswitch	4118	planner_execution_identity_path	blast_radius_scope = "approved_plan_lock_apply" if bool_value(getattr(self.args, "apply", False)) else "approved_plan_lock_readiness_recheck"
restore_barrier	tools/v7-users-autoswitch	4122	planner_execution_identity_path	restore_barrier["clearance_guard_reason"] = str(
approved_plan_lock	tools/v7-users-autoswitch	4123	planner_execution_identity_path	approved_plan_lock.get("reason") or "approved_plan_lock_invalid"
restore_barrier	tools/v7-users-autoswitch	4126	planner_execution_identity_path	restore_barrier["approved_plan_lock_ignored_for_fresh_planning"] = True
restore_barrier	tools/v7-users-autoswitch	4127	planner_execution_identity_path	restore_barrier["approved_plan_lock_ignore_reason"] = str(
approved_plan_lock	tools/v7-users-autoswitch	4128	planner_execution_identity_path	approved_plan_lock.get("reason") or "approved_plan_lock_invalid"
selected_moves	tools/v7-users-autoswitch	4130	planner_execution_identity_path	selected_hash = self._selected_moves_hash(selected)
restore_barrier	tools/v7-users-autoswitch	4134	planner_execution_identity_path	bool_value(restore_barrier.get("expired"))
restore_barrier	tools/v7-users-autoswitch	4135	planner_execution_identity_path	and bool_value(restore_barrier.get("cleared"))
selected_moves	tools/v7-users-autoswitch	4136	planner_execution_identity_path	and restore_barrier.get("clearance_max_selected_moves") is not None
selected_moves	tools/v7-users-autoswitch	4138	planner_execution_identity_path	clearance_max_selected_moves = to_int(restore_barrier.get("clearance_max_selected_moves"), 0)
selected_moves	tools/v7-users-autoswitch	4139	planner_execution_identity_path	restore_barrier["clearance_selected_moves_before_guard"] = len(selected)
selected_moves	tools/v7-users-autoswitch	4140	planner_execution_identity_path	restore_barrier["clearance_selected_moves_hash"] = selected_hash
restore_barrier	tools/v7-users-autoswitch	4141	planner_execution_identity_path	restore_barrier["approved_candidate_moves_before_guard"] = selected_before_restore_barrier
selected_moves	tools/v7-users-autoswitch	4142	planner_execution_identity_path	restore_barrier["clearance_budget_exceeded"] = len(selected) > clearance_max_selected_moves
restore_barrier	tools/v7-users-autoswitch	4143	planner_execution_identity_path	if restore_barrier["clearance_budget_exceeded"]:
selected_moves	tools/v7-users-autoswitch	4144	planner_execution_identity_path	restore_barrier["clearance_guard_reason"] = "restore_barrier_clearance_selected_moves_exceed_budget"
selected_moves	tools/v7-users-autoswitch	4146	planner_execution_identity_path	elif clearance_max_selected_moves > 0:
restore_barrier	tools/v7-users-autoswitch	4147	planner_execution_identity_path	generation_check = self._restore_clearance_generation_check(restore_barrier, selected, selected_hash)
restore_barrier	tools/v7-users-autoswitch	4148	planner_execution_identity_path	restore_barrier.update(generation_check)
restore_barrier	tools/v7-users-autoswitch	4150	planner_execution_identity_path	restore_barrier["clearance_guard_reason"] = generation_check["clearance_generation_reason"]
restore_barrier	tools/v7-users-autoswitch	4153	planner_execution_identity_path	restore_barrier["clearance_guard_reason"] = "restore_barrier_clearance_budget_and_generation_ok"
restore_barrier	tools/v7-users-autoswitch	4155	planner_execution_identity_path	restore_barrier["clearance_guard_reason"] = "restore_barrier_clearance_budget_ok"
restore_barrier	tools/v7-users-autoswitch	4159	planner_execution_identity_path	restore_barrier,
approved_plan_lock	tools/v7-users-autoswitch	4160	planner_execution_identity_path	approved_plan_lock,
approved_plan_lock	tools/v7-users-autoswitch	4163	planner_execution_identity_path	if approved_plan_lock.get("present"):
selected_moves	tools/v7-users-autoswitch	4164	planner_execution_identity_path	restore_barrier["approved_plan_lock_selected_moves_blocked"] = True
restore_barrier	tools/v7-users-autoswitch	4165	planner_execution_identity_path	restore_barrier["approved_plan_lock_blocker"] = "approved_plan_lock_snapshot_gate_stop_required"
selected_moves	tools/v7-users-autoswitch	4166	planner_execution_identity_path	restore_barrier["approved_plan_lock_selected_moves_before_block"] = len(selected)
selected_moves	tools/v7-users-autoswitch	4167	planner_execution_identity_path	restore_barrier["approved_plan_lock_selected_moves_source"] = selected_moves_source
selected_moves	tools/v7-users-autoswitch	4168	planner_execution_identity_path	intelligence_snapshot_gate["approved_plan_lock_selected_moves_blocked"] = True
selected_moves	tools/v7-users-autoswitch	4169	planner_execution_identity_path	intelligence_snapshot_gate["selected_moves_source_before_block"] = selected_moves_source
approved_plan_lock	tools/v7-users-autoswitch	4170	planner_execution_identity_path	intelligence_snapshot_gate["unsafe_blocker"] = "approved_plan_lock_snapshot_gate_stop_required"
selected_moves	tools/v7-users-autoswitch	4172	planner_execution_identity_path	selected_moves_source = "blocked_by_intelligence_snapshot_gate"
selected_moves	tools/v7-users-autoswitch	4173	planner_execution_identity_path	intelligence_snapshot_gate["selected_moves_after_gate"] = 0
selected_moves	tools/v7-users-autoswitch	4175	planner_execution_identity_path	intelligence_snapshot_gate["selected_moves_after_gate"] = len(selected)
selected_moves	tools/v7-users-autoswitch	4176	planner_execution_identity_path	selected_hash = self._selected_moves_hash(selected)
operation_id	tools/v7-users-autoswitch	4184	planner_execution_identity_path	move["operation_id"] = operation["operation_id"]
selected_move_hash	tools/v7-users-autoswitch	4185	planner_execution_identity_path	move["selected_move_hash"] = selected_hash
decisions	tools/v7-users-autoswitch	4188	planner_execution_identity_path	routing_brain = self._routing_brain_advisory(decisions, len(active), affected_candidate_moves)
decisions	tools/v7-users-autoswitch	4189	planner_execution_identity_path	ctr_shadow_comparison = self._ctr_shadow_comparison(decisions)
selected_moves	tools/v7-users-autoswitch	4206	planner_execution_identity_path	"requested_max_selected_moves": max_selected_moves,
authority_budget	tools/v7-users-autoswitch	4208	planner_execution_identity_path	"authority_budget_cap_applied": authority_cap_applied,
authority_budget	tools/v7-users-autoswitch	4209	planner_execution_identity_path	"authority_budget_gate": authority_budget_gate,
dynamic_blast_radius	tools/v7-users-autoswitch	4210	planner_execution_identity_path	"dynamic_blast_radius": {
selected_moves	tools/v7-users-autoswitch	4215	planner_execution_identity_path	"selected_after_authority_budget_count": to_int(authority_budget_gate.get("selected_moves_after_gate"), len(selected)),
selected_moves	tools/v7-users-autoswitch	4216	planner_execution_identity_path	"requested_max_selected_moves": max_selected_moves,
authority_budget	tools/v7-users-autoswitch	4217	planner_execution_identity_path	"authority_allowed_user_budget": to_int(authority_budget_gate.get("current_allowed_user_budget"), 1),
restore_barrier	tools/v7-users-autoswitch	4234	planner_execution_identity_path	"restore_barrier": restore_barrier,
selected_moves	tools/v7-users-autoswitch	4237	planner_execution_identity_path	"selected_moves_diagnostics": {
selected_moves	tools/v7-users-autoswitch	4238	planner_execution_identity_path	"source": selected_moves_source,
approved_plan_lock	tools/v7-users-autoswitch	4239	planner_execution_identity_path	"approved_plan_lock_present": bool_value(approved_plan_lock.get("present")),
approved_plan_lock	tools/v7-users-autoswitch	4240	planner_execution_identity_path	"approved_plan_lock_ok": bool_value(approved_plan_lock.get("ok")),
approved_plan_lock	tools/v7-users-autoswitch	4241	planner_execution_identity_path	"approved_plan_lock_hash_source": str(approved_plan_lock.get("selected_move_hash_source") or ""),
selected_moves	tools/v7-users-autoswitch	4242	planner_execution_identity_path	"selected_moves_before_restore_barrier": len(selected_before_restore_barrier),
selected_moves	tools/v7-users-autoswitch	4243	planner_execution_identity_path	"selected_moves_after_gate": len(selected),
approved_plan_lock	tools/v7-users-autoswitch	4248	planner_execution_identity_path	"approved_plan_lock_consumed": bool_value(intelligence_snapshot_gate.get("approved_plan_lock_consumed")),
approved_plan_lock	tools/v7-users-autoswitch	4249	planner_execution_identity_path	"planner_recomputed_after_approval": False if approved_plan_lock.get("ok") else None,
candidate_moves_total	tools/v7-users-autoswitch	4257	planner_execution_identity_path	"candidate_moves_total": sum(1 for item in decisions if item.get("recommended_egress") and item.get("recommended_egress") != item.get("current_egress")),
selected_moves	tools/v7-users-autoswitch	4258	planner_execution_identity_path	"selected_moves": len(selected),
decisions	tools/v7-users-autoswitch	4259	planner_execution_identity_path	"reconnect_rotation_candidates": sum(1 for item in decisions if item.get("move_type") == "reconnect_rotation"),
decisions	tools/v7-users-autoswitch	4260	planner_execution_identity_path	"rebalance_candidates": sum(1 for item in decisions if item.get("move_type") == "rebalance"),
decisions	tools/v7-users-autoswitch	4271	planner_execution_identity_path	"decisions": decisions,
selected_moves	tools/v7-users-autoswitch	4272	planner_execution_identity_path	"selected_moves": selected,
selected_move_hash	tools/v7-users-autoswitch	4282	planner_execution_identity_path	"selected_move_hash": selected_hash,
selected_move_count	tools/v7-users-autoswitch	4283	planner_execution_identity_path	"selected_move_count": selected_count,
operation_id	tools/v7-users-autoswitch	4286	planner_execution_identity_path	payload["operation_id"] = "runtime_autoswitch_" + sha256_json(payload)[:24]
selected_move_hash	tools/v7-users-autoswitch	4293	planner_execution_identity_path	"selected_move_hash": selected_hash,
restore_barrier	tools/v7-users-autoswitch	4296	planner_execution_identity_path	def _approved_plan_lock_validation(self, restore_barrier: dict[str, Any]) -> dict[str, Any]:
restore_barrier	tools/v7-users-autoswitch	4297	planner_execution_identity_path	lock = restore_barrier.get("approved_plan_lock") or {}
approved_plan_lock	tools/v7-users-autoswitch	4299	planner_execution_identity_path	return {"present": False, "ok": False, "reason": "approved_plan_lock_missing"}
selected_moves	tools/v7-users-autoswitch	4301	planner_execution_identity_path	for raw in lock.get("selected_moves") or []:
current_egress	tools/v7-users-autoswitch	4306	planner_execution_identity_path	"current_egress": str(raw.get("current_egress") or raw.get("from") or ""),
recommended_egress	tools/v7-users-autoswitch	4307	planner_execution_identity_path	"recommended_egress": str(raw.get("recommended_egress") or raw.get("to") or ""),
move_type	tools/v7-users-autoswitch	4308	planner_execution_identity_path	"move_type": str(raw.get("move_type") or "failover"),
recommended_egress	tools/v7-users-autoswitch	4310	planner_execution_identity_path	selected = [move for move in selected if move["user_ip"] and move["current_egress"] and move["recommended_egress"]]
selected_moves	tools/v7-users-autoswitch	4311	planner_execution_identity_path	structural_selected_hash = self._selected_moves_hash(selected)
selected_move_hash	tools/v7-users-autoswitch	4313	planner_execution_identity_path	approved_selected_hash = str(lock.get("selected_move_hash") or "")
restore_barrier	tools/v7-users-autoswitch	4316	planner_execution_identity_path	barrier_snapshot_hash = str(restore_barrier.get("approved_snapshot_bundle_hash") or "")
restore_barrier	tools/v7-users-autoswitch	4317	planner_execution_identity_path	allowed_users = [str(item) for item in (lock.get("allowed_users") or restore_barrier.get("allowed_users") or [])]
restore_barrier	tools/v7-users-autoswitch	4318	planner_execution_identity_path	allowed_targets = [str(item) for item in (lock.get("allowed_targets") or restore_barrier.get("allowed_targets") or [])]
recommended_egress	tools/v7-users-autoswitch	4320	planner_execution_identity_path	locked_targets = sorted({move["recommended_egress"] for move in selected})
selected_move_count	tools/v7-users-autoswitch	4322	planner_execution_identity_path	lock.get("selected_move_count"),
selected_moves	tools/v7-users-autoswitch	4323	planner_execution_identity_path	to_int(restore_barrier.get("clearance_expected_selected_moves"), 0),
approved_plan_lock	tools/v7-users-autoswitch	4328	planner_execution_identity_path	reasons.append("approved_plan_lock_schema_invalid")
selected_moves	tools/v7-users-autoswitch	4330	planner_execution_identity_path	reasons.append("approved_plan_lock_selected_moves_missing")
approved_plan_lock	tools/v7-users-autoswitch	4332	planner_execution_identity_path	reasons.append("approved_plan_lock_selected_count_mismatch")
selected_move_hash	tools/v7-users-autoswitch	4333	planner_execution_identity_path	if not approved_identity_mode and str(lock.get("selected_move_hash") or "") != selected_hash:
approved_plan_lock	tools/v7-users-autoswitch	4334	planner_execution_identity_path	reasons.append("approved_plan_lock_selected_hash_mismatch")
approved_plan_lock	tools/v7-users-autoswitch	4336	planner_execution_identity_path	reasons.append("approved_plan_lock_snapshot_missing")
approved_plan_lock	tools/v7-users-autoswitch	4338	planner_execution_identity_path	reasons.append("approved_plan_lock_snapshot_mismatch")
approved_plan_lock	tools/v7-users-autoswitch	4340	planner_execution_identity_path	reasons.append("approved_plan_lock_allowed_users_mismatch")
approved_plan_lock	tools/v7-users-autoswitch	4342	planner_execution_identity_path	reasons.append("approved_plan_lock_allowed_targets_mismatch")
approved_plan_lock	tools/v7-users-autoswitch	4344	planner_execution_identity_path	reasons.append("approved_plan_lock_target_scope_mismatch")
selected_moves	tools/v7-users-autoswitch	4345	planner_execution_identity_path	if to_int(restore_barrier.get("clearance_max_selected_moves"), 0) < len(selected):
approved_plan_lock	tools/v7-users-autoswitch	4346	planner_execution_identity_path	reasons.append("approved_plan_lock_exceeds_clearance_budget")
restore_barrier	tools/v7-users-autoswitch	4347	planner_execution_identity_path	expires_at = str(lock.get("expires_at") or restore_barrier.get("clearance_expires_at") or "")
approved_plan_lock	tools/v7-users-autoswitch	4349	planner_execution_identity_path	reasons.append("approved_plan_lock_expired")
approved_plan_lock	tools/v7-users-autoswitch	4354	planner_execution_identity_path	reasons.append("approved_plan_lock_user_missing")
approved_plan_lock	tools/v7-users-autoswitch	4357	planner_execution_identity_path	reasons.append("approved_plan_lock_user_disabled")
current_egress	tools/v7-users-autoswitch	4358	planner_execution_identity_path	if str(user.current) != move["current_egress"]:
approved_plan_lock	tools/v7-users-autoswitch	4359	planner_execution_identity_path	reasons.append("approved_plan_lock_user_source_mismatch")
approved_plan_lock	tools/v7-users-autoswitch	4363	planner_execution_identity_path	reasons.append("approved_plan_lock_target_missing")
approved_plan_lock	tools/v7-users-autoswitch	4365	planner_execution_identity_path	reasons.append("approved_plan_lock_target_disabled")
approved_plan_lock	tools/v7-users-autoswitch	4367	planner_execution_identity_path	reasons.append("approved_plan_lock_reselection_not_allowed")
approved_plan_lock	tools/v7-users-autoswitch	4369	planner_execution_identity_path	reasons.append("approved_plan_lock_user_replacement_not_allowed")
approved_plan_lock	tools/v7-users-autoswitch	4371	planner_execution_identity_path	reasons.append("approved_plan_lock_target_replacement_not_allowed")
approved_plan_lock	tools/v7-users-autoswitch	4376	planner_execution_identity_path	"reason": "approved_plan_lock_invalid",
selected_move_hash	tools/v7-users-autoswitch	4378	planner_execution_identity_path	"selected_move_hash": selected_hash,
selected_move_hash	tools/v7-users-autoswitch	4379	planner_execution_identity_path	"structural_selected_move_hash": structural_selected_hash,
selected_moves	tools/v7-users-autoswitch	4380	planner_execution_identity_path	"selected_move_hash_source": "approved_preview_packet" if approved_identity_mode else "selected_moves",
selected_move_hash	tools/v7-users-autoswitch	4381	planner_execution_identity_path	"approved_selected_move_hash": str(lock.get("selected_move_hash") or ""),
approved_plan_lock	tools/v7-users-autoswitch	4390	planner_execution_identity_path	"reason": "approved_plan_lock_valid",
selected_move_hash	tools/v7-users-autoswitch	4393	planner_execution_identity_path	"selected_move_hash": selected_hash,
selected_move_hash	tools/v7-users-autoswitch	4394	planner_execution_identity_path	"structural_selected_move_hash": structural_selected_hash,
selected_moves	tools/v7-users-autoswitch	4395	planner_execution_identity_path	"selected_move_hash_source": "approved_preview_packet" if approved_identity_mode else "selected_moves",
selected_move_count	tools/v7-users-autoswitch	4396	planner_execution_identity_path	"selected_move_count": len(selected),
selected_moves	tools/v7-users-autoswitch	4401	planner_execution_identity_path	"selected_moves": selected,
selected_moves	tools/v7-users-autoswitch	4447	planner_execution_identity_path	"action": "suppress_selected_moves_before_apply",
selected_moves	tools/v7-users-autoswitch	4453	planner_execution_identity_path	"action": "suppress_selected_moves_before_apply",
restore_barrier	tools/v7-users-autoswitch	4459	planner_execution_identity_path	"action": "require_fresh_approval_packet_and_restore_barrier",
restore_barrier	tools/v7-users-autoswitch	4477	planner_execution_identity_path	"action": "require_restore_barrier_clearance_refresh",
selected_moves	tools/v7-users-autoswitch	4506	planner_execution_identity_path	trigger: str = "planner_selected_moves_ready",
selected_move_hash	tools/v7-users-autoswitch	4521	planner_execution_identity_path	"selected_move_hash": selected_hash,
selected_move_count	tools/v7-users-autoswitch	4522	planner_execution_identity_path	"selected_move_count": selected_count,
selected_move_hash	tools/v7-users-autoswitch	4533	planner_execution_identity_path	"selected_move_hash": selected_hash,
selected_move_count	tools/v7-users-autoswitch	4534	planner_execution_identity_path	"selected_move_count": selected_count,
restore_barrier	tools/v7-users-autoswitch	4553	planner_execution_identity_path	"restore_barrier_owner": "admin_core/operator_execution.py",
selected_move_hash	tools/v7-users-autoswitch	4563	planner_execution_identity_path	selected_hash = str(operation.get("selected_move_hash") or "")
selected_move_count	tools/v7-users-autoswitch	4564	planner_execution_identity_path	selected_count = to_int(operation.get("selected_move_count"), 0)
selected_moves	tools/v7-users-autoswitch	4568	planner_execution_identity_path	"state": self._atomicity_state("ENVELOPE_VALID", trigger="apply_validation_no_selected_moves"),
selected_moves	tools/v7-users-autoswitch	4569	planner_execution_identity_path	"reason": "no_selected_moves",
selected_move_hash	tools/v7-users-autoswitch	4585	planner_execution_identity_path	if envelope.get("selected_move_hash") != selected_hash:
selected_move_hash	tools/v7-users-autoswitch	4586	planner_execution_identity_path	mismatches.append("selected_move_hash")
selected_move_count	tools/v7-users-autoswitch	4587	planner_execution_identity_path	if to_int(envelope.get("selected_move_count"), -1) != selected_count:
selected_move_count	tools/v7-users-autoswitch	4588	planner_execution_identity_path	mismatches.append("selected_move_count")
restore_barrier	tools/v7-users-autoswitch	4631	planner_execution_identity_path	barrier = safety.get("restore_barrier") or {}
selected_move_hash	tools/v7-users-autoswitch	4644	planner_execution_identity_path	selected_hash=str((plan.get("operation") or {}).get("selected_move_hash") or ""),
selected_moves	tools/v7-users-autoswitch	4645	planner_execution_identity_path	approved_selected_hash=str(barrier.get("approved_selected_moves_hash") or ""),
selected_moves	tools/v7-users-autoswitch	4646	planner_execution_identity_path	approved_count=to_int(barrier.get("clearance_expected_selected_moves"), selected_count),
approved_plan_lock	tools/v7-users-autoswitch	4647	planner_execution_identity_path	approved_plan_lock=barrier.get("approved_plan_lock_validation") or {},
selected_moves	tools/v7-users-autoswitch	4649	planner_execution_identity_path	selected_moves = plan.get("selected_moves") or []
selected_moves	tools/v7-users-autoswitch	4650	planner_execution_identity_path	selected_users = sorted(str(move.get("user_ip") or "") for move in selected_moves)
selected_moves	tools/v7-users-autoswitch	4651	planner_execution_identity_path	selected_targets = sorted({str(move.get("recommended_egress") or "") for move in selected_moves})
restore_barrier	tools/v7-users-autoswitch	4664	planner_execution_identity_path	reasons.append("source_bundle_lease_requires_cleared_restore_barrier")
restore_barrier	tools/v7-users-autoswitch	4666	planner_execution_identity_path	reasons.append("source_bundle_lease_restore_barrier_post_ttl_blocking")
selected_moves	tools/v7-users-autoswitch	4669	planner_execution_identity_path	clearance_max = to_int(barrier.get("clearance_max_selected_moves"), 0)
selected_moves	tools/v7-users-autoswitch	4671	planner_execution_identity_path	reasons.append("source_bundle_lease_selected_moves_exceed_clearance_budget")
restore_barrier	tools/v7-users-autoswitch	4722	planner_execution_identity_path	"restore_barrier_clearance": {
selected_moves	tools/v7-users-autoswitch	4724	planner_execution_identity_path	"clearance_max_selected_moves": clearance_max,
selected_moves	tools/v7-users-autoswitch	4731	rollback_or_main_path	def _selected_moves_hash(self, selected: list[dict[str, Any]]) -> str:
current_egress	tools/v7-users-autoswitch	4735	rollback_or_main_path	"from": str(move.get("current_egress") or ""),
recommended_egress	tools/v7-users-autoswitch	4736	rollback_or_main_path	"to": str(move.get("recommended_egress") or ""),
move_type	tools/v7-users-autoswitch	4737	rollback_or_main_path	"move_type": str(move.get("move_type") or ""),
selected_move_hash	tools/v7-users-autoswitch	4752	rollback_or_main_path	selected_hash = str(operation.get("selected_move_hash") or "")
operation_id	tools/v7-users-autoswitch	4753	rollback_or_main_path	source_operation_id = str(operation.get("operation_id") or "")
operation_id	tools/v7-users-autoswitch	4772	rollback_or_main_path	"source_operation_id": source_operation_id,
selected_move_hash	tools/v7-users-autoswitch	4773	rollback_or_main_path	"selected_move_hash": selected_hash,
move_type	tools/v7-users-autoswitch	4775	rollback_or_main_path	"move_type": "rollback",
operation_id	tools/v7-users-autoswitch	4777	rollback_or_main_path	if not source_operation_id:
operation_id	tools/v7-users-autoswitch	4778	rollback_or_main_path	errors.append("source_operation_id_missing")
selected_move_hash	tools/v7-users-autoswitch	4780	rollback_or_main_path	errors.append("selected_move_hash_missing")
operation_id	tools/v7-users-autoswitch	4788	rollback_or_main_path	"operation_id": source_operation_id,
selected_move_hash	tools/v7-users-autoswitch	4792	rollback_or_main_path	"selected_move_hash": selected_hash,
selected_move_count	tools/v7-users-autoswitch	4793	rollback_or_main_path	"selected_move_count": operation.get("selected_move_count", 0),
terminal_reason	tools/v7-users-autoswitch	4796	rollback_or_main_path	"terminal_reason": operation.get("terminal_reason", ""),
operation_id	tools/v7-users-autoswitch	4836	rollback_or_main_path	source_operation_id = str(source.get("operation_id") or "")
selected_move_hash	tools/v7-users-autoswitch	4837	rollback_or_main_path	selected_hash = str(source.get("selected_move_hash") or "")
operation_id	tools/v7-users-autoswitch	4838	rollback_or_main_path	if not source_operation_id:
operation_id	tools/v7-users-autoswitch	4839	rollback_or_main_path	errors.append("source_operation_id_missing")
selected_move_hash	tools/v7-users-autoswitch	4841	rollback_or_main_path	errors.append("selected_move_hash_missing")
operation_id	tools/v7-users-autoswitch	4856	rollback_or_main_path	if item.get("source_operation_id") != source_operation_id:
selected_move_hash	tools/v7-users-autoswitch	4858	rollback_or_main_path	if item.get("selected_move_hash") != selected_hash:
selected_move_hash	tools/v7-users-autoswitch	4859	rollback_or_main_path	errors.append("rollback_selected_move_hash_mismatch")
operation_id	tools/v7-users-autoswitch	4882	rollback_or_main_path	"source_operation_id": source.get("operation_id", ""),
selected_move_hash	tools/v7-users-autoswitch	4883	rollback_or_main_path	"selected_move_hash": source.get("selected_move_hash", ""),
operation_id	tools/v7-users-autoswitch	4887	rollback_or_main_path	operation_payload["operation_id"] = "runtime_rollback_" + sha256_json(operation_payload)[:24]
terminal_reason	tools/v7-users-autoswitch	4892	rollback_or_main_path	"terminal_reason": "rollback_packet_invalid",
terminal_reason	tools/v7-users-autoswitch	4898	rollback_or_main_path	"terminal_reason": "rollback_packet_valid",
move_type	tools/v7-users-autoswitch	4911	rollback_or_main_path	"move_type": "rollback",
operation_id	tools/v7-users-autoswitch	4912	rollback_or_main_path	"operation_id": operation_payload["operation_id"],
operation_id	tools/v7-users-autoswitch	4913	rollback_or_main_path	"source_operation_id": source.get("operation_id", ""),
selected_move_hash	tools/v7-users-autoswitch	4914	rollback_or_main_path	"selected_move_hash": source.get("selected_move_hash", ""),
terminal_reason	tools/v7-users-autoswitch	4932	rollback_or_main_path	terminal_reason = "rollback_switch_command_failed"
terminal_reason	tools/v7-users-autoswitch	4935	rollback_or_main_path	terminal_reason = "rollback_route_verify_failed"
terminal_reason	tools/v7-users-autoswitch	4938	rollback_or_main_path	terminal_reason = "operation_scoped_rollback_completed"
terminal_reason	tools/v7-users-autoswitch	4941	rollback_or_main_path	"terminal_reason": terminal_reason,
restore_barrier	tools/v7-users-autoswitch	4963	planner_execution_identity_path	restore_barrier: dict[str, Any],
restore_barrier	tools/v7-users-autoswitch	4969	planner_execution_identity_path	restore_barrier.get("clearance_generation_id")
restore_barrier	tools/v7-users-autoswitch	4970	planner_execution_identity_path	or restore_barrier.get("approved_generation_id")
restore_barrier	tools/v7-users-autoswitch	4971	planner_execution_identity_path	or restore_barrier.get("planner_generation_id")
selected_moves	tools/v7-users-autoswitch	4972	planner_execution_identity_path	or restore_barrier.get("selected_moves_generation")
selected_moves	tools/v7-users-autoswitch	4976	planner_execution_identity_path	restore_barrier.get("approved_selected_moves_hash")
restore_barrier	tools/v7-users-autoswitch	4979	planner_execution_identity_path	approved_envelope_id = str(restore_barrier.get("approved_atomic_execution_envelope_id") or "")
restore_barrier	tools/v7-users-autoswitch	4980	planner_execution_identity_path	approved_envelope_hash = str(restore_barrier.get("approved_atomic_execution_envelope_hash") or "")
restore_barrier	tools/v7-users-autoswitch	4981	planner_execution_identity_path	approved_source_bundle_hash = str(restore_barrier.get("approved_source_bundle_hash") or "")
selected_moves	tools/v7-users-autoswitch	4983	planner_execution_identity_path	if "clearance_expected_selected_moves" in restore_barrier:
selected_moves	tools/v7-users-autoswitch	4984	planner_execution_identity_path	expected_count = to_int(restore_barrier.get("clearance_expected_selected_moves"), 0)
selected_moves	tools/v7-users-autoswitch	4985	planner_execution_identity_path	elif "approved_selected_moves_count" in restore_barrier:
selected_moves	tools/v7-users-autoswitch	4986	planner_execution_identity_path	expected_count = to_int(restore_barrier.get("approved_selected_moves_count"), 0)
restore_barrier	tools/v7-users-autoswitch	4988	planner_execution_identity_path	restore_barrier.get("generation_clearance_expires_at")
restore_barrier	tools/v7-users-autoswitch	4989	planner_execution_identity_path	or restore_barrier.get("clearance_expires_at")
restore_barrier	tools/v7-users-autoswitch	4992	planner_execution_identity_path	token = str(restore_barrier.get("generation_token") or "")
restore_barrier	tools/v7-users-autoswitch	4996	planner_execution_identity_path	"clearance_generation_reason": "restore_barrier_clearance_generation_token_missing",
restore_barrier	tools/v7-users-autoswitch	5003	planner_execution_identity_path	"clearance_generation_reason": "restore_barrier_clearance_generation_expired",
restore_barrier	tools/v7-users-autoswitch	5009	planner_execution_identity_path	approved_lock = restore_barrier.get("approved_plan_lock_validation") or {}
selected_move_hash	tools/v7-users-autoswitch	5012	planner_execution_identity_path	and str(approved_lock.get("selected_move_hash_source") or "") == "approved_preview_packet"
restore_barrier	tools/v7-users-autoswitch	5017	planner_execution_identity_path	"clearance_generation_reason": "restore_barrier_clearance_generation_mismatch",
selected_moves	tools/v7-users-autoswitch	5024	planner_execution_identity_path	"clearance_generation_reason": "restore_barrier_clearance_selected_moves_hash_mismatch",
selected_moves	tools/v7-users-autoswitch	5027	planner_execution_identity_path	"approved_selected_moves_hash": approved_hash,
selected_moves	tools/v7-users-autoswitch	5028	planner_execution_identity_path	"current_selected_moves_hash": selected_hash,
selected_moves	tools/v7-users-autoswitch	5033	planner_execution_identity_path	"clearance_generation_reason": "restore_barrier_clearance_selected_moves_count_mismatch",
selected_moves	tools/v7-users-autoswitch	5036	planner_execution_identity_path	"approved_selected_moves_count": expected_count,
selected_moves	tools/v7-users-autoswitch	5037	planner_execution_identity_path	"current_selected_moves_count": len(selected),
restore_barrier	tools/v7-users-autoswitch	5039	planner_execution_identity_path	approved_lock = restore_barrier.get("approved_plan_lock_validation") or {}
selected_move_hash	tools/v7-users-autoswitch	5042	planner_execution_identity_path	and str(approved_lock.get("selected_move_hash_source") or "") == "approved_preview_packet"
restore_barrier	tools/v7-users-autoswitch	5047	planner_execution_identity_path	"clearance_generation_reason": "restore_barrier_clearance_preview_packet_identity_match",
selected_moves	tools/v7-users-autoswitch	5050	planner_execution_identity_path	"current_selected_moves_hash": selected_hash,
selected_moves	tools/v7-users-autoswitch	5051	planner_execution_identity_path	"approved_selected_moves_hash": approved_hash or selected_hash,
selected_moves	tools/v7-users-autoswitch	5052	planner_execution_identity_path	"current_selected_moves_count": len(selected),
selected_moves	tools/v7-users-autoswitch	5053	planner_execution_identity_path	"approved_selected_moves_count": expected_count if expected_count is not None else len(selected),
approved_plan_lock	tools/v7-users-autoswitch	5054	planner_execution_identity_path	"approved_plan_lock_identity_source": "approved_preview_packet",
restore_barrier	tools/v7-users-autoswitch	5059	planner_execution_identity_path	trigger="restore_barrier_generation_clearance_check",
restore_barrier	tools/v7-users-autoswitch	5061	planner_execution_identity_path	envelope_source_lease = self._restore_barrier_source_bundle_lease(
restore_barrier	tools/v7-users-autoswitch	5062	planner_execution_identity_path	restore_barrier,
restore_barrier	tools/v7-users-autoswitch	5072	planner_execution_identity_path	"clearance_generation_reason": "restore_barrier_clearance_atomic_envelope_id_mismatch",
restore_barrier	tools/v7-users-autoswitch	5086	planner_execution_identity_path	"clearance_generation_reason": "restore_barrier_clearance_atomic_envelope_hash_mismatch",
restore_barrier	tools/v7-users-autoswitch	5100	planner_execution_identity_path	"clearance_generation_reason": "restore_barrier_clearance_source_bundle_hash_mismatch",
restore_barrier	tools/v7-users-autoswitch	5107	planner_execution_identity_path	reason = "restore_barrier_clearance_generation_match"
restore_barrier	tools/v7-users-autoswitch	5109	planner_execution_identity_path	reason = "restore_barrier_clearance_generation_match_source_bundle_lease"
selected_moves	tools/v7-users-autoswitch	5115	planner_execution_identity_path	"current_selected_moves_hash": selected_hash,
selected_moves	tools/v7-users-autoswitch	5116	planner_execution_identity_path	"approved_selected_moves_hash": approved_hash or selected_hash,
selected_moves	tools/v7-users-autoswitch	5117	planner_execution_identity_path	"current_selected_moves_count": len(selected),
selected_moves	tools/v7-users-autoswitch	5118	planner_execution_identity_path	"approved_selected_moves_count": expected_count if expected_count is not None else len(selected),
restore_barrier	tools/v7-users-autoswitch	5128	planner_execution_identity_path	def _restore_barrier_source_bundle_lease(
restore_barrier	tools/v7-users-autoswitch	5130	planner_execution_identity_path	restore_barrier: dict[str, Any],
restore_barrier	tools/v7-users-autoswitch	5133	planner_execution_identity_path	approved_hashes = restore_barrier.get("approved_source_hashes") or {}
selected_moves	tools/v7-users-autoswitch	5141	planner_execution_identity_path	expected_count = to_int(restore_barrier.get("clearance_expected_selected_moves"), to_int(current_envelope.get("selected_move_count"), 0))
selected_move_count	tools/v7-users-autoswitch	5146	planner_execution_identity_path	selected_count=to_int(current_envelope.get("selected_move_count"), 0),
selected_move_hash	tools/v7-users-autoswitch	5147	planner_execution_identity_path	selected_hash=str(current_envelope.get("selected_move_hash") or ""),
selected_moves	tools/v7-users-autoswitch	5148	planner_execution_identity_path	approved_selected_hash=str(restore_barrier.get("approved_selected_moves_hash") or ""),
restore_barrier	tools/v7-users-autoswitch	5150	planner_execution_identity_path	approved_plan_lock=restore_barrier.get("approved_plan_lock_validation") or {},
restore_barrier	tools/v7-users-autoswitch	5164	planner_execution_identity_path	"reason": lease_scope.get("reason") or "restore_barrier_source_bundle_lease_hard_source_changed",
approved_plan_lock	tools/v7-users-autoswitch	5182	planner_execution_identity_path	approved_plan_lock: dict[str, Any],
selected_move_hash	tools/v7-users-autoswitch	5189	planner_execution_identity_path	"selected_move_hash": selected_hash,
selected_move_hash	tools/v7-users-autoswitch	5190	planner_execution_identity_path	"approved_selected_move_hash": approved_selected_hash,
selected_move_count	tools/v7-users-autoswitch	5191	planner_execution_identity_path	"selected_move_count": selected_count,
selected_move_count	tools/v7-users-autoswitch	5192	planner_execution_identity_path	"approved_selected_move_count": approved_count,
approved_plan_lock	tools/v7-users-autoswitch	5193	planner_execution_identity_path	"selected_users": list(approved_plan_lock.get("selected_users") or []),
approved_plan_lock	tools/v7-users-autoswitch	5194	planner_execution_identity_path	"selected_targets": list(approved_plan_lock.get("selected_targets") or []),
restore_barrier	tools/v7-users-autoswitch	5207	planner_execution_identity_path	"reason": "restore_barrier_source_bundle_lease_hard_sources_stable",
restore_barrier	tools/v7-users-autoswitch	5214	planner_execution_identity_path	"reason": "restore_barrier_source_bundle_lease_service_matrix_only",
approved_plan_lock	tools/v7-users-autoswitch	5227	planner_execution_identity_path	if not bool_value(approved_plan_lock.get("ok")):
approved_plan_lock	tools/v7-users-autoswitch	5228	planner_execution_identity_path	reasons.append("source_bundle_lease_requires_valid_approved_plan_lock")
restore_barrier	tools/v7-users-autoswitch	5232	planner_execution_identity_path	"reason": "restore_barrier_source_bundle_lease_decision_signature_unstable",
restore_barrier	tools/v7-users-autoswitch	5239	planner_execution_identity_path	"reason": "restore_barrier_source_bundle_lease_semantic_decision_stable",
current_egress	tools/v7-users-autoswitch	5249	planner_execution_identity_path	row = groups.setdefault(user.group, {"users": 0, "current_egress": {}, "policy": self._group_policy(user.group)})
current_egress	tools/v7-users-autoswitch	5251	planner_execution_identity_path	row["current_egress"][user.current] = row["current_egress"].get(user.current, 0) + 1
move_type	tools/v7-users-autoswitch	5267	planner_execution_identity_path	move_type = "none"
restore_barrier	tools/v7-users-autoswitch	5285	planner_execution_identity_path	if current and bool_value(self.restore_barrier.get("failover_quarantine")):
restore_barrier	tools/v7-users-autoswitch	5286	planner_execution_identity_path	if bool_value(self.restore_barrier.get("post_ttl_blocking")):
restore_barrier	tools/v7-users-autoswitch	5287	planner_execution_identity_path	reason.append("restore_barrier_post_ttl_generation_clearance_required")
restore_barrier_failover_suppressed	tools/v7-users-autoswitch	5289	planner_execution_identity_path	reason.append("restore_barrier_failover_suppressed")
move_type	tools/v7-users-autoswitch	5299	planner_execution_identity_path	move_type = "failover"
current_egress	tools/v7-users-autoswitch	5302	planner_execution_identity_path	reason.append("current_egress_not_eligible")
move_type	tools/v7-users-autoswitch	5309	planner_execution_identity_path	move_type = "reconnect_rotation"
move_type	tools/v7-users-autoswitch	5322	planner_execution_identity_path	move_type = "planned"
move_type	tools/v7-users-autoswitch	5328	planner_execution_identity_path	move_type = "rebalance"
move_type	tools/v7-users-autoswitch	5342	planner_execution_identity_path	move_type = "rebalance"
current_egress	tools/v7-users-autoswitch	5360	planner_execution_identity_path	"current_egress": user.current,
recommended_egress	tools/v7-users-autoswitch	5361	planner_execution_identity_path	"recommended_egress": recommended,
move_type	tools/v7-users-autoswitch	5363	planner_execution_identity_path	"move_type": move_type,
move_type	tools/v7-users-autoswitch	5368	planner_execution_identity_path	"explanation": self._explanation(user, recommended, action, move_type, current, candidates, reason),
selected_moves	tools/v7-users-autoswitch	5426	planner_execution_identity_path	"selected_moves_changed": False,
move_type	tools/v7-users-autoswitch	5959	planner_execution_identity_path	def _explanation(self, user: User, recommended: str, action: str, move_type: str, current: Optional[Candidate], candidates: list[Candidate], reasons: list[str]) -> dict[str, Any]:
move_type	tools/v7-users-autoswitch	5995	planner_execution_identity_path	elif move_type == "failover":
move_type	tools/v7-users-autoswitch	5997	planner_execution_identity_path	elif move_type == "planned":
move_type	tools/v7-users-autoswitch	6017	planner_execution_identity_path	elif score_gap >= 250 or move_type == "failover":
move_type	tools/v7-users-autoswitch	6025	planner_execution_identity_path	"move_type": move_type,
decisions	tools/v7-users-autoswitch	6073	planner_execution_identity_path	def _select_moves(self, decisions: list[dict[str, Any]]) -> list[dict[str, Any]]:
decisions	tools/v7-users-autoswitch	6084	planner_execution_identity_path	failovers = [d for d in decisions if d.get("action") == "switch" and d.get("move_type") == "failover"]
decisions	tools/v7-users-autoswitch	6085	planner_execution_identity_path	reconnect = [d for d in decisions if d.get("action") == "switch" and d.get("move_type") == "reconnect_rotation"]
decisions	tools/v7-users-autoswitch	6086	planner_execution_identity_path	rebalance = [d for d in decisions if d.get("action") == "switch" and d.get("move_type") == "rebalance"]
decisions	tools/v7-users-autoswitch	6087	planner_execution_identity_path	planned = [d for d in decisions if d.get("action") == "switch" and d.get("move_type") == "planned"]
recommended_egress	tools/v7-users-autoswitch	6100	planner_execution_identity_path	projected.get(str(d.get("recommended_egress") or ""), 0),
current_egress	tools/v7-users-autoswitch	6107	planner_execution_identity_path	source = str(move.get("current_egress") or "")
recommended_egress	tools/v7-users-autoswitch	6119	planner_execution_identity_path	original_target = str(move.get("recommended_egress") or "")
recommended_egress	tools/v7-users-autoswitch	6121	planner_execution_identity_path	move["recommended_egress"] = target
current_egress	tools/v7-users-autoswitch	6139	planner_execution_identity_path	source = str(move.get("current_egress") or "")
recommended_egress	tools/v7-users-autoswitch	6152	planner_execution_identity_path	target = str(move.get("recommended_egress") or "")
operation_id	tools/v7-users-autoswitch	6180	apply_path	operation_id = str(operation.get("operation_id") or "")
selected_move_hash	tools/v7-users-autoswitch	6181	apply_path	selected_hash = str(operation.get("selected_move_hash") or "")
selected_moves	tools/v7-users-autoswitch	6188	apply_path	if not plan.get("selected_moves"):
restore_barrier	tools/v7-users-autoswitch	6190	apply_path	barrier = safety.get("restore_barrier") or {}
approved_plan_lock	tools/v7-users-autoswitch	6191	apply_path	approved_lock = barrier.get("approved_plan_lock_validation") or {}
selected_moves	tools/v7-users-autoswitch	6192	apply_path	diagnostics = safety.get("selected_moves_diagnostics") or {}
approved_plan_lock	tools/v7-users-autoswitch	6199	apply_path	or barrier.get("approved_plan_lock_blocker")
selected_moves	tools/v7-users-autoswitch	6201	apply_path	or "approved_plan_lock_selected_moves_missing"
selected_moves	tools/v7-users-autoswitch	6205	apply_path	"reason": "approved_plan_lock_selected_moves_missing",
selected_moves	tools/v7-users-autoswitch	6207	apply_path	"selected_moves_diagnostics": diagnostics,
approved_plan_lock	tools/v7-users-autoswitch	6208	apply_path	"approved_plan_lock_validation": approved_lock,
selected_moves	tools/v7-users-autoswitch	6210	apply_path	return {"applied": False, "reason": "no_selected_moves"}
selected_moves	tools/v7-users-autoswitch	6221	apply_path	for move in plan["selected_moves"]:
recommended_egress	tools/v7-users-autoswitch	6223	apply_path	target = move["recommended_egress"]
current_egress	tools/v7-users-autoswitch	6224	apply_path	current = move["current_egress"]
move_type	tools/v7-users-autoswitch	6225	apply_path	proc = self._run_switch(ip, target, move.get("move_type", "planned"))
move_type	tools/v7-users-autoswitch	6230	apply_path	"move_type": move.get("move_type"),
operation_id	tools/v7-users-autoswitch	6231	apply_path	"operation_id": operation_id,
selected_move_hash	tools/v7-users-autoswitch	6232	apply_path	"selected_move_hash": selected_hash,
terminal_reason	tools/v7-users-autoswitch	6274	planner_execution_identity_path	reason = self._dry_run_terminal_reason(plan)
selected_moves	tools/v7-users-autoswitch	6275	planner_execution_identity_path	elif reason == "no_selected_moves":
terminal_reason	tools/v7-users-autoswitch	6279	planner_execution_identity_path	return {"terminal_state": state, "terminal_reason": reason}
terminal_reason	tools/v7-users-autoswitch	6283	planner_execution_identity_path	return {"terminal_state": "ROLLED_BACK", "terminal_reason": "verification_failed_rollback_completed"}
terminal_reason	tools/v7-users-autoswitch	6284	planner_execution_identity_path	return {"terminal_state": "ROLLBACK_FAILED", "terminal_reason": "verification_failed_rollback_failed"}
terminal_reason	tools/v7-users-autoswitch	6286	planner_execution_identity_path	return {"terminal_state": "VERIFY_FAILED", "terminal_reason": "route_verify_failed"}
terminal_reason	tools/v7-users-autoswitch	6288	planner_execution_identity_path	return {"terminal_state": "FAILED", "terminal_reason": "switch_command_failed"}
selected_moves	tools/v7-users-autoswitch	6289	planner_execution_identity_path	return {"terminal_state": "APPLIED", "terminal_reason": "selected_moves_applied"}
terminal_reason	tools/v7-users-autoswitch	6291	planner_execution_identity_path	def _dry_run_terminal_reason(self, plan: dict[str, Any]) -> str:
selected_moves	tools/v7-users-autoswitch	6292	planner_execution_identity_path	if plan.get("selected_moves"):
selected_moves	tools/v7-users-autoswitch	6293	planner_execution_identity_path	return "dry_run_selected_moves_available"
restore_barrier	tools/v7-users-autoswitch	6297	planner_execution_identity_path	barrier = (plan.get("safety") or {}).get("restore_barrier") or {}
restore_barrier	tools/v7-users-autoswitch	6299	planner_execution_identity_path	return "dry_run_restore_barrier_active"
restore_barrier	tools/v7-users-autoswitch	6301	planner_execution_identity_path	return "dry_run_restore_barrier_post_ttl_blocking"
restore_barrier	tools/v7-users-autoswitch	6308	planner_execution_identity_path	return f"dry_run_restore_barrier_{barrier_reason}"
decisions	tools/v7-users-autoswitch	6309	planner_execution_identity_path	for decision in plan.get("decisions") or []:
current_egress	tools/v7-users-autoswitch	6311	planner_execution_identity_path	if str(reason).startswith(("restore_", "no_eligible_", "current_egress_")):
selected_moves	tools/v7-users-autoswitch	6313	planner_execution_identity_path	return "dry_run_no_selected_moves"
restore_barrier	tools/v7-users-autoswitch	6330	planner_read_model_or_policy	def _restore_barrier_status_label(self, plan: dict[str, Any]) -> str:
restore_barrier	tools/v7-users-autoswitch	6331	planner_read_model_or_policy	barrier = (plan.get("safety") or {}).get("restore_barrier") or {}
operation_id	tools/v7-users-autoswitch	6345	planner_read_model_or_policy	"operation_id": operation.get("operation_id", ""),
selected_move_hash	tools/v7-users-autoswitch	6349	planner_read_model_or_policy	"selected_move_hash": operation.get("selected_move_hash", ""),
selected_move_count	tools/v7-users-autoswitch	6350	planner_read_model_or_policy	"selected_move_count": operation.get("selected_move_count", 0),
terminal_reason	tools/v7-users-autoswitch	6353	planner_read_model_or_policy	"terminal_reason": operation.get("terminal_reason", ""),
restore_barrier	tools/v7-users-autoswitch	6354	planner_read_model_or_policy	"restore_barrier_status": self._restore_barrier_status_label(plan),
operation_id	tools/v7-users-autoswitch	6364	planner_read_model_or_policy	"object_id": operation.get("operation_id", ""),
operation_id	tools/v7-users-autoswitch	6379	planner_read_model_or_policy	"operation_id": operation.get("operation_id", ""),
operation_id	tools/v7-users-autoswitch	6382	planner_read_model_or_policy	"source_operation_id": operation.get("source_operation_id", ""),
selected_move_hash	tools/v7-users-autoswitch	6384	planner_read_model_or_policy	"selected_move_hash": operation.get("selected_move_hash", ""),
selected_move_count	tools/v7-users-autoswitch	6385	planner_read_model_or_policy	"selected_move_count": source.get("selected_move_count", 0),
terminal_reason	tools/v7-users-autoswitch	6387	planner_read_model_or_policy	"terminal_reason": operation.get("terminal_reason", ""),
operation_id	tools/v7-users-autoswitch	6397	planner_read_model_or_policy	"object_id": operation.get("operation_id", ""),
operation_id	tools/v7-users-autoswitch	6414	planner_read_model_or_policy	["v7-audit-log", audit["action"], audit["component"], f"operation_id={audit.get('object_id', '')}", *args],
operation_id	tools/v7-users-autoswitch	6433	planner_read_model_or_policy	"object_id": operation.get("operation_id", ""),
move_type	tools/v7-users-autoswitch	6455	planner_read_model_or_policy	move_type = str(result.get("move_type") or "")
move_type	tools/v7-users-autoswitch	6460	planner_read_model_or_policy	recent.append({"ts": ts, "from": source, "to": target, "move_type": move_type})
move_type	tools/v7-users-autoswitch	6480	planner_read_model_or_policy	incoming.append({"ts": ts, "user_ip": ip, "move_type": move_type})
current_egress	tools/v7-users-autoswitch	6484	planner_read_model_or_policy	reconnect_user["current_egress"] = target
decisions	tools/v7-users-autoswitch	6528	planner_read_model_or_policy	parser = argparse.ArgumentParser(description="Plan and optionally apply guarded V7 egress autoswitch decisions.")
affected_users	tools/v7-routing-intelligence-shadow	70	tooling_or_runtime_support	affected_users=args.affected_users,
selected_moves	tools/v7-ctr-observation-window	245	tooling_or_runtime_support	"selected_moves_changed": False,
current_egress	tools/v7-client-speed-api	154	tooling_or_runtime_support	"current_egress": user_row.get("current"),
current_egress	tools/v7-client-speed-api	211	tooling_or_runtime_support	egress_id = str(sample.get("egress") or sample.get("current_egress") or "").strip()
current_egress	tools/v7-client-speed-api	320	tooling_or_runtime_support	document.getElementById('who').textContent = `${d.ip} · current egress: ${d.current_egress || 'unknown'}`;
current_egress	tools/v7-client-speed-api	379	tooling_or_runtime_support	if (d.agent) document.getElementById('who').textContent = `${d.ip} · current egress: ${d.agent.current_egress || 'unknown'} · online`;
current_egress	tools/v7-client-speed-api	444	tooling_or_runtime_support	self.send_json({"ip": ip, "current_egress": user.get("current"), "table": user.get("table"), "latest": mine.get("latest", {}), "history": mine.get("history", [])[-10:]})
current_egress	tools/v7-client-speed-api	493	tooling_or_runtime_support	"current_egress": current,
decisions	tools/v7_sync_lib.py	5	tooling_or_runtime_support	``tools/v7-truth-check`` for source-of-truth decisions and only model deployment
restore_barrier	tools/v7_sync_lib.py	354	tooling_or_runtime_support	"restore_barrier_mutation",
restore_barrier	tools/v7_sync_lib.py	854	tooling_or_runtime_support	"restore_barrier_modified": False,
restore_barrier	tools/v7_sync_lib.py	1252	tooling_or_runtime_support	"restore_barrier_modified": False,
current_egress	tools/runtime-support/v7-proxy-service-aware-routing-dry-run	240	tooling_or_runtime_support	current_egress = user.get("current") or str(binding.get("current_egress", ""))
current_egress	tools/runtime-support/v7-proxy-service-aware-routing-dry-run	245	tooling_or_runtime_support	"current_egress": current_egress,
current_egress	tools/runtime-support/v7-proxy-service-aware-routing-dry-run	312	tooling_or_runtime_support	egress_for_rule = binding.get("current_egress", "")
current_egress	tools/runtime-support/v7-proxy-route-policy-dry-run	185	tooling_or_runtime_support	current_egress = str(binding.get("current_egress", ""))
current_egress	tools/runtime-support/v7-proxy-route-policy-dry-run	214	tooling_or_runtime_support	if registry_current != current_egress:
current_egress	tools/runtime-support/v7-proxy-route-policy-dry-run	215	tooling_or_runtime_support	row_warnings.append(f"current_egress_changed:binding={current_egress}:registry={registry_current}")
current_egress	tools/runtime-support/v7-proxy-route-policy-dry-run	216	tooling_or_runtime_support	current_egress = registry_current or current_egress
current_egress	tools/runtime-support/v7-proxy-route-policy-dry-run	218	tooling_or_runtime_support	egress = egress_by_id.get(current_egress)
current_egress	tools/runtime-support/v7-proxy-route-policy-dry-run	220	tooling_or_runtime_support	row_blockers.append("current_egress_missing_from_registry")
current_egress	tools/runtime-support/v7-proxy-route-policy-dry-run	227	tooling_or_runtime_support	row_blockers.append("current_egress_disabled")
current_egress	tools/runtime-support/v7-proxy-route-policy-dry-run	239	tooling_or_runtime_support	"current_egress": current_egress,
current_egress	tools/runtime-support/v7-proxy-route-policy-dry-run	271	tooling_or_runtime_support	print(f"  egress={plan['current_egress']}")
current_egress	tools/runtime-support/v7-proxy-public-candidate-preview	183	tooling_or_runtime_support	egress_id = user.get("current") or str(binding.get("current_egress", ""))
current_egress	tools/runtime-support/v7-proxy-policy-runtime-adapter-dry-run	225	tooling_or_runtime_support	bound_egress = str(binding.get("current_egress", ""))
current_egress	tools/runtime-support/v7-proxy-policy-runtime-adapter-dry-run	239	tooling_or_runtime_support	row_warnings.append(f"current_egress_changed:binding={bound_egress}:registry={user.get('current')}")
current_egress	tools/runtime-support/v7-proxy-identity-bind	173	tooling_or_runtime_support	"current_egress": "$CURRENT",
current_egress	tools/runtime-support/v7-proxy-identity-bind	201	tooling_or_runtime_support	printf 'current_egress=%s\n' "$CURRENT"
current_egress	tools/runtime-support/v7-proxy-identity-sync-users	100	tooling_or_runtime_support	"current_egress": str(row.get("current", "")),
current_egress	tools/runtime-support/v7-proxy-identity-sync-users	185	tooling_or_runtime_support	"current_egress": str(row.get("current", "")),
current_egress	tools/runtime-support/v7-proxy-identity-sync-users	211	tooling_or_runtime_support	+ f"egress={item['current_egress']}:uuid={item['proxy_uuid_redacted']}"
current_egress	tools/runtime-support/v7-user-rotate-key	60	tooling_or_runtime_support	current_egress="$current"
current_egress	tools/runtime-support/v7-user-rotate-key	86	tooling_or_runtime_support	egress=$current_egress
current_egress	tools/runtime-support/v7-user-rotate-key	169	tooling_or_runtime_support	v7-audit-log "user_rotate_key" "users" "ip=$client_ip table=$routing_table egress=$current_egress name=$client_name" >/dev/null 2>&1 || true
current_egress	tools/runtime-support/v7-user-rotate-key	176	tooling_or_runtime_support	egress=$current_egress
current_egress	tools/runtime-support/v7-user-reissue-config	50	tooling_or_runtime_support	current_egress="$(v7_kv_get "$line" current)"
current_egress	tools/runtime-support/v7-user-reissue-config	79	tooling_or_runtime_support	egress=$current_egress
current_egress	tools/runtime-support/v7-user-reissue-config	108	tooling_or_runtime_support	v7-audit-log "user_reissue_config" "users" "ip=$client_ip table=$routing_table egress=$current_egress name=$client_name" >/dev/null 2>&1 || true
current_egress	tools/runtime-support/v7-user-reissue-config	115	tooling_or_runtime_support	egress=$current_egress
current_egress	tools/runtime-support/v7-proxy-multi-user-identity-dry-run	266	tooling_or_runtime_support	egress_id = registry_current or str(binding.get("current_egress", ""))
selected_moves	tests/unit/test_operator_execution_feedback.py	44	test	self.assertEqual(records["outcome"]["selected_moves"][0]["user"], "10.7.0.3")
selected_moves	tests/unit/test_operator_execution_feedback.py	45	test	self.assertEqual(records["outcome"]["selected_moves"][0]["target"], "awg3")
selected_moves	tests/unit/test_intelligence_platform.py	98	test	self.assertEqual(summary["selected_moves_write_authority"], "none")
selected_move_count	tests/unit/test_intelligence_platform.py	212	test	selected_move_count=1,
selected_move_count	tests/unit/test_intelligence_platform.py	419	test	"operation": {"operation_id": "runtime_autoswitch_test", "selected_move_count": 0},
selected_move_count	tests/unit/test_intelligence_platform.py	459	test	"operation": {"operation_id": "runtime_autoswitch_test", "selected_move_count": 0},
selected_move_hash	tests/unit/test_operator_execution_packet.py	46	test	"selected_move_hash": EMPTY_SELECTED_MOVES_HASH,
operation_id	tests/unit/test_operator_execution_packet.py	58	test	"operation_id": "E22_TEST",
selected_move_hash	tests/unit/test_operator_execution_packet.py	78	test	"selected_move_hash": EMPTY_SELECTED_MOVES_HASH,
operation_id	tests/unit/test_operator_execution_packet.py	93	test	"source_operation_id": packet["operation_id"],
operation_id	tests/unit/test_operator_execution_packet.py	100	test	"source_operation_id": packet["operation_id"],
restore_barrier	tests/unit/test_operator_execution_packet.py	140	test	self.assertFalse(model["restore_barrier_written_now"])
restore_barrier	tests/unit/test_operator_execution_packet.py	183	test	self.assertFalse(contract["restore_barrier_written_now"])
restore_barrier	tests/unit/test_operator_execution_packet.py	216	test	"restore_barrier": {
selected_moves	tests/unit/test_operator_execution_packet.py	217	test	"clearance_selected_moves_before_guard": 1,
selected_moves	tests/unit/test_operator_execution_packet.py	218	test	"clearance_selected_moves_hash": "move-hash",
decisions	tests/unit/test_operator_execution_packet.py	221	test	"decisions": [
current_egress	tests/unit/test_operator_execution_packet.py	224	test	"current_egress": "1",
recommended_egress	tests/unit/test_operator_execution_packet.py	225	test	"recommended_egress": "vless",
move_type	tests/unit/test_operator_execution_packet.py	227	test	"move_type": "failover",
operation_id	tests/unit/test_operator_execution_packet.py	238	test	"operation_id": "govdry_unit_identity",
selected_move_count	tests/unit/test_operator_execution_packet.py	241	test	"selected_move_count": 1,
selected_move_hash	tests/unit/test_operator_execution_packet.py	242	test	"selected_move_hash": "preview-selected-hash-unit",
operation_id	tests/unit/test_operator_execution_packet.py	252	test	"source_operation_id": "govdry_unit_identity",
selected_move_hash	tests/unit/test_operator_execution_packet.py	357	test	bad_hash["expected"]["selected_move_hash"] = "bad"
restore_barrier	tests/unit/test_operator_execution_packet.py	393	test	restore_barrier_file=barrier,
selected_moves	tests/unit/test_operator_execution_packet.py	405	test	self.assertEqual(barrier_data["approved_selected_moves_hash"], "move-hash")
selected_moves	tests/unit/test_operator_execution_packet.py	409	test	self.assertEqual(barrier_data["clearance_expected_selected_moves"], 1)
selected_moves	tests/unit/test_operator_execution_packet.py	410	test	self.assertEqual(barrier_data["clearance_max_selected_moves"], 1)
approved_plan_lock	tests/unit/test_operator_execution_packet.py	413	test	self.assertEqual(packet["approved_plan_lock"]["schema_version"], "v7.approved-plan-lock.v1")
selected_move_count	tests/unit/test_operator_execution_packet.py	414	test	self.assertEqual(packet["approved_plan_lock"]["selected_move_count"], 1)
selected_moves	tests/unit/test_operator_execution_packet.py	415	test	self.assertEqual(packet["approved_plan_lock"]["selected_moves"][0]["user_ip"], "10.7.0.11")
approved_plan_lock	tests/unit/test_operator_execution_packet.py	416	test	self.assertFalse(packet["approved_plan_lock"]["executor_may_reselect"])
selected_moves	tests/unit/test_operator_execution_packet.py	417	test	self.assertEqual(barrier_data["approved_plan_lock"]["selected_moves"][0]["recommended_egress"], "vless")
approved_plan_lock	tests/unit/test_operator_execution_packet.py	418	test	self.assertEqual(barrier_data["approved_plan_lock_id"], packet["approved_plan_lock"]["lock_id"])
restore_barrier	tests/unit/test_operator_execution_packet.py	421	test	self.assertEqual(lifecycle_records[0]["record_type"], "restore_barrier_clearance_created")
operation_id	tests/unit/test_operator_execution_packet.py	436	test	self.assertEqual(packet["operation_id"], preview["operation_id"])
selected_move_hash	tests/unit/test_operator_execution_packet.py	439	test	self.assertEqual(packet["expected"]["selected_move_hash"], preview["selected_move_hash"])
approved_plan_lock	tests/unit/test_operator_execution_packet.py	445	test	self.assertEqual(packet["approved_plan_lock"]["identity_source"], "approved_preview_packet")
approved_plan_lock	tests/unit/test_operator_execution_packet.py	446	test	self.assertEqual(packet["approved_plan_lock"]["packet_id"], preview["packet_id"])
approved_plan_lock	tests/unit/test_operator_execution_packet.py	447	test	self.assertEqual(packet["approved_plan_lock"]["operation_id"], preview["operation_id"])
approved_plan_lock	tests/unit/test_operator_execution_packet.py	448	test	self.assertEqual(packet["approved_plan_lock"]["decision_id"], preview["decision_id"])
approved_plan_lock	tests/unit/test_operator_execution_packet.py	449	test	self.assertEqual(packet["approved_plan_lock"]["authority_generation"], preview["authority_generation"])
approved_plan_lock	tests/unit/test_operator_execution_packet.py	450	test	self.assertEqual(packet["approved_plan_lock"]["selected_move_hash"], preview["selected_move_hash"])
selected_move_hash	tests/unit/test_operator_execution_packet.py	460	test	"selected_move_hash": preview["selected_move_hash"],
operation_id	tests/unit/test_operator_execution_packet.py	473	test	self.assertEqual(packet["operation_id"], preview["operation_id"])
selected_move_hash	tests/unit/test_operator_execution_packet.py	476	test	self.assertEqual(packet["expected"]["selected_move_hash"], preview["selected_move_hash"])
selected_move_hash	tests/unit/test_operator_execution_packet.py	489	test	"selected_move_hash": "preview-selected-hash-unit",
selected_move_hash	tests/unit/test_operator_execution_packet.py	494	test	"selected_move_hash": "preview-selected-hash-unit",
selected_move_count	tests/unit/test_operator_execution_packet.py	495	test	"selected_move_count": 1,
restore_barrier	tests/unit/test_operator_execution_packet.py	529	test	restore_barrier_file=barrier,
selected_moves	tests/unit/test_operator_execution_packet.py	536	test	result["clearance_preview"]["clearance"]["approved_selected_moves_hash"],
restore_barrier	tests/unit/test_operator_execution_packet.py	557	test	restore_barrier_file=barrier,
operation_id	tests/unit/test_operator_execution_packet.py	576	test	self.assertEqual(lease["immutable_packet_identity"]["operation_id"], packet["operation_id"])
selected_move_hash	tests/unit/test_operator_execution_packet.py	577	test	self.assertEqual(lease["immutable_packet_identity"]["selected_move_hash"], packet["expected"]["selected_move_hash"])
selected_move_hash	tests/unit/test_operator_execution_packet.py	591	test	regenerated_preview["selected_move_hash"] = "different-selected-hash"
selected_move_hash	tests/unit/test_operator_execution_packet.py	596	test	self.assertEqual(lease["packet"]["expected"]["selected_move_hash"], "preview-selected-hash-unit")
restore_barrier	tests/unit/test_operator_execution_packet.py	649	test	restore_barrier_file=barrier,
selected_moves	tests/unit/test_operator_execution_packet.py	656	test	result["clearance_preview"]["clearance"]["approved_selected_moves_hash"],
selected_move_hash	tests/unit/test_operator_execution_packet.py	657	test	packet["expected"]["selected_move_hash"],
operation_id	tests/unit/test_operator_execution_packet.py	685	test	current_state["operation_id"] = "govdry_regenerated_same_plan"
selected_move_hash	tests/unit/test_operator_execution_packet.py	713	test	"selected_move_hash": "selected-move-hash-next",
selected_moves	tests/unit/test_operator_execution_packet.py	774	test	reason="selected_moves_applied",
operation_id	tests/unit/test_operator_execution_packet.py	776	test	"operation_id": "op-finished",
selected_moves	tests/unit/test_operator_execution_packet.py	778	test	"terminal_reason": "selected_moves_applied",
restore_barrier	tests/unit/test_operator_execution_packet.py	820	test	restore_barrier_file=barrier,
restore_barrier	tests/unit/test_operator_execution_packet.py	829	test	restore_barrier_file=barrier,
selected_move_count	tests/unit/test_operator_execution_packet.py	836	test	self.assertEqual(first["clearance_preview"]["clearance"]["approved_plan_lock"]["selected_move_count"], 1)
selected_moves	tests/unit/test_operator_execution_packet.py	845	test	self.assertEqual(second["clearance_preview"]["clearance"]["approved_selected_moves_hash"], "move-hash")
restore_barrier	tests/unit/test_operator_execution_packet.py	874	test	restore_barrier_file=barrier,
selected_move_count	tests/unit/test_operator_execution_packet.py	885	test	def test_packet_from_plan_respects_clearance_selected_move_count(self):
decisions	tests/unit/test_operator_execution_packet.py	887	test	plan["decisions"].extend([
current_egress	tests/unit/test_operator_execution_packet.py	890	test	"current_egress": "1",
recommended_egress	tests/unit/test_operator_execution_packet.py	891	test	"recommended_egress": "vless",
move_type	tests/unit/test_operator_execution_packet.py	893	test	"move_type": "failover",
current_egress	tests/unit/test_operator_execution_packet.py	897	test	"current_egress": "1",
recommended_egress	tests/unit/test_operator_execution_packet.py	898	test	"recommended_egress": "vless",
move_type	tests/unit/test_operator_execution_packet.py	900	test	"move_type": "failover",
selected_move_count	tests/unit/test_operator_execution_packet.py	910	test	self.assertEqual(packet["expected"]["selected_move_count"], 1)
selected_moves	tests/unit/test_operator_execution_packet.py	919	test	def test_packet_from_plan_prefers_final_selected_moves_over_decisions(self):
selected_moves	tests/unit/test_operator_execution_packet.py	921	test	plan["safety"]["restore_barrier"]["clearance_selected_moves_before_guard"] = 2
selected_moves	tests/unit/test_operator_execution_packet.py	922	test	plan["selected_moves"] = [
current_egress	tests/unit/test_operator_execution_packet.py	925	test	"current_egress": "amneziawg-exec-20260528-10-8-1-14",
recommended_egress	tests/unit/test_operator_execution_packet.py	926	test	"recommended_egress": "awg3",
move_type	tests/unit/test_operator_execution_packet.py	927	test	"move_type": "failover",
current_egress	tests/unit/test_operator_execution_packet.py	931	test	"current_egress": "amneziawg-exec-20260528-10-8-1-14",
recommended_egress	tests/unit/test_operator_execution_packet.py	932	test	"recommended_egress": "awg3",
move_type	tests/unit/test_operator_execution_packet.py	933	test	"move_type": "failover",
decisions	tests/unit/test_operator_execution_packet.py	936	test	plan["decisions"] = [
current_egress	tests/unit/test_operator_execution_packet.py	939	test	"current_egress": "vless",
recommended_egress	tests/unit/test_operator_execution_packet.py	940	test	"recommended_egress": "awg3",
move_type	tests/unit/test_operator_execution_packet.py	942	test	"move_type": "rebalance",
current_egress	tests/unit/test_operator_execution_packet.py	946	test	"current_egress": "vless",
recommended_egress	tests/unit/test_operator_execution_packet.py	947	test	"recommended_egress": "awg3",
move_type	tests/unit/test_operator_execution_packet.py	949	test	"move_type": "rebalance",
selected_move_count	tests/unit/test_operator_execution_packet.py	959	test	self.assertEqual(packet["expected"]["selected_move_count"], 2)
selected_moves	tests/unit/test_operator_execution_packet.py	963	test	self.assertEqual([item["user_ip"] for item in packet["approved_plan_lock"]["selected_moves"]], ["10.7.0.2", "10.7.0.3"])
approved_plan_lock	tests/unit/test_operator_execution_packet.py	964	test	self.assertEqual(packet["approved_plan_lock"]["allowed_targets"], ["awg3"])
selected_moves	tests/unit/test_operator_execution_packet.py	966	test	def test_packet_from_plan_uses_pre_barrier_selected_moves_when_final_selected_suppressed(self):
selected_moves	tests/unit/test_operator_execution_packet.py	968	test	plan["selected_moves"] = []
selected_moves	tests/unit/test_operator_execution_packet.py	969	test	plan["safety"]["restore_barrier"]["clearance_selected_moves_before_guard"] = 2
restore_barrier	tests/unit/test_operator_execution_packet.py	970	test	plan["safety"]["restore_barrier"]["approved_candidate_moves_before_guard"] = [
current_egress	tests/unit/test_operator_execution_packet.py	973	test	"current_egress": "amneziawg-exec-20260528-10-8-1-14",
recommended_egress	tests/unit/test_operator_execution_packet.py	974	test	"recommended_egress": "vless",
move_type	tests/unit/test_operator_execution_packet.py	975	test	"move_type": "failover",
current_egress	tests/unit/test_operator_execution_packet.py	979	test	"current_egress": "amneziawg-exec-20260528-10-8-1-14",
recommended_egress	tests/unit/test_operator_execution_packet.py	980	test	"recommended_egress": "vless",
move_type	tests/unit/test_operator_execution_packet.py	981	test	"move_type": "failover",
decisions	tests/unit/test_operator_execution_packet.py	984	test	plan["decisions"] = [
current_egress	tests/unit/test_operator_execution_packet.py	987	test	"current_egress": "1",
recommended_egress	tests/unit/test_operator_execution_packet.py	988	test	"recommended_egress": "awg3",
move_type	tests/unit/test_operator_execution_packet.py	990	test	"move_type": "rebalance",
current_egress	tests/unit/test_operator_execution_packet.py	994	test	"current_egress": "1",
recommended_egress	tests/unit/test_operator_execution_packet.py	995	test	"recommended_egress": "awg3",
move_type	tests/unit/test_operator_execution_packet.py	997	test	"move_type": "rebalance",
selected_move_count	tests/unit/test_operator_execution_packet.py	1007	test	self.assertEqual(packet["expected"]["selected_move_count"], 2)
selected_moves	tests/unit/test_operator_execution_packet.py	1010	test	self.assertEqual([item["user_ip"] for item in packet["approved_plan_lock"]["selected_moves"]], ["10.7.0.2", "10.7.0.3"])
selected_moves	tests/unit/test_operator_execution_packet.py	1014	test	plan["selected_moves"] = []
selected_moves	tests/unit/test_operator_execution_packet.py	1015	test	plan["safety"]["restore_barrier"]["clearance_selected_moves_before_guard"] = 2
selected_moves	tests/unit/test_operator_execution_packet.py	1016	test	plan["safety"]["restore_barrier"]["clearance_selected_moves_hash"] = "approved-move-hash"
restore_barrier	tests/unit/test_operator_execution_packet.py	1017	test	plan["safety"]["restore_barrier"]["approved_candidate_moves_before_guard"] = [
current_egress	tests/unit/test_operator_execution_packet.py	1020	test	"current_egress": "amneziawg-exec-20260528-10-8-1-14",
recommended_egress	tests/unit/test_operator_execution_packet.py	1021	test	"recommended_egress": "awg3",
move_type	tests/unit/test_operator_execution_packet.py	1022	test	"move_type": "failover",
current_egress	tests/unit/test_operator_execution_packet.py	1026	test	"current_egress": "amneziawg-exec-20260528-10-8-1-14",
recommended_egress	tests/unit/test_operator_execution_packet.py	1027	test	"recommended_egress": "awg0",
move_type	tests/unit/test_operator_execution_packet.py	1028	test	"move_type": "failover",
selected_move_hash	tests/unit/test_operator_execution_packet.py	1042	test	"selected_move_hash": EMPTY_SELECTED_MOVES_HASH,
selected_move_count	tests/unit/test_operator_execution_packet.py	1043	test	"selected_move_count": 0,
selected_move_hash	tests/unit/test_operator_execution_packet.py	1052	test	"selected_move_hash": "approved-move-hash",
selected_move_hash	tests/unit/test_operator_execution_packet.py	1056	test	"selected_move_hash": "approved-move-hash",
selected_move_count	tests/unit/test_operator_execution_packet.py	1057	test	"selected_move_count": 2,
selected_move_count	tests/unit/test_operator_execution_packet.py	1069	test	self.assertEqual(packet["expected"]["selected_move_count"], 2)
selected_move_hash	tests/unit/test_operator_execution_packet.py	1070	test	self.assertEqual(packet["expected"]["selected_move_hash"], "approved-move-hash")
selected_moves	tests/unit/test_operator_execution_packet.py	1089	test	stale_hash_plan["safety"]["restore_barrier"]["clearance_selected_moves_hash"] = "other-hash"
selected_move_hash	tests/unit/test_operator_execution_packet.py	1100	test	self.assertIn("selected_move_hash", stale_hash["errors"])
restore_barrier	tests/unit/test_operator_execution_packet.py	1131	test	restore_barrier_file=barrier,
restore_barrier	tests/unit/test_operator_execution_packet.py	1168	test	restore_barrier_file=barrier,
selected_moves	tests/unit/test_routing_brain.py	51	test	def test_ri_cannot_move_users_or_write_selected_moves(self):
affected_users	tests/unit/test_routing_brain.py	54	test	affected_users=5,
selected_moves	tests/unit/test_routing_brain.py	59	test	self.assertEqual(advice["selected_moves_write_authority"], "none")
selected_moves	tests/unit/test_routing_brain.py	60	test	self.assertNotIn("selected_moves", advice)
affected_users	tests/unit/test_routing_brain.py	67	test	affected_users=5,
affected_users	tests/unit/test_routing_brain.py	76	test	advice = RoutingBrain().advisory_context(total_users=10, affected_users=5, required_services=["telegram"])
affected_users	tests/unit/test_routing_brain.py	87	test	).advisory_context(total_users=10, affected_users=5, required_services=["telegram", "chatgpt"], candidate_targets=["target"])
affected_users	tests/unit/test_routing_brain.py	92	test	).advisory_context(total_users=10, affected_users=5, required_services=["telegram", "chatgpt"], candidate_targets=["target"])
affected_users	tests/unit/test_routing_brain.py	100	test	).advisory_context(total_users=100, affected_users=50, required_services=["telegram"], candidate_targets=["target"])
affected_users	tests/unit/test_routing_brain.py	105	test	).advisory_context(total_users=100, affected_users=50, required_services=["telegram"], candidate_targets=["target"])
affected_users	tests/unit/test_routing_brain.py	111	test	affected_users=5,
affected_users	tests/unit/test_routing_brain.py	130	test	affected_users=5,
affected_users	tests/unit/test_routing_brain.py	173	test	affected_users=2,
affected_users	tests/unit/test_routing_brain.py	204	test	affected_users=1,
selected_moves	tests/unit/test_routing_brain.py	211	test	self.assertEqual(candidate["authority"]["selected_moves_write_authority"], "none")
selected_moves	tests/unit/test_routing_brain.py	415	test	self.assertEqual(plan["summary"]["selected_moves"], 1)
selected_moves	tests/unit/test_routing_brain.py	425	test	self.assertEqual(plan["summary"]["selected_moves"], 0)
decisions	tests/unit/test_routing_brain.py	426	test	fast = next(row for row in plan["decisions"][0]["candidates"] if row["egress"] == "fast")
decisions	tests/unit/test_routing_brain.py	435	test	self.assertEqual(plan["decisions"][0]["recommended_egress"], "z_chatgpt")
decisions	tests/unit/test_routing_brain.py	436	test	chatgpt = next(row for row in plan["decisions"][0]["candidates"] if row["egress"] == "z_chatgpt")
decisions	tests/unit/test_routing_brain.py	437	test	telegram = next(row for row in plan["decisions"][0]["candidates"] if row["egress"] == "a_telegram")
decisions	tests/unit/test_routing_brain.py	449	test	candidate_names = {row["egress"] for row in plan["decisions"][0]["candidates"]}
decisions	tests/unit/test_routing_brain.py	451	test	chatgpt = next(row for row in plan["decisions"][0]["candidates"] if row["egress"] == "z_chatgpt")
decisions	tests/unit/test_routing_brain.py	454	test	self.assertEqual(plan["decisions"][0]["recommended_egress"], "a_telegram")
selected_moves	tests/unit/test_ctr_i5_observation_window.py	77	test	"selected_moves_changed": False,
selected_moves	tests/unit/test_ctr_i5_observation_window.py	109	test	self.assertFalse(report["no_bypass"]["selected_moves_changed"])
selected_moves	tests/unit/test_v7_autoswitch_policy_design.py	25	test	selected_moves = 0
selected_moves	tests/unit/test_v7_autoswitch_policy_design.py	39	test	"selected_moves": 1,
selected_moves	tests/unit/test_v7_autoswitch_policy_design.py	55	test	selected_moves = 0 if apply_requires_approval else 1
selected_moves	tests/unit/test_v7_autoswitch_policy_design.py	59	test	selected_moves = 0
selected_moves	tests/unit/test_v7_autoswitch_policy_design.py	64	test	"selected_moves": selected_moves,
selected_moves	tests/unit/test_v7_autoswitch_policy_design.py	76	test	self.assertEqual(result["selected_moves"], 0)
selected_moves	tests/unit/test_v7_autoswitch_policy_design.py	91	test	self.assertEqual(result["selected_moves"], 0)
selected_moves	tests/unit/test_v7_autoswitch_policy_design.py	112	test	self.assertEqual(result["selected_moves"], 0)
selected_moves	tests/unit/test_v7_autoswitch_policy_design.py	122	test	self.assertEqual(result["selected_moves"], 1)
dynamic_blast_radius	tests/unit/test_routing_intelligence.py	167	test	def test_dynamic_blast_radius_is_conservative_and_bounded(self):
affected_users	tests/unit/test_routing_intelligence.py	170	test	affected_users=50,
affected_users	tests/unit/test_routing_intelligence.py	177	test	affected_users=8,
selected_moves	tests/unit/test_routing_intelligence.py	207	test	self.assertEqual(summary["selected_moves_write_authority"], "none")
affected_users	tests/unit/test_routing_intelligence.py	218	test	affected_users=5,
selected_moves	tests/unit/test_routing_intelligence.py	224	test	self.assertNotIn("selected_moves", encoded)
selected_moves	tests/unit/test_runtime_snapshot_fast_path.py	160	test	self.assertEqual(len(plan["selected_moves"]), 1)
decisions	tests/unit/test_runtime_snapshot_fast_path.py	163	test	for candidate in plan["decisions"][0]["candidates"]
selected_moves	tests/unit/test_runtime_snapshot_fast_path.py	185	test	def test_missing_required_snapshot_suppresses_selected_moves(self):
selected_moves	tests/unit/test_runtime_snapshot_fast_path.py	195	test	self.assertEqual(plan["selected_moves"], [])
terminal_reason	tests/unit/test_runtime_snapshot_fast_path.py	196	test	self.assertEqual(plan["operation"]["terminal_reason"], "dry_run_intelligence_snapshot_stop_required")
selected_moves	tests/unit/test_runtime_snapshot_fast_path.py	217	test	self.assertEqual(plan["selected_moves"], [])
terminal_reason	tests/unit/test_runtime_snapshot_fast_path.py	218	test	self.assertEqual(plan["operation"]["terminal_reason"], "dry_run_intelligence_snapshot_stop_required")
selected_moves	tests/unit/test_runtime_snapshot_fast_path.py	241	test	self.assertEqual(len(plan["selected_moves"]), 1)
selected_moves	tests/unit/test_runtime_snapshot_fast_path.py	265	test	self.assertEqual(len(plan["selected_moves"]), 1)
selected_moves	tests/unit/test_runtime_snapshot_fast_path.py	290	test	self.assertEqual(len(plan["selected_moves"]), 1)
selected_moves	tests/unit/test_runtime_snapshot_fast_path.py	388	test	self.assertEqual(len(plan["selected_moves"]), 1)
selected_moves	tests/unit/test_runtime_snapshot_fast_path.py	473	test	self.assertEqual(len(plan["selected_moves"]), 1)
selected_moves	tests/unit/test_runtime_snapshot_fast_path.py	475	test	def test_pre_planner_refresh_failure_fails_closed_without_selected_moves(self):
selected_moves	tests/unit/test_runtime_snapshot_fast_path.py	492	test	self.assertEqual(plan["selected_moves"], [])
terminal_reason	tests/unit/test_runtime_snapshot_fast_path.py	493	test	self.assertEqual(plan["operation"]["terminal_reason"], "dry_run_intelligence_snapshot_stop_required")
selected_moves	tests/unit/test_runtime_snapshot_fast_path.py	513	test	self.assertEqual(plan["selected_moves"], [])
selected_moves	tests/unit/test_runtime_snapshot_fast_path.py	548	test	self.assertEqual(refresh["apply_refresh_scope"]["max_selected_moves"], 1)
selected_moves	tests/unit/test_runtime_snapshot_fast_path.py	550	test	self.assertEqual(len(plan["selected_moves"]), 1)
decisions	tests/unit/test_shadow_autonomy.py	41	test	def test_shadow_decisions_are_advisory_and_non_mutating(self):
decisions	tests/unit/test_shadow_autonomy.py	43	test	decisions = model["current_decisions"]
decisions	tests/unit/test_shadow_autonomy.py	45	test	self.assertEqual(len(decisions), 2)
decisions	tests/unit/test_shadow_autonomy.py	46	test	self.assertEqual(decisions[0]["recommended_action"], "MOVE_USER")
decisions	tests/unit/test_shadow_autonomy.py	47	test	self.assertEqual(decisions[0]["recommended_target"], "vless")
decisions	tests/unit/test_shadow_autonomy.py	48	test	self.assertFalse(decisions[0]["execution_allowed_now"])
decisions	tests/unit/test_shadow_autonomy.py	49	test	self.assertFalse(decisions[0]["runtime_mutation_performed"])
decisions	tests/unit/test_shadow_autonomy.py	50	test	self.assertEqual(decisions[0]["users_moved"], 0)
decisions	tests/unit/test_shadow_autonomy.py	51	test	self.assertFalse(decisions[0]["apply_executed"])
decisions	tests/unit/test_shadow_autonomy.py	52	test	self.assertFalse(decisions[0]["autonomy_enabled"])
decisions	tests/unit/test_shadow_autonomy.py	58	test	first = base["current_decisions"][0]
decisions	tests/unit/test_shadow_autonomy.py	82	test	decisions = [
decisions	tests/unit/test_shadow_autonomy.py	97	test	} for decision in decisions]
decisions	tests/unit/test_shadow_autonomy.py	99	test	early_quality = shadow_autonomy.decision_quality_summary(decisions[:1], history=comparisons[:1])
decisions	tests/unit/test_shadow_autonomy.py	100	test	early_confidence = shadow_autonomy.confidence_model(decisions[:1], early_quality)
decisions	tests/unit/test_shadow_autonomy.py	101	test	mature_quality = shadow_autonomy.decision_quality_summary(decisions, history=comparisons)
decisions	tests/unit/test_shadow_autonomy.py	102	test	mature_confidence = shadow_autonomy.confidence_model(decisions, mature_quality)
decisions	tests/unit/test_shadow_autonomy.py	112	test	base["current_decisions"][0],
decisions	tests/unit/test_shadow_autonomy.py	127	test	base["current_decisions"][0],
decisions	tests/unit/test_shadow_autonomy.py	135	test	history = list(base["current_decisions"]) + comparisons
decisions	tests/unit/test_shadow_autonomy.py	139	test	self.assertFalse(model["observation_window"]["enough_decisions"])
decisions	tests/unit/test_shadow_autonomy.py	143	test	self.assertIn("minimum_decisions", model["autonomy_evidence"]["missing_targets"])
decisions	tests/unit/test_shadow_autonomy.py	149	test	base["current_decisions"][0],
decisions	tests/unit/test_shadow_autonomy.py	157	test	history=[base["current_decisions"][0], comparison],
decisions	tests/unit/test_shadow_autonomy.py	170	test	self.assertEqual(packet["reviewable_decisions"], 2)
decisions	tests/unit/test_shadow_autonomy.py	181	test	decision = base["current_decisions"][0]
decisions	tests/unit/test_shadow_autonomy.py	190	test	log = Path(tmp) / "shadow-autonomy-decisions.jsonl"
decisions	tests/unit/test_shadow_autonomy.py	206	test	self.assertEqual(rebuilt["operator_review_packet"]["reviewed_decisions"], 1)
decisions	tests/unit/test_shadow_autonomy.py	207	test	self.assertEqual(rebuilt["operator_review_packet"]["reviewable_decisions"], 1)
restore_barrier	tests/unit/test_v7_truth_check.py	86	test	"restore_barrier_known": True,
restore_barrier	tests/unit/test_v7_truth_check.py	287	test	"restore_barrier_known": True,
restore_barrier	tests/unit/test_v7_truth_check.py	329	test	"restore_barrier_known": True,
current_egress	tests/unit/test_v7_users_autoswitch_policy.py	39	test	current_egress: str = "1",
restore_barrier	tests/unit/test_v7_users_autoswitch_policy.py	43	test	restore_barrier: Optional[dict] = None,
authority_budget	tests/unit/test_v7_users_autoswitch_policy.py	44	test	authority_budget: Optional[dict] = None,
current_egress	tests/unit/test_v7_users_autoswitch_policy.py	52	test	registry.append(f"ip=10.0.0.{idx + 2} current={current_egress} table={100 + idx} enabled=1")
authority_budget	tests/unit/test_v7_users_autoswitch_policy.py	132	test	if authority_budget is not None:
authority_budget	tests/unit/test_v7_users_autoswitch_policy.py	133	test	policy["authority_budget"] = authority_budget
restore_barrier	tests/unit/test_v7_users_autoswitch_policy.py	146	test	json.dumps(restore_barrier or {}), encoding="utf-8"
operation_id	tests/unit/test_v7_users_autoswitch_policy.py	225	test	operation_id: str,
operation_id	tests/unit/test_v7_users_autoswitch_policy.py	240	test	feedback_id = f"execfb_{operation_id[-8:]}_{user.replace('.', '')}"
operation_id	tests/unit/test_v7_users_autoswitch_policy.py	247	test	"audit_reference": operation_id,
operation_id	tests/unit/test_v7_users_autoswitch_policy.py	256	test	"execution_outcome": {"operation_id": operation_id, "terminal_state": "APPLIED"},
operation_id	tests/unit/test_v7_users_autoswitch_policy.py	257	test	"verification_result": {"operation_id": operation_id, "success": True},
operation_id	tests/unit/test_v7_users_autoswitch_policy.py	286	test	"recommendation_hash": f"rec-{operation_id}-{user}",
proposal	tests/unit/test_v7_users_autoswitch_policy.py	313	test	with (state / "proposal-records.jsonl").open("a", encoding="utf-8") as fh:
selected_moves	tests/unit/test_v7_users_autoswitch_policy.py	380	test	max_selected_moves: int = 2,
restore_barrier	tests/unit/test_v7_users_autoswitch_policy.py	388	test	restore_barrier={
authority_budget	tests/unit/test_v7_users_autoswitch_policy.py	394	test	authority_budget={
selected_moves	tests/unit/test_v7_users_autoswitch_policy.py	404	test	["--apply", "--target-egress", "vless", "--max-selected-moves", str(max_selected_moves)],
selected_move_hash	tests/unit/test_v7_users_autoswitch_policy.py	409	test	selected_hash = bootstrap["operation"]["selected_move_hash"]
selected_moves	tests/unit/test_v7_users_autoswitch_policy.py	410	test	selected_users = [move["user_ip"] for move in bootstrap["selected_moves"]]
selected_moves	tests/unit/test_v7_users_autoswitch_policy.py	415	test	"clearance_max_selected_moves": max_selected_moves,
selected_moves	tests/unit/test_v7_users_autoswitch_policy.py	418	test	"approved_selected_moves_hash": selected_hash,
selected_moves	tests/unit/test_v7_users_autoswitch_policy.py	419	test	"clearance_expected_selected_moves": len(bootstrap["selected_moves"]),
selected_moves	tests/unit/test_v7_users_autoswitch_policy.py	443	test	str(max_selected_moves),
selected_move_hash	tests/unit/test_v7_users_autoswitch_policy.py	466	test	def expected_selected_move_hash(self, selected: list[dict]) -> str:
current_egress	tests/unit/test_v7_users_autoswitch_policy.py	470	test	"from": str(move.get("current_egress") or ""),
recommended_egress	tests/unit/test_v7_users_autoswitch_policy.py	471	test	"to": str(move.get("recommended_egress") or ""),
move_type	tests/unit/test_v7_users_autoswitch_policy.py	472	test	"move_type": str(move.get("move_type") or ""),
approved_plan_lock	tests/unit/test_v7_users_autoswitch_policy.py	478	test	def approved_plan_lock_from_plan(self, plan: dict, *, expires_at: str = "2999-01-01T00:00:00+00:00") -> dict:
selected_moves	tests/unit/test_v7_users_autoswitch_policy.py	479	test	selected = plan["selected_moves"]
selected_move_hash	tests/unit/test_v7_users_autoswitch_policy.py	486	test	"selected_move_hash": plan["operation"]["selected_move_hash"],
selected_move_count	tests/unit/test_v7_users_autoswitch_policy.py	487	test	"selected_move_count": len(selected),
selected_moves	tests/unit/test_v7_users_autoswitch_policy.py	488	test	"selected_moves": [
current_egress	tests/unit/test_v7_users_autoswitch_policy.py	491	test	"current_egress": move["current_egress"],
recommended_egress	tests/unit/test_v7_users_autoswitch_policy.py	492	test	"recommended_egress": move["recommended_egress"],
move_type	tests/unit/test_v7_users_autoswitch_policy.py	493	test	"move_type": move.get("move_type", "failover"),
recommended_egress	tests/unit/test_v7_users_autoswitch_policy.py	498	test	"allowed_targets": sorted({move["recommended_egress"] for move in selected}),
restore_barrier	tests/unit/test_v7_users_autoswitch_policy.py	506	test	"restore_barrier_id": "restore-barrier-unit-test",
restore_barrier	tests/unit/test_v7_users_autoswitch_policy.py	507	test	"restore_barrier_hash": "restore-barrier-hash-unit-test",
selected_moves	tests/unit/test_v7_users_autoswitch_policy.py	516	test	for key in ("schema_version", "summary", "safety", "decisions", "selected_moves"):
operation_id	tests/unit/test_v7_users_autoswitch_policy.py	520	test	self.assertTrue(operation.get("operation_id", "").startswith("runtime_autoswitch_"))
selected_moves	tests/unit/test_v7_users_autoswitch_policy.py	528	test	self.assertEqual(operation["selected_move_hash"], self.expected_selected_move_hash(plan["selected_moves"]))
selected_moves	tests/unit/test_v7_users_autoswitch_policy.py	529	test	self.assertEqual(operation["selected_move_count"], len(plan["selected_moves"]))
selected_moves	tests/unit/test_v7_users_autoswitch_policy.py	530	test	self.assertEqual(operation["selected_move_count"], plan["summary"]["selected_moves"])
terminal_reason	tests/unit/test_v7_users_autoswitch_policy.py	533	test	self.assertIn("terminal_reason", operation)
operation_id	tests/unit/test_v7_users_autoswitch_policy.py	539	test	self.assertEqual(audit["object_id"], operation["operation_id"])
operation_id	tests/unit/test_v7_users_autoswitch_policy.py	541	test	self.assertEqual(audit["metadata"]["operation_id"], operation["operation_id"])
selected_move_hash	tests/unit/test_v7_users_autoswitch_policy.py	542	test	self.assertEqual(audit["metadata"]["selected_move_hash"], operation["selected_move_hash"])
selected_move_hash	tests/unit/test_v7_users_autoswitch_policy.py	549	test	self.assertEqual(envelope["selected_move_hash"], operation["selected_move_hash"])
selected_move_count	tests/unit/test_v7_users_autoswitch_policy.py	550	test	self.assertEqual(envelope["selected_move_count"], operation["selected_move_count"])
operation_id	tests/unit/test_v7_users_autoswitch_policy.py	558	test	self.assertEqual(closure["object_id"], operation["operation_id"])
selected_moves	tests/unit/test_v7_users_autoswitch_policy.py	565	test	def test_ctr_advisory_is_visible_without_changing_candidate_score_or_selected_moves(self):
decisions	tests/unit/test_v7_users_autoswitch_policy.py	604	test	baseline_vless = next(row for row in baseline["decisions"][0]["candidates"] if row["egress"] == "vless")
decisions	tests/unit/test_v7_users_autoswitch_policy.py	605	test	ctr_vless = next(row for row in with_ctr["decisions"][0]["candidates"] if row["egress"] == "vless")
selected_move_hash	tests/unit/test_v7_users_autoswitch_policy.py	610	test	self.assertEqual(baseline["operation"]["selected_move_hash"], with_ctr["operation"]["selected_move_hash"])
selected_moves	tests/unit/test_v7_users_autoswitch_policy.py	611	test	self.assertEqual(baseline["selected_moves"], with_ctr["selected_moves"])
selected_moves	tests/unit/test_v7_users_autoswitch_policy.py	631	test	self.assertFalse(simulation["selected_moves_changed"])
decisions	tests/unit/test_v7_users_autoswitch_policy.py	674	test	candidates = plan["decisions"][0]["candidates"]
selected_moves	tests/unit/test_v7_users_autoswitch_policy.py	686	test	self.assertFalse(vless["ctr_score_simulation"]["selected_moves_changed"])
selected_moves	tests/unit/test_v7_users_autoswitch_policy.py	690	test	self.assertEqual(plan["summary"]["selected_moves"], 0)
selected_moves	tests/unit/test_v7_users_autoswitch_policy.py	704	test	self.assertFalse(shadow["no_bypass"]["selected_moves_changed"])
selected_moves	tests/unit/test_v7_users_autoswitch_policy.py	725	test	self.assertEqual(plan["operation"]["terminal_reason"], "dry_run_no_selected_moves")
candidate_moves_total	tests/unit/test_v7_users_autoswitch_policy.py	726	test	self.assertEqual(plan["summary"]["candidate_moves_total"], 0)
selected_moves	tests/unit/test_v7_users_autoswitch_policy.py	727	test	self.assertEqual(plan["summary"]["selected_moves"], 0)
decisions	tests/unit/test_v7_users_autoswitch_policy.py	728	test	current = next(row for row in plan["decisions"][0]["candidates"] if row["egress"] == "1")
selected_moves	tests/unit/test_v7_users_autoswitch_policy.py	743	test	self.assertEqual(plan["operation"]["terminal_reason"], "dry_run_selected_moves_available")
candidate_moves_total	tests/unit/test_v7_users_autoswitch_policy.py	744	test	self.assertEqual(plan["summary"]["candidate_moves_total"], 1)
selected_moves	tests/unit/test_v7_users_autoswitch_policy.py	745	test	self.assertEqual(plan["summary"]["selected_moves"], 1)
selected_moves	tests/unit/test_v7_users_autoswitch_policy.py	746	test	self.assertEqual(plan["selected_moves"][0]["move_type"], "failover")
selected_moves	tests/unit/test_v7_users_autoswitch_policy.py	747	test	self.assertEqual(plan["selected_moves"][0]["operation_id"], plan["operation"]["operation_id"])
selected_moves	tests/unit/test_v7_users_autoswitch_policy.py	748	test	self.assertEqual(plan["selected_moves"][0]["selected_move_hash"], plan["operation"]["selected_move_hash"])
selected_moves	tests/unit/test_v7_users_autoswitch_policy.py	749	test	self.assertEqual(plan["selected_moves"][0]["selected_move_index"], 0)
candidate_moves_total	tests/unit/test_v7_users_autoswitch_policy.py	764	test	self.assertEqual(plan["summary"]["candidate_moves_total"], 0)
selected_moves	tests/unit/test_v7_users_autoswitch_policy.py	765	test	self.assertEqual(plan["summary"]["selected_moves"], 0)
decisions	tests/unit/test_v7_users_autoswitch_policy.py	766	test	current = next(row for row in plan["decisions"][0]["candidates"] if row["egress"] == "1")
candidate_moves_total	tests/unit/test_v7_users_autoswitch_policy.py	798	test	self.assertEqual(plan["summary"]["candidate_moves_total"], 1)
selected_moves	tests/unit/test_v7_users_autoswitch_policy.py	799	test	self.assertEqual(plan["summary"]["selected_moves"], 1)
decisions	tests/unit/test_v7_users_autoswitch_policy.py	800	test	current = next(row for row in plan["decisions"][0]["candidates"] if row["egress"] == "1")
candidate_moves_total	tests/unit/test_v7_users_autoswitch_policy.py	822	test	self.assertEqual(plan["summary"]["candidate_moves_total"], 0)
decisions	tests/unit/test_v7_users_autoswitch_policy.py	823	test	current = next(row for row in plan["decisions"][0]["candidates"] if row["egress"] == "1")
decisions	tests/unit/test_v7_users_autoswitch_policy.py	850	test	current = next(row for row in plan["decisions"][0]["candidates"] if row["egress"] == "1")
decisions	tests/unit/test_v7_users_autoswitch_policy.py	867	test	current = next(row for row in plan["decisions"][0]["candidates"] if row["egress"] == "1")
candidate_moves_total	tests/unit/test_v7_users_autoswitch_policy.py	880	test	self.assertEqual(plan["summary"]["candidate_moves_total"], 0)
selected_moves	tests/unit/test_v7_users_autoswitch_policy.py	881	test	self.assertEqual(plan["summary"]["selected_moves"], 0)
decisions	tests/unit/test_v7_users_autoswitch_policy.py	882	test	current = next(row for row in plan["decisions"][0]["candidates"] if row["egress"] == "1")
candidate_moves_total	tests/unit/test_v7_users_autoswitch_policy.py	890	test	self.assertEqual(plan["summary"]["candidate_moves_total"], 1)
selected_moves	tests/unit/test_v7_users_autoswitch_policy.py	891	test	self.assertEqual(plan["summary"]["selected_moves"], 1)
selected_moves	tests/unit/test_v7_users_autoswitch_policy.py	892	test	self.assertIn("current_egress_not_eligible", plan["selected_moves"][0]["reason"])
selected_moves	tests/unit/test_v7_users_autoswitch_policy.py	894	test	def test_max_selected_moves_caps_blast_radius_downward(self):
authority_budget	tests/unit/test_v7_users_autoswitch_policy.py	901	test	authority_budget={
candidate_moves_total	tests/unit/test_v7_users_autoswitch_policy.py	913	test	self.assertEqual(plan["summary"]["candidate_moves_total"], 4)
selected_moves	tests/unit/test_v7_users_autoswitch_policy.py	914	test	self.assertEqual(plan["summary"]["selected_moves"], 2)
selected_moves	tests/unit/test_v7_users_autoswitch_policy.py	915	test	self.assertEqual(plan["safety"]["requested_max_selected_moves"], 2)
dynamic_blast_radius	tests/unit/test_v7_users_autoswitch_policy.py	918	test	def test_dynamic_blast_radius_bounds_large_request_by_affected_candidates(self):
dynamic_blast_radius	tests/unit/test_v7_users_autoswitch_policy.py	930	test	dynamic = plan["safety"]["dynamic_blast_radius"]
candidate_moves_total	tests/unit/test_v7_users_autoswitch_policy.py	931	test	self.assertEqual(plan["summary"]["candidate_moves_total"], 4)
selected_moves	tests/unit/test_v7_users_autoswitch_policy.py	932	test	self.assertEqual(plan["summary"]["selected_moves"], 1)
selected_moves	tests/unit/test_v7_users_autoswitch_policy.py	933	test	self.assertEqual(dynamic["requested_max_selected_moves"], 25)
authority_budget	tests/unit/test_v7_users_autoswitch_policy.py	936	test	self.assertEqual(dynamic["selected_after_authority_budget_count"], 1)
authority_budget	tests/unit/test_v7_users_autoswitch_policy.py	939	test	self.assertEqual(dynamic["scope"], "bounded_by_authority_budget")
authority_budget	tests/unit/test_v7_users_autoswitch_policy.py	940	test	gate = plan["safety"]["authority_budget_gate"]
authority_budget	tests/unit/test_v7_users_autoswitch_policy.py	945	test	def test_authority_budget_caps_prepared_small_batch_to_certified_canary(self):
authority_budget	tests/unit/test_v7_users_autoswitch_policy.py	952	test	authority_budget={
authority_budget	tests/unit/test_v7_users_autoswitch_policy.py	962	test	gate = plan["safety"]["authority_budget_gate"]
candidate_moves_total	tests/unit/test_v7_users_autoswitch_policy.py	963	test	self.assertEqual(plan["summary"]["candidate_moves_total"], 4)
selected_moves	tests/unit/test_v7_users_autoswitch_policy.py	964	test	self.assertEqual(plan["summary"]["selected_moves"], 1)
authority_budget	tests/unit/test_v7_users_autoswitch_policy.py	985	test	authority_budget={
authority_budget	tests/unit/test_v7_users_autoswitch_policy.py	997	test	gate = plan["safety"]["authority_budget_gate"]
candidate_moves_total	tests/unit/test_v7_users_autoswitch_policy.py	998	test	self.assertEqual(plan["summary"]["candidate_moves_total"], 4)
selected_moves	tests/unit/test_v7_users_autoswitch_policy.py	999	test	self.assertEqual(plan["summary"]["selected_moves"], 2)
authority_budget	tests/unit/test_v7_users_autoswitch_policy.py	1016	test	def test_authority_budget_allows_certified_small_batch_to_class_ceiling(self):
authority_budget	tests/unit/test_v7_users_autoswitch_policy.py	1023	test	authority_budget={
authority_budget	tests/unit/test_v7_users_autoswitch_policy.py	1034	test	gate = plan["safety"]["authority_budget_gate"]
candidate_moves_total	tests/unit/test_v7_users_autoswitch_policy.py	1035	test	self.assertEqual(plan["summary"]["candidate_moves_total"], 4)
selected_moves	tests/unit/test_v7_users_autoswitch_policy.py	1036	test	self.assertEqual(plan["summary"]["selected_moves"], 2)
authority_budget	tests/unit/test_v7_users_autoswitch_policy.py	1047	test	def test_authority_budget_cannot_raise_canary_above_class_ceiling(self):
authority_budget	tests/unit/test_v7_users_autoswitch_policy.py	1054	test	authority_budget={
authority_budget	tests/unit/test_v7_users_autoswitch_policy.py	1064	test	gate = plan["safety"]["authority_budget_gate"]
selected_moves	tests/unit/test_v7_users_autoswitch_policy.py	1065	test	self.assertEqual(plan["summary"]["selected_moves"], 1)
authority_budget	tests/unit/test_v7_users_autoswitch_policy.py	1071	test	def test_authority_budget_disabled_fails_closed(self):
authority_budget	tests/unit/test_v7_users_autoswitch_policy.py	1078	test	authority_budget={"enabled": False},
authority_budget	tests/unit/test_v7_users_autoswitch_policy.py	1082	test	gate = plan["safety"]["authority_budget_gate"]
selected_moves	tests/unit/test_v7_users_autoswitch_policy.py	1083	test	self.assertEqual(plan["summary"]["selected_moves"], 0)
authority_budget	tests/unit/test_v7_users_autoswitch_policy.py	1084	test	self.assertEqual(gate["decision"], "authority_budget_gate_disabled_by_policy")
authority_budget	tests/unit/test_v7_users_autoswitch_policy.py	1085	test	self.assertIn("disable_authority_budget_gate_in_production", gate["blocked_actions"])
authority_budget	tests/unit/test_v7_users_autoswitch_policy.py	1094	test	authority_budget={
authority_budget	tests/unit/test_v7_users_autoswitch_policy.py	1103	test	gate = plan["safety"]["authority_budget_gate"]
selected_moves	tests/unit/test_v7_users_autoswitch_policy.py	1104	test	self.assertEqual(plan["summary"]["selected_moves"], 0)
selected_moves	tests/unit/test_v7_users_autoswitch_policy.py	1107	test	self.assertEqual(gate["decision"], "block_all_selected_moves_authority_budget_zero")
restore_barrier	tests/unit/test_v7_users_autoswitch_policy.py	1111	test	def test_restore_barrier_suppresses_telegram_service_signal_failover(self):
restore_barrier	tests/unit/test_v7_users_autoswitch_policy.py	1117	test	restore_barrier={
restore_barrier	tests/unit/test_v7_users_autoswitch_policy.py	1126	test	self.assertEqual(plan["operation"]["terminal_reason"], "dry_run_restore_barrier_active")
restore_barrier	tests/unit/test_v7_users_autoswitch_policy.py	1127	test	self.assertTrue(plan["safety"]["restore_barrier"]["active"])
candidate_moves_total	tests/unit/test_v7_users_autoswitch_policy.py	1128	test	self.assertEqual(plan["summary"]["candidate_moves_total"], 0)
selected_moves	tests/unit/test_v7_users_autoswitch_policy.py	1129	test	self.assertEqual(plan["summary"]["selected_moves"], 0)
restore_barrier_failover_suppressed	tests/unit/test_v7_users_autoswitch_policy.py	1131	test	"restore_barrier_failover_suppressed",
decisions	tests/unit/test_v7_users_autoswitch_policy.py	1132	test	plan["decisions"][0]["reason"],
terminal_reason	tests/unit/test_v7_users_autoswitch_policy.py	1145	test	self.assertEqual(plan["operation"]["terminal_reason"], "verification_failed_rollback_completed")
operation_id	tests/unit/test_v7_users_autoswitch_policy.py	1151	test	self.assertEqual(row["operation_id"], plan["operation"]["operation_id"])
selected_move_hash	tests/unit/test_v7_users_autoswitch_policy.py	1152	test	self.assertEqual(row["selected_move_hash"], plan["operation"]["selected_move_hash"])
selected_moves	tests/unit/test_v7_users_autoswitch_policy.py	1172	test	self.assertEqual(plan["summary"]["selected_moves"], 1)
terminal_reason	tests/unit/test_v7_users_autoswitch_policy.py	1190	test	self.assertEqual(plan["operation"]["terminal_reason"], "atomic_execution_envelope_source_changed")
selected_moves	tests/unit/test_v7_users_autoswitch_policy.py	1200	test	self.assertEqual(plan["summary"]["selected_moves"], 2)
restore_barrier	tests/unit/test_v7_users_autoswitch_policy.py	1232	test	def test_restore_barrier_accepts_service_matrix_only_source_bundle_lease(self):
selected_moves	tests/unit/test_v7_users_autoswitch_policy.py	1236	test	self.assertEqual(plan["summary"]["selected_moves"], 2)
restore_barrier	tests/unit/test_v7_users_autoswitch_policy.py	1243	test	barrier = replanned["safety"]["restore_barrier"]
selected_moves	tests/unit/test_v7_users_autoswitch_policy.py	1244	test	self.assertEqual(replanned["summary"]["selected_moves"], 2)
restore_barrier	tests/unit/test_v7_users_autoswitch_policy.py	1248	test	"restore_barrier_clearance_generation_match_source_bundle_lease",
terminal_reason	tests/unit/test_v7_users_autoswitch_policy.py	1268	test	self.assertEqual(plan["operation"]["terminal_reason"], "atomic_execution_envelope_source_changed")
restore_barrier	tests/unit/test_v7_users_autoswitch_policy.py	1277	test	plan["safety"]["restore_barrier"]["clearance_expires_at"] = "2000-01-01T00:00:00+00:00"
terminal_reason	tests/unit/test_v7_users_autoswitch_policy.py	1290	test	self.assertEqual(plan["operation"]["terminal_reason"], "atomic_execution_envelope_source_changed")
terminal_reason	tests/unit/test_v7_users_autoswitch_policy.py	1311	test	self.assertEqual(plan["operation"]["terminal_reason"], "atomic_execution_envelope_source_changed")
candidate_moves_total	tests/unit/test_v7_users_autoswitch_policy.py	1324	test	self.assertEqual(plan["summary"]["candidate_moves_total"], 4)
selected_moves	tests/unit/test_v7_users_autoswitch_policy.py	1325	test	self.assertEqual(plan["summary"]["selected_moves"], 2)
current_egress	tests/unit/test_v7_users_autoswitch_policy.py	1332	test	self.write_fixture(root, current_egress="vless")
operation_id	tests/unit/test_v7_users_autoswitch_policy.py	1336	test	"operation_id": "runtime_autoswitch_forward_test",
selected_move_hash	tests/unit/test_v7_users_autoswitch_policy.py	1340	test	"selected_move_hash": "hash-test",
selected_move_count	tests/unit/test_v7_users_autoswitch_policy.py	1341	test	"selected_move_count": 1,
selected_moves	tests/unit/test_v7_users_autoswitch_policy.py	1344	test	"terminal_reason": "selected_moves_applied",
move_type	tests/unit/test_v7_users_autoswitch_policy.py	1353	test	"move_type": "failover",
operation_id	tests/unit/test_v7_users_autoswitch_policy.py	1354	test	"operation_id": "runtime_autoswitch_forward_test",
selected_move_hash	tests/unit/test_v7_users_autoswitch_policy.py	1355	test	"selected_move_hash": "hash-test",
operation_id	tests/unit/test_v7_users_autoswitch_policy.py	1389	test	self.assertEqual(packet["items"][0]["source_operation_id"], "runtime_autoswitch_forward_test")
operation_id	tests/unit/test_v7_users_autoswitch_policy.py	1393	test	self.assertEqual(result["audit"]["metadata"]["source_operation_id"], "runtime_autoswitch_forward_test")
selected_move_hash	tests/unit/test_v7_users_autoswitch_policy.py	1394	test	self.assertEqual(result["audit"]["metadata"]["selected_move_hash"], "hash-test")
current_egress	tests/unit/test_v7_users_autoswitch_policy.py	1401	test	self.write_fixture(root, users=2, current_egress="vless")
operation_id	tests/unit/test_v7_users_autoswitch_policy.py	1405	test	"operation_id": "runtime_autoswitch_forward_multi",
selected_move_hash	tests/unit/test_v7_users_autoswitch_policy.py	1409	test	"selected_move_hash": "hash-multi",
selected_move_count	tests/unit/test_v7_users_autoswitch_policy.py	1410	test	"selected_move_count": 2,
selected_moves	tests/unit/test_v7_users_autoswitch_policy.py	1413	test	"terminal_reason": "selected_moves_applied",
move_type	tests/unit/test_v7_users_autoswitch_policy.py	1422	test	"move_type": "failover",
operation_id	tests/unit/test_v7_users_autoswitch_policy.py	1423	test	"operation_id": "runtime_autoswitch_forward_multi",
selected_move_hash	tests/unit/test_v7_users_autoswitch_policy.py	1424	test	"selected_move_hash": "hash-multi",
move_type	tests/unit/test_v7_users_autoswitch_policy.py	1433	test	"move_type": "failover",
operation_id	tests/unit/test_v7_users_autoswitch_policy.py	1434	test	"operation_id": "runtime_autoswitch_forward_multi",
selected_move_hash	tests/unit/test_v7_users_autoswitch_policy.py	1435	test	"selected_move_hash": "hash-multi",
restore_barrier	tests/unit/test_v7_users_autoswitch_policy.py	1476	test	def test_restore_barrier_suppresses_non_service_failover(self):
restore_barrier	tests/unit/test_v7_users_autoswitch_policy.py	1482	test	restore_barrier={
restore_barrier	tests/unit/test_v7_users_autoswitch_policy.py	1489	test	self.assertTrue(plan["safety"]["restore_barrier"]["active"])
candidate_moves_total	tests/unit/test_v7_users_autoswitch_policy.py	1490	test	self.assertEqual(plan["summary"]["candidate_moves_total"], 0)
selected_moves	tests/unit/test_v7_users_autoswitch_policy.py	1491	test	self.assertEqual(plan["summary"]["selected_moves"], 0)
decisions	tests/unit/test_v7_users_autoswitch_policy.py	1492	test	self.assertIn("restore_barrier_failover_suppressed", plan["decisions"][0]["reason"])
restore_barrier	tests/unit/test_v7_users_autoswitch_policy.py	1494	test	def test_expired_restore_barrier_requires_generation_clearance(self):
restore_barrier	tests/unit/test_v7_users_autoswitch_policy.py	1500	test	restore_barrier={
restore_barrier	tests/unit/test_v7_users_autoswitch_policy.py	1507	test	self.assertFalse(plan["safety"]["restore_barrier"]["active"])
restore_barrier	tests/unit/test_v7_users_autoswitch_policy.py	1508	test	self.assertTrue(plan["safety"]["restore_barrier"]["expired"])
restore_barrier	tests/unit/test_v7_users_autoswitch_policy.py	1509	test	self.assertTrue(plan["safety"]["restore_barrier"]["post_ttl_blocking"])
candidate_moves_total	tests/unit/test_v7_users_autoswitch_policy.py	1510	test	self.assertEqual(plan["summary"]["candidate_moves_total"], 0)
selected_moves	tests/unit/test_v7_users_autoswitch_policy.py	1511	test	self.assertEqual(plan["summary"]["selected_moves"], 0)
restore_barrier	tests/unit/test_v7_users_autoswitch_policy.py	1513	test	"restore_barrier_post_ttl_generation_clearance_required",
decisions	tests/unit/test_v7_users_autoswitch_policy.py	1514	test	plan["decisions"][0]["reason"],
restore_barrier	tests/unit/test_v7_users_autoswitch_policy.py	1517	test	def test_expired_restore_barrier_with_clearance_allows_telegram_failover(self):
restore_barrier	tests/unit/test_v7_users_autoswitch_policy.py	1523	test	restore_barrier={
restore_barrier	tests/unit/test_v7_users_autoswitch_policy.py	1531	test	self.assertFalse(plan["safety"]["restore_barrier"]["active"])
restore_barrier	tests/unit/test_v7_users_autoswitch_policy.py	1532	test	self.assertTrue(plan["safety"]["restore_barrier"]["expired"])
restore_barrier	tests/unit/test_v7_users_autoswitch_policy.py	1533	test	self.assertTrue(plan["safety"]["restore_barrier"]["cleared"])
restore_barrier	tests/unit/test_v7_users_autoswitch_policy.py	1534	test	self.assertFalse(plan["safety"]["restore_barrier"]["post_ttl_blocking"])
candidate_moves_total	tests/unit/test_v7_users_autoswitch_policy.py	1535	test	self.assertEqual(plan["summary"]["candidate_moves_total"], 1)
selected_moves	tests/unit/test_v7_users_autoswitch_policy.py	1536	test	self.assertEqual(plan["summary"]["selected_moves"], 1)
selected_moves	tests/unit/test_v7_users_autoswitch_policy.py	1538	test	def test_expired_restore_barrier_clearance_budget_blocks_selected_moves(self):
restore_barrier	tests/unit/test_v7_users_autoswitch_policy.py	1544	test	restore_barrier={
selected_moves	tests/unit/test_v7_users_autoswitch_policy.py	1548	test	"clearance_max_selected_moves": 0,
restore_barrier	tests/unit/test_v7_users_autoswitch_policy.py	1553	test	barrier = plan["safety"]["restore_barrier"]
selected_moves	tests/unit/test_v7_users_autoswitch_policy.py	1558	test	self.assertEqual(barrier["clearance_max_selected_moves"], 0)
selected_moves	tests/unit/test_v7_users_autoswitch_policy.py	1559	test	self.assertEqual(barrier["clearance_selected_moves_before_guard"], 1)
selected_moves	tests/unit/test_v7_users_autoswitch_policy.py	1563	test	"restore_barrier_clearance_selected_moves_exceed_budget",
candidate_moves_total	tests/unit/test_v7_users_autoswitch_policy.py	1565	test	self.assertEqual(plan["summary"]["candidate_moves_total"], 1)
selected_moves	tests/unit/test_v7_users_autoswitch_policy.py	1566	test	self.assertEqual(plan["summary"]["selected_moves"], 0)
restore_barrier	tests/unit/test_v7_users_autoswitch_policy.py	1574	test	restore_barrier={
selected_moves	tests/unit/test_v7_users_autoswitch_policy.py	1578	test	"clearance_max_selected_moves": 1,
restore_barrier	tests/unit/test_v7_users_autoswitch_policy.py	1583	test	barrier = plan["safety"]["restore_barrier"]
selected_moves	tests/unit/test_v7_users_autoswitch_policy.py	1584	test	self.assertEqual(barrier["clearance_selected_moves_before_guard"], 1)
restore_barrier	tests/unit/test_v7_users_autoswitch_policy.py	1589	test	"restore_barrier_clearance_generation_token_missing",
selected_moves	tests/unit/test_v7_users_autoswitch_policy.py	1591	test	self.assertEqual(plan["summary"]["selected_moves"], 0)
selected_moves	tests/unit/test_v7_users_autoswitch_policy.py	1593	test	def test_nonzero_clearance_budget_with_matching_generation_allows_selected_moves(self):
restore_barrier	tests/unit/test_v7_users_autoswitch_policy.py	1599	test	restore_barrier={
selected_moves	tests/unit/test_v7_users_autoswitch_policy.py	1603	test	"clearance_max_selected_moves": 1,
restore_barrier	tests/unit/test_v7_users_autoswitch_policy.py	1608	test	barrier = bootstrap["safety"]["restore_barrier"]
selected_moves	tests/unit/test_v7_users_autoswitch_policy.py	1613	test	"clearance_max_selected_moves": 1,
selected_moves	tests/unit/test_v7_users_autoswitch_policy.py	1616	test	"approved_selected_moves_hash": barrier["clearance_selected_moves_hash"],
selected_moves	tests/unit/test_v7_users_autoswitch_policy.py	1617	test	"clearance_expected_selected_moves": 1,
restore_barrier	tests/unit/test_v7_users_autoswitch_policy.py	1622	test	barrier = plan["safety"]["restore_barrier"]
restore_barrier	tests/unit/test_v7_users_autoswitch_policy.py	1626	test	"restore_barrier_clearance_budget_and_generation_ok",
selected_moves	tests/unit/test_v7_users_autoswitch_policy.py	1628	test	self.assertEqual(plan["summary"]["selected_moves"], 1)
restore_barrier	tests/unit/test_v7_users_autoswitch_policy.py	1630	test	def test_governed_apply_pre_refresh_reuses_restore_barrier_clearance_metadata(self):
restore_barrier	tests/unit/test_v7_users_autoswitch_policy.py	1636	test	restore_barrier={
selected_moves	tests/unit/test_v7_users_autoswitch_policy.py	1640	test	"clearance_max_selected_moves": 2,
selected_moves	tests/unit/test_v7_users_autoswitch_policy.py	1676	test	self.assertEqual(refresh["apply_refresh_scope"]["max_selected_moves"], 2)
restore_barrier	tests/unit/test_v7_users_autoswitch_policy.py	1687	test	restore_barrier={
selected_moves	tests/unit/test_v7_users_autoswitch_policy.py	1691	test	"clearance_max_selected_moves": 5,
approved_plan_lock	tests/unit/test_v7_users_autoswitch_policy.py	1730	test	self.assertEqual(refresh["apply_refresh_scope"]["target_scope"], "approved_plan_lock_targets")
selected_moves	tests/unit/test_v7_users_autoswitch_policy.py	1732	test	self.assertEqual(refresh["apply_refresh_scope"]["max_selected_moves"], 5)
selected_moves	tests/unit/test_v7_users_autoswitch_policy.py	1733	test	self.assertEqual(refresh["apply_refresh_scope"]["clearance_max_selected_moves"], 5)
current_egress	tests/unit/test_v7_users_autoswitch_policy.py	1743	test	current_egress="awg3",
current_egress	tests/unit/test_v7_users_autoswitch_policy.py	1750	test	"current_egress": "awg3",
recommended_egress	tests/unit/test_v7_users_autoswitch_policy.py	1751	test	"recommended_egress": "vless",
move_type	tests/unit/test_v7_users_autoswitch_policy.py	1752	test	"move_type": "failover",
recommended_egress	tests/unit/test_v7_users_autoswitch_policy.py	1764	test	self.assertEqual(selected[0]["recommended_egress"], "vless")
restore_barrier	tests/unit/test_v7_users_autoswitch_policy.py	1807	test	restore_barrier={
selected_moves	tests/unit/test_v7_users_autoswitch_policy.py	1811	test	"clearance_max_selected_moves": 1,
selected_moves	tests/unit/test_v7_users_autoswitch_policy.py	1814	test	"approved_selected_moves_hash": "stale-hash",
selected_moves	tests/unit/test_v7_users_autoswitch_policy.py	1815	test	"clearance_expected_selected_moves": 1,
restore_barrier	tests/unit/test_v7_users_autoswitch_policy.py	1819	test	barrier = plan["safety"]["restore_barrier"]
restore_barrier	tests/unit/test_v7_users_autoswitch_policy.py	1823	test	"restore_barrier_clearance_generation_mismatch",
selected_moves	tests/unit/test_v7_users_autoswitch_policy.py	1825	test	self.assertEqual(plan["summary"]["selected_moves"], 0)
selected_move_hash	tests/unit/test_v7_users_autoswitch_policy.py	1827	test	def test_nonzero_clearance_budget_rejects_selected_move_hash_mismatch(self):
restore_barrier	tests/unit/test_v7_users_autoswitch_policy.py	1833	test	restore_barrier={
selected_moves	tests/unit/test_v7_users_autoswitch_policy.py	1837	test	"clearance_max_selected_moves": 1,
selected_moves	tests/unit/test_v7_users_autoswitch_policy.py	1845	test	"clearance_max_selected_moves": 1,
selected_moves	tests/unit/test_v7_users_autoswitch_policy.py	1848	test	"approved_selected_moves_hash": "stale-hash",
selected_moves	tests/unit/test_v7_users_autoswitch_policy.py	1849	test	"clearance_expected_selected_moves": 1,
restore_barrier	tests/unit/test_v7_users_autoswitch_policy.py	1853	test	barrier = plan["safety"]["restore_barrier"]
selected_moves	tests/unit/test_v7_users_autoswitch_policy.py	1857	test	"restore_barrier_clearance_selected_moves_hash_mismatch",
selected_moves	tests/unit/test_v7_users_autoswitch_policy.py	1859	test	self.assertEqual(plan["summary"]["selected_moves"], 0)
restore_barrier	tests/unit/test_v7_users_autoswitch_policy.py	1867	test	restore_barrier={
selected_moves	tests/unit/test_v7_users_autoswitch_policy.py	1871	test	"clearance_max_selected_moves": 1,
restore_barrier	tests/unit/test_v7_users_autoswitch_policy.py	1875	test	barrier = bootstrap["safety"]["restore_barrier"]
selected_moves	tests/unit/test_v7_users_autoswitch_policy.py	1880	test	"clearance_max_selected_moves": 1,
selected_moves	tests/unit/test_v7_users_autoswitch_policy.py	1883	test	"approved_selected_moves_hash": barrier["clearance_selected_moves_hash"],
selected_moves	tests/unit/test_v7_users_autoswitch_policy.py	1884	test	"clearance_expected_selected_moves": 1,
restore_barrier	tests/unit/test_v7_users_autoswitch_policy.py	1889	test	barrier = plan["safety"]["restore_barrier"]
restore_barrier	tests/unit/test_v7_users_autoswitch_policy.py	1893	test	"restore_barrier_clearance_generation_expired",
selected_moves	tests/unit/test_v7_users_autoswitch_policy.py	1895	test	self.assertEqual(plan["summary"]["selected_moves"], 0)
approved_plan_lock	tests/unit/test_v7_users_autoswitch_policy.py	1897	test	def test_apply_uses_approved_plan_lock_when_recomputed_planner_would_select_zero(self):
authority_budget	tests/unit/test_v7_users_autoswitch_policy.py	1904	test	authority_budget={
selected_moves	tests/unit/test_v7_users_autoswitch_policy.py	1914	test	self.assertEqual(len(bootstrap["selected_moves"]), 2)
selected_moves	tests/unit/test_v7_users_autoswitch_policy.py	1920	test	"clearance_max_selected_moves": 2,
selected_moves	tests/unit/test_v7_users_autoswitch_policy.py	1923	test	"approved_selected_moves_hash": bootstrap["operation"]["selected_move_hash"],
selected_moves	tests/unit/test_v7_users_autoswitch_policy.py	1924	test	"clearance_expected_selected_moves": 2,
approved_plan_lock	tests/unit/test_v7_users_autoswitch_policy.py	1933	test	"approved_plan_lock": self.approved_plan_lock_from_plan(bootstrap),
selected_moves	tests/unit/test_v7_users_autoswitch_policy.py	1963	test	self.assertEqual(plan["summary"]["selected_moves"], 2)
selected_moves	tests/unit/test_v7_users_autoswitch_policy.py	1964	test	self.assertEqual(plan["safety"]["selected_moves_diagnostics"]["source"], "approved_plan_lock")
selected_moves	tests/unit/test_v7_users_autoswitch_policy.py	1965	test	self.assertFalse(plan["safety"]["selected_moves_diagnostics"]["planner_recomputed_after_approval"])
restore_barrier	tests/unit/test_v7_users_autoswitch_policy.py	1967	test	(plan["safety"]["restore_barrier"]["approved_plan_lock_validation"] or {}).get("reason"),
approved_plan_lock	tests/unit/test_v7_users_autoswitch_policy.py	1968	test	"approved_plan_lock_valid",
authority_budget	tests/unit/test_v7_users_autoswitch_policy.py	1980	test	authority_budget={
selected_moves	tests/unit/test_v7_users_autoswitch_policy.py	1990	test	self.assertEqual(len(bootstrap["selected_moves"]), 1)
approved_plan_lock	tests/unit/test_v7_users_autoswitch_policy.py	1992	test	lock = self.approved_plan_lock_from_plan(bootstrap)
selected_move_hash	tests/unit/test_v7_users_autoswitch_policy.py	1994	test	lock["selected_move_hash"] = approved_hash
selected_moves	tests/unit/test_v7_users_autoswitch_policy.py	2002	test	"clearance_max_selected_moves": 1,
selected_moves	tests/unit/test_v7_users_autoswitch_policy.py	2005	test	"approved_selected_moves_hash": approved_hash,
selected_moves	tests/unit/test_v7_users_autoswitch_policy.py	2006	test	"clearance_expected_selected_moves": 1,
selected_moves	tests/unit/test_v7_users_autoswitch_policy.py	2008	test	"allowed_users": [bootstrap["selected_moves"][0]["user_ip"]],
approved_plan_lock	tests/unit/test_v7_users_autoswitch_policy.py	2015	test	"approved_plan_lock": lock,
restore_barrier	tests/unit/test_v7_users_autoswitch_policy.py	2022	test	validation = plan["safety"]["restore_barrier"]["approved_plan_lock_validation"]
approved_plan_lock	tests/unit/test_v7_users_autoswitch_policy.py	2023	test	self.assertEqual(validation["reason"], "approved_plan_lock_valid")
selected_move_hash	tests/unit/test_v7_users_autoswitch_policy.py	2024	test	self.assertEqual(validation["selected_move_hash_source"], "approved_preview_packet")
selected_move_hash	tests/unit/test_v7_users_autoswitch_policy.py	2025	test	self.assertEqual(validation["selected_move_hash"], approved_hash)
selected_move_hash	tests/unit/test_v7_users_autoswitch_policy.py	2026	test	self.assertNotEqual(validation["structural_selected_move_hash"], approved_hash)
restore_barrier	tests/unit/test_v7_users_autoswitch_policy.py	2027	test	self.assertTrue(plan["safety"]["restore_barrier"]["approved_preview_identity_consumed"])
restore_barrier	tests/unit/test_v7_users_autoswitch_policy.py	2028	test	self.assertTrue(plan["safety"]["restore_barrier"]["clearance_generation_ok"])
restore_barrier	tests/unit/test_v7_users_autoswitch_policy.py	2030	test	plan["safety"]["restore_barrier"]["clearance_generation_reason"],
restore_barrier	tests/unit/test_v7_users_autoswitch_policy.py	2031	test	"restore_barrier_clearance_preview_packet_identity_match",
selected_move_hash	tests/unit/test_v7_users_autoswitch_policy.py	2033	test	self.assertEqual(plan["operation"]["selected_move_hash"], approved_hash)
selected_moves	tests/unit/test_v7_users_autoswitch_policy.py	2034	test	self.assertEqual(plan["selected_moves"][0]["selected_move_hash"], approved_hash)
approved_plan_lock	tests/unit/test_v7_users_autoswitch_policy.py	2036	test	def test_approved_plan_lock_uses_source_bundle_lease_for_service_matrix_snapshot_drift(self):
authority_budget	tests/unit/test_v7_users_autoswitch_policy.py	2043	test	authority_budget={
selected_moves	tests/unit/test_v7_users_autoswitch_policy.py	2059	test	"clearance_max_selected_moves": 2,
selected_moves	tests/unit/test_v7_users_autoswitch_policy.py	2062	test	"approved_selected_moves_hash": bootstrap["operation"]["selected_move_hash"],
selected_moves	tests/unit/test_v7_users_autoswitch_policy.py	2063	test	"clearance_expected_selected_moves": 2,
approved_plan_lock	tests/unit/test_v7_users_autoswitch_policy.py	2072	test	"approved_plan_lock": self.approved_plan_lock_from_plan(bootstrap),
selected_moves	tests/unit/test_v7_users_autoswitch_policy.py	2120	test	self.assertEqual(plan["summary"]["selected_moves"], 2)
authority_budget	tests/unit/test_v7_users_autoswitch_policy.py	2132	test	authority_budget={
selected_moves	tests/unit/test_v7_users_autoswitch_policy.py	2148	test	"clearance_max_selected_moves": 2,
selected_moves	tests/unit/test_v7_users_autoswitch_policy.py	2151	test	"approved_selected_moves_hash": bootstrap["operation"]["selected_move_hash"],
selected_moves	tests/unit/test_v7_users_autoswitch_policy.py	2152	test	"clearance_expected_selected_moves": 2,
approved_plan_lock	tests/unit/test_v7_users_autoswitch_policy.py	2161	test	"approved_plan_lock": self.approved_plan_lock_from_plan(bootstrap),
restore_barrier	tests/unit/test_v7_users_autoswitch_policy.py	2196	test	barrier = plan["safety"]["restore_barrier"]
approved_plan_lock	tests/unit/test_v7_users_autoswitch_policy.py	2202	test	self.assertEqual(gate["source_bundle_lease_scope"], "approved_plan_lock_readiness_recheck")
selected_moves	tests/unit/test_v7_users_autoswitch_policy.py	2204	test	self.assertEqual(plan["summary"]["selected_moves"], 2)
selected_moves	tests/unit/test_v7_users_autoswitch_policy.py	2207	test	self.assertEqual(plan["operation"]["terminal_reason"], "dry_run_selected_moves_available")
approved_plan_lock	tests/unit/test_v7_users_autoswitch_policy.py	2209	test	def test_approved_plan_lock_accepts_stable_sources_with_service_matrix_snapshot_drift(self):
authority_budget	tests/unit/test_v7_users_autoswitch_policy.py	2216	test	authority_budget={
selected_moves	tests/unit/test_v7_users_autoswitch_policy.py	2232	test	"clearance_max_selected_moves": 2,
selected_moves	tests/unit/test_v7_users_autoswitch_policy.py	2235	test	"approved_selected_moves_hash": bootstrap["operation"]["selected_move_hash"],
selected_moves	tests/unit/test_v7_users_autoswitch_policy.py	2236	test	"clearance_expected_selected_moves": 2,
approved_plan_lock	tests/unit/test_v7_users_autoswitch_policy.py	2245	test	"approved_plan_lock": self.approved_plan_lock_from_plan(bootstrap),
restore_barrier	tests/unit/test_v7_users_autoswitch_policy.py	2285	test	barrier = plan["safety"]["restore_barrier"]
restore_barrier	tests/unit/test_v7_users_autoswitch_policy.py	2290	test	"restore_barrier_source_bundle_lease_hard_sources_stable",
selected_moves	tests/unit/test_v7_users_autoswitch_policy.py	2296	test	self.assertEqual(plan["summary"]["selected_moves"], 2)
approved_plan_lock	tests/unit/test_v7_users_autoswitch_policy.py	2301	test	def test_approved_plan_lock_allows_freshness_only_snapshot_stop_to_reach_apply(self):
selected_moves	tests/unit/test_v7_users_autoswitch_policy.py	2317	test	"clearance_max_selected_moves": 1,
selected_moves	tests/unit/test_v7_users_autoswitch_policy.py	2320	test	"approved_selected_moves_hash": bootstrap["operation"]["selected_move_hash"],
selected_moves	tests/unit/test_v7_users_autoswitch_policy.py	2321	test	"clearance_expected_selected_moves": 1,
approved_plan_lock	tests/unit/test_v7_users_autoswitch_policy.py	2330	test	"approved_plan_lock": self.approved_plan_lock_from_plan(bootstrap),
selected_moves	tests/unit/test_v7_users_autoswitch_policy.py	2366	test	diagnostics = plan["safety"]["selected_moves_diagnostics"]
approved_plan_lock	tests/unit/test_v7_users_autoswitch_policy.py	2367	test	self.assertEqual(gate["snapshot_gate_decision"], "allow_approved_plan_lock_non_material_snapshot_drift")
approved_plan_lock	tests/unit/test_v7_users_autoswitch_policy.py	2369	test	self.assertTrue(gate["approved_plan_lock_consumed"])
selected_moves	tests/unit/test_v7_users_autoswitch_policy.py	2371	test	self.assertEqual(plan["summary"]["selected_moves"], 1)
approved_plan_lock	tests/unit/test_v7_users_autoswitch_policy.py	2375	test	def test_approved_plan_lock_blocks_material_snapshot_source_change(self):
selected_moves	tests/unit/test_v7_users_autoswitch_policy.py	2390	test	"clearance_max_selected_moves": 1,
selected_moves	tests/unit/test_v7_users_autoswitch_policy.py	2393	test	"approved_selected_moves_hash": bootstrap["operation"]["selected_move_hash"],
selected_moves	tests/unit/test_v7_users_autoswitch_policy.py	2394	test	"clearance_expected_selected_moves": 1,
approved_plan_lock	tests/unit/test_v7_users_autoswitch_policy.py	2403	test	"approved_plan_lock": self.approved_plan_lock_from_plan(bootstrap),
selected_moves	tests/unit/test_v7_users_autoswitch_policy.py	2430	test	self.assertEqual(plan["summary"]["selected_moves"], 0)
selected_moves	tests/unit/test_v7_users_autoswitch_policy.py	2431	test	self.assertEqual(plan["apply_result"]["reason"], "approved_plan_lock_selected_moves_missing")
approved_plan_lock	tests/unit/test_v7_users_autoswitch_policy.py	2432	test	self.assertEqual(plan["apply_result"]["unsafe_blocker"], "approved_plan_lock_snapshot_gate_stop_required")
approved_plan_lock	tests/unit/test_v7_users_autoswitch_policy.py	2444	test	lock = self.approved_plan_lock_from_plan(bootstrap)
selected_moves	tests/unit/test_v7_users_autoswitch_policy.py	2451	test	"clearance_max_selected_moves": 1,
selected_moves	tests/unit/test_v7_users_autoswitch_policy.py	2454	test	"approved_selected_moves_hash": bootstrap["operation"]["selected_move_hash"],
selected_moves	tests/unit/test_v7_users_autoswitch_policy.py	2455	test	"clearance_expected_selected_moves": 1,
approved_plan_lock	tests/unit/test_v7_users_autoswitch_policy.py	2464	test	"approved_plan_lock": lock,
restore_barrier	tests/unit/test_v7_users_autoswitch_policy.py	2473	test	validation = plan["safety"]["restore_barrier"]["approved_plan_lock_validation"]
approved_plan_lock	tests/unit/test_v7_users_autoswitch_policy.py	2475	test	self.assertIn("approved_plan_lock_snapshot_missing", validation["reasons"])
selected_moves	tests/unit/test_v7_users_autoswitch_policy.py	2476	test	self.assertEqual(plan["apply_result"]["reason"], "approved_plan_lock_selected_moves_missing")
approved_plan_lock	tests/unit/test_v7_users_autoswitch_policy.py	2477	test	self.assertEqual(plan["apply_result"]["unsafe_blocker"], "approved_plan_lock_invalid")
approved_plan_lock	tests/unit/test_v7_users_autoswitch_policy.py	2489	test	lock = self.approved_plan_lock_from_plan(bootstrap)
selected_moves	tests/unit/test_v7_users_autoswitch_policy.py	2496	test	"clearance_max_selected_moves": 1,
selected_moves	tests/unit/test_v7_users_autoswitch_policy.py	2499	test	"approved_selected_moves_hash": bootstrap["operation"]["selected_move_hash"],
selected_moves	tests/unit/test_v7_users_autoswitch_policy.py	2500	test	"clearance_expected_selected_moves": 1,
approved_plan_lock	tests/unit/test_v7_users_autoswitch_policy.py	2509	test	"approved_plan_lock": lock,
restore_barrier	tests/unit/test_v7_users_autoswitch_policy.py	2518	test	validation = plan["safety"]["restore_barrier"]["approved_plan_lock_validation"]
approved_plan_lock	tests/unit/test_v7_users_autoswitch_policy.py	2520	test	self.assertIn("approved_plan_lock_snapshot_mismatch", validation["reasons"])
selected_moves	tests/unit/test_v7_users_autoswitch_policy.py	2521	test	self.assertEqual(plan["apply_result"]["reason"], "approved_plan_lock_selected_moves_missing")
approved_plan_lock	tests/unit/test_v7_users_autoswitch_policy.py	2522	test	self.assertEqual(plan["apply_result"]["unsafe_blocker"], "approved_plan_lock_invalid")
approved_plan_lock	tests/unit/test_v7_users_autoswitch_policy.py	2524	test	def test_approved_plan_lock_allows_non_material_source_mismatch_without_lease(self):
authority_budget	tests/unit/test_v7_users_autoswitch_policy.py	2531	test	authority_budget={
selected_moves	tests/unit/test_v7_users_autoswitch_policy.py	2547	test	"clearance_max_selected_moves": 2,
selected_moves	tests/unit/test_v7_users_autoswitch_policy.py	2550	test	"approved_selected_moves_hash": bootstrap["operation"]["selected_move_hash"],
selected_moves	tests/unit/test_v7_users_autoswitch_policy.py	2551	test	"clearance_expected_selected_moves": 2,
approved_plan_lock	tests/unit/test_v7_users_autoswitch_policy.py	2560	test	"approved_plan_lock": self.approved_plan_lock_from_plan(bootstrap),
approved_plan_lock	tests/unit/test_v7_users_autoswitch_policy.py	2587	test	self.assertEqual(gate["snapshot_gate_decision"], "allow_approved_plan_lock_non_material_source_mismatch")
approved_plan_lock	tests/unit/test_v7_users_autoswitch_policy.py	2589	test	self.assertTrue(gate["approved_plan_lock_consumed"])
selected_moves	tests/unit/test_v7_users_autoswitch_policy.py	2590	test	self.assertEqual(plan["summary"]["selected_moves"], 2)
selected_moves	tests/unit/test_v7_users_autoswitch_policy.py	2608	test	def test_missing_approved_selected_moves_blocks_explicitly_not_noop(self):
authority_budget	tests/unit/test_v7_users_autoswitch_policy.py	2615	test	authority_budget={
approved_plan_lock	tests/unit/test_v7_users_autoswitch_policy.py	2624	test	lock = self.approved_plan_lock_from_plan(bootstrap)
selected_moves	tests/unit/test_v7_users_autoswitch_policy.py	2625	test	lock["selected_moves"] = []
selected_moves	tests/unit/test_v7_users_autoswitch_policy.py	2631	test	"clearance_max_selected_moves": 1,
selected_moves	tests/unit/test_v7_users_autoswitch_policy.py	2634	test	"approved_selected_moves_hash": bootstrap["operation"]["selected_move_hash"],
selected_moves	tests/unit/test_v7_users_autoswitch_policy.py	2635	test	"clearance_expected_selected_moves": 1,
selected_moves	tests/unit/test_v7_users_autoswitch_policy.py	2637	test	"allowed_users": [bootstrap["selected_moves"][0]["user_ip"]],
approved_plan_lock	tests/unit/test_v7_users_autoswitch_policy.py	2639	test	"approved_plan_lock": lock,
restore_barrier	tests/unit/test_v7_users_autoswitch_policy.py	2648	test	validation = plan["safety"]["restore_barrier"]["approved_plan_lock_validation"]
selected_moves	tests/unit/test_v7_users_autoswitch_policy.py	2649	test	self.assertIn("approved_plan_lock_selected_moves_missing", validation["reasons"])
selected_moves	tests/unit/test_v7_users_autoswitch_policy.py	2650	test	self.assertEqual(plan["summary"]["selected_moves"], 0)
selected_moves	tests/unit/test_v7_users_autoswitch_policy.py	2652	test	self.assertEqual(plan["apply_result"]["reason"], "approved_plan_lock_selected_moves_missing")
authority_budget	tests/unit/test_v7_users_autoswitch_policy.py	2662	test	authority_budget={
selected_moves	tests/unit/test_v7_users_autoswitch_policy.py	2677	test	"clearance_max_selected_moves": 2,
selected_moves	tests/unit/test_v7_users_autoswitch_policy.py	2680	test	"approved_selected_moves_hash": bootstrap["operation"]["selected_move_hash"],
selected_moves	tests/unit/test_v7_users_autoswitch_policy.py	2681	test	"clearance_expected_selected_moves": 2,
approved_plan_lock	tests/unit/test_v7_users_autoswitch_policy.py	2690	test	"approved_plan_lock": self.approved_plan_lock_from_plan(bootstrap),
selected_moves	tests/unit/test_v7_users_autoswitch_policy.py	2718	test	self.assertEqual(plan["summary"]["selected_moves"], 0)
terminal_reason	tests/unit/test_v7_users_autoswitch_policy.py	2720	test	self.assertEqual(plan["operation"]["terminal_reason"], "dry_run_intelligence_snapshot_stop_required")
authority_budget	tests/unit/test_v7_users_autoswitch_policy.py	2729	test	authority_budget={
selected_moves	tests/unit/test_v7_users_autoswitch_policy.py	2744	test	"clearance_max_selected_moves": 2,
selected_moves	tests/unit/test_v7_users_autoswitch_policy.py	2747	test	"approved_selected_moves_hash": bootstrap["operation"]["selected_move_hash"],
selected_moves	tests/unit/test_v7_users_autoswitch_policy.py	2748	test	"clearance_expected_selected_moves": 2,
approved_plan_lock	tests/unit/test_v7_users_autoswitch_policy.py	2757	test	"approved_plan_lock": self.approved_plan_lock_from_plan(bootstrap),
restore_barrier	tests/unit/test_v7_users_autoswitch_policy.py	2803	test	barrier = plan["safety"]["restore_barrier"]
restore_barrier	tests/unit/test_v7_users_autoswitch_policy.py	2807	test	"restore_barrier_source_bundle_lease_semantic_decision_stable",
selected_moves	tests/unit/test_v7_users_autoswitch_policy.py	2813	test	self.assertEqual(plan["summary"]["selected_moves"], 2)
selected_moves	tests/unit/test_v7_users_autoswitch_policy.py	2816	test	self.assertEqual(plan["operation"]["terminal_reason"], "dry_run_selected_moves_available")
authority_budget	tests/unit/test_v7_users_autoswitch_policy.py	2825	test	authority_budget={
approved_plan_lock	tests/unit/test_v7_users_autoswitch_policy.py	2835	test	lock = self.approved_plan_lock_from_plan(bootstrap)
selected_moves	tests/unit/test_v7_users_autoswitch_policy.py	2842	test	"clearance_max_selected_moves": 2,
selected_moves	tests/unit/test_v7_users_autoswitch_policy.py	2845	test	"approved_selected_moves_hash": bootstrap["operation"]["selected_move_hash"],
selected_moves	tests/unit/test_v7_users_autoswitch_policy.py	2846	test	"clearance_expected_selected_moves": 2,
approved_plan_lock	tests/unit/test_v7_users_autoswitch_policy.py	2855	test	"approved_plan_lock": lock,
restore_barrier	tests/unit/test_v7_users_autoswitch_policy.py	2892	test	barrier = plan["safety"]["restore_barrier"]
restore_barrier	tests/unit/test_v7_users_autoswitch_policy.py	2896	test	"restore_barrier_source_bundle_lease_decision_signature_unstable",
approved_plan_lock	tests/unit/test_v7_users_autoswitch_policy.py	2899	test	"source_bundle_lease_requires_valid_approved_plan_lock",
selected_moves	tests/unit/test_v7_users_autoswitch_policy.py	2904	test	self.assertEqual(plan["summary"]["selected_moves"], 0)
approved_plan_lock	tests/unit/test_v7_users_autoswitch_policy.py	2906	test	def test_approved_plan_lock_rejects_changed_selected_hash(self):
authority_budget	tests/unit/test_v7_users_autoswitch_policy.py	2913	test	authority_budget={
approved_plan_lock	tests/unit/test_v7_users_autoswitch_policy.py	2922	test	lock = self.approved_plan_lock_from_plan(bootstrap)
selected_move_hash	tests/unit/test_v7_users_autoswitch_policy.py	2923	test	lock["selected_move_hash"] = "stale-hash"
selected_moves	tests/unit/test_v7_users_autoswitch_policy.py	2929	test	"clearance_max_selected_moves": 2,
selected_moves	tests/unit/test_v7_users_autoswitch_policy.py	2932	test	"approved_selected_moves_hash": bootstrap["operation"]["selected_move_hash"],
selected_moves	tests/unit/test_v7_users_autoswitch_policy.py	2933	test	"clearance_expected_selected_moves": 2,
approved_plan_lock	tests/unit/test_v7_users_autoswitch_policy.py	2937	test	"approved_plan_lock": lock,
selected_moves	tests/unit/test_v7_users_autoswitch_policy.py	2943	test	self.assertEqual(plan["summary"]["selected_moves"], 0)
restore_barrier	tests/unit/test_v7_users_autoswitch_policy.py	2944	test	validation = plan["safety"]["restore_barrier"]["approved_plan_lock_validation"]
approved_plan_lock	tests/unit/test_v7_users_autoswitch_policy.py	2945	test	self.assertIn("approved_plan_lock_selected_hash_mismatch", validation["reasons"])
approved_plan_lock	tests/unit/test_v7_users_autoswitch_policy.py	2947	test	def test_approved_plan_lock_rejects_changed_user_source_and_target_scope(self):
authority_budget	tests/unit/test_v7_users_autoswitch_policy.py	2954	test	authority_budget={
selected_moves	tests/unit/test_v7_users_autoswitch_policy.py	2969	test	"clearance_max_selected_moves": 2,
selected_moves	tests/unit/test_v7_users_autoswitch_policy.py	2972	test	"approved_selected_moves_hash": bootstrap["operation"]["selected_move_hash"],
selected_moves	tests/unit/test_v7_users_autoswitch_policy.py	2973	test	"clearance_expected_selected_moves": 2,
approved_plan_lock	tests/unit/test_v7_users_autoswitch_policy.py	2977	test	"approved_plan_lock": self.approved_plan_lock_from_plan(bootstrap),
selected_moves	tests/unit/test_v7_users_autoswitch_policy.py	2985	test	self.assertEqual(plan["summary"]["selected_moves"], 0)
restore_barrier	tests/unit/test_v7_users_autoswitch_policy.py	2986	test	validation = plan["safety"]["restore_barrier"]["approved_plan_lock_validation"]
approved_plan_lock	tests/unit/test_v7_users_autoswitch_policy.py	2987	test	self.assertIn("approved_plan_lock_user_source_mismatch", validation["reasons"])
approved_plan_lock	tests/unit/test_v7_users_autoswitch_policy.py	2988	test	self.assertIn("approved_plan_lock_target_scope_mismatch", validation["reasons"])
approved_plan_lock	tests/unit/test_v7_users_autoswitch_policy.py	2990	test	def test_approved_plan_lock_rejects_expired_lock(self):
authority_budget	tests/unit/test_v7_users_autoswitch_policy.py	2997	test	authority_budget={
selected_moves	tests/unit/test_v7_users_autoswitch_policy.py	3011	test	"clearance_max_selected_moves": 2,
selected_moves	tests/unit/test_v7_users_autoswitch_policy.py	3014	test	"approved_selected_moves_hash": bootstrap["operation"]["selected_move_hash"],
selected_moves	tests/unit/test_v7_users_autoswitch_policy.py	3015	test	"clearance_expected_selected_moves": 2,
approved_plan_lock	tests/unit/test_v7_users_autoswitch_policy.py	3019	test	"approved_plan_lock": self.approved_plan_lock_from_plan(bootstrap, expires_at="2000-01-01T00:00:00+00:00"),
selected_moves	tests/unit/test_v7_users_autoswitch_policy.py	3025	test	self.assertEqual(plan["summary"]["selected_moves"], 0)
restore_barrier	tests/unit/test_v7_users_autoswitch_policy.py	3026	test	validation = plan["safety"]["restore_barrier"]["approved_plan_lock_validation"]
approved_plan_lock	tests/unit/test_v7_users_autoswitch_policy.py	3027	test	self.assertIn("approved_plan_lock_expired", validation["reasons"])
authority_budget	tests/unit/test_v7_users_autoswitch_policy.py	3036	test	authority_budget={
selected_moves	tests/unit/test_v7_users_autoswitch_policy.py	3050	test	"clearance_max_selected_moves": 2,
selected_moves	tests/unit/test_v7_users_autoswitch_policy.py	3053	test	"approved_selected_moves_hash": "stale-selected-hash",
selected_moves	tests/unit/test_v7_users_autoswitch_policy.py	3054	test	"clearance_expected_selected_moves": 2,
approved_plan_lock	tests/unit/test_v7_users_autoswitch_policy.py	3058	test	"approved_plan_lock": self.approved_plan_lock_from_plan(
restore_barrier	tests/unit/test_v7_users_autoswitch_policy.py	3070	test	barrier = plan["safety"]["restore_barrier"]
approved_plan_lock	tests/unit/test_v7_users_autoswitch_policy.py	3071	test	validation = barrier["approved_plan_lock_validation"]
approved_plan_lock	tests/unit/test_v7_users_autoswitch_policy.py	3072	test	self.assertIn("approved_plan_lock_expired", validation["reasons"])
approved_plan_lock	tests/unit/test_v7_users_autoswitch_policy.py	3073	test	self.assertTrue(barrier["approved_plan_lock_ignored_for_fresh_planning"])
selected_moves	tests/unit/test_v7_users_autoswitch_policy.py	3074	test	self.assertEqual(barrier["clearance_selected_moves_before_guard"], 2)
selected_moves	tests/unit/test_v7_users_autoswitch_policy.py	3076	test	self.assertEqual(plan["summary"]["selected_moves"], 0)
selected_moves	tests/unit/test_v7_users_autoswitch_policy.py	3077	test	selected = operator_execution.selected_moves_from_plan(plan)
selected_move_count	tests/unit/test_v7_users_autoswitch_policy.py	3078	test	self.assertEqual(selected["selected_move_count"], 2)
selected_move_hash	tests/unit/test_v7_users_autoswitch_policy.py	3080	test	self.assertNotEqual(selected["selected_move_hash"], operator_execution.EMPTY_SELECTED_MOVES_HASH)
candidate_moves_total	tests/unit/test_v7_users_autoswitch_policy.py	3087	test	self.assertEqual(plan["summary"]["candidate_moves_total"], 1)
selected_moves	tests/unit/test_v7_users_autoswitch_policy.py	3088	test	self.assertEqual(plan["summary"]["selected_moves"], 1)
candidate_moves_total	tests/unit/test_v7_users_autoswitch_policy.py	3101	test	self.assertEqual(plan["summary"]["candidate_moves_total"], 1)
selected_moves	tests/unit/test_v7_users_autoswitch_policy.py	3102	test	self.assertEqual(plan["summary"]["selected_moves"], 1)
candidate_moves_total	tests/unit/test_v7_users_autoswitch_policy.py	3117	test	self.assertEqual(plan["summary"]["candidate_moves_total"], 0)
selected_moves	tests/unit/test_v7_users_autoswitch_policy.py	3118	test	self.assertEqual(plan["summary"]["selected_moves"], 0)
decisions	tests/unit/test_v7_users_autoswitch_policy.py	3119	test	self.assertIn("restore_stage_service_signal_failover_requires_approval", plan["decisions"][0]["reason"])
candidate_moves_total	tests/unit/test_v7_users_autoswitch_policy.py	3130	test	self.assertEqual(plan["summary"]["candidate_moves_total"], 0)
selected_moves	tests/unit/test_v7_users_autoswitch_policy.py	3131	test	self.assertEqual(plan["summary"]["selected_moves"], 0)
decisions	tests/unit/test_v7_users_autoswitch_policy.py	3132	test	self.assertIn("restore_stage_service_signal_failover_requires_approval", plan["decisions"][0]["reason"])
candidate_moves_total	tests/unit/test_v7_users_autoswitch_policy.py	3151	test	self.assertEqual(plan["summary"]["candidate_moves_total"], 15)
selected_moves	tests/unit/test_v7_users_autoswitch_policy.py	3152	test	self.assertEqual(plan["summary"]["selected_moves"], 1)
candidate_moves_total	tests/unit/test_v7_users_autoswitch_policy.py	3159	test	self.assertEqual(plan["summary"]["candidate_moves_total"], 0)
selected_moves	tests/unit/test_v7_users_autoswitch_policy.py	3160	test	self.assertEqual(plan["summary"]["selected_moves"], 0)
decisions	tests/unit/test_v7_users_autoswitch_policy.py	3161	test	vless = next(row for row in plan["decisions"][0]["candidates"] if row["egress"] == "vless")
decisions	tests/unit/test_v7_users_autoswitch_policy.py	3165	test	self.assertIn("no_eligible_failover_target", plan["decisions"][0]["reason"])
current_egress	tests/unit/test_v7_users_autoswitch_policy.py	3170	test	self.write_fixture(root, current_egress="vless", vless_registry_extra=" canary_reserved=true")
candidate_moves_total	tests/unit/test_v7_users_autoswitch_policy.py	3172	test	self.assertEqual(plan["summary"]["candidate_moves_total"], 0)
selected_moves	tests/unit/test_v7_users_autoswitch_policy.py	3173	test	self.assertEqual(plan["summary"]["selected_moves"], 0)
decisions	tests/unit/test_v7_users_autoswitch_policy.py	3174	test	self.assertEqual(plan["decisions"][0]["recommended_egress"], "vless")
decisions	tests/unit/test_v7_users_autoswitch_policy.py	3177	test	plan["decisions"][0]["reason"],
decisions	tests/unit/test_v7_users_autoswitch_policy.py	3179	test	current = next(row for row in plan["decisions"][0]["candidates"] if row["egress"] == "vless")
authority_budget	tests/unit/test_v7_users_autoswitch_policy.py	3183	test	def test_authority_promotion_to_medium_batch_updates_only_authority_budget(self):
authority_budget	tests/unit/test_v7_users_autoswitch_policy.py	3197	test	authority_budget={
authority_budget	tests/unit/test_v7_users_autoswitch_policy.py	3233	test	self.assertEqual(after_policy["authority_budget"]["authority_class"], "MEDIUM_BATCH")
authority_budget	tests/unit/test_v7_users_autoswitch_policy.py	3234	test	self.assertEqual(after_policy["authority_budget"]["certified_authority_class"], "MEDIUM_BATCH")
authority_budget	tests/unit/test_v7_users_autoswitch_policy.py	3235	test	self.assertEqual(after_policy["authority_budget"]["current_allowed_user_budget"], 5)
authority_budget	tests/unit/test_v7_users_autoswitch_policy.py	3258	test	authority_budget={
operation_id	tests/unit/test_v7_users_autoswitch_policy.py	3290	test	self.assertIn("two_successful_small_batch_operation_ids_required", result["blockers"])
authority_budget	tests/unit/test_v7_users_autoswitch_policy.py	3301	test	authority_budget={
authority_budget	tests/unit/test_v7_users_autoswitch_policy.py	3332	test	self.assertEqual(after_policy["authority_budget"]["authority_class"], "SMALL_BATCH")
authority_budget	tests/unit/test_v7_users_autoswitch_policy.py	3333	test	self.assertEqual(after_policy["authority_budget"]["current_allowed_user_budget"], 2)
authority_budget	tests/unit/test_v7_users_autoswitch_policy.py	3334	test	self.assertEqual(after_policy["authority_budget"]["promotion_action"], "CANARY_TO_SMALL_BATCH")
authority_budget	tests/unit/test_v7_users_autoswitch_policy.py	3345	test	authority_budget={
authority_budget	tests/unit/test_v7_users_autoswitch_policy.py	3390	test	self.assertEqual(after_policy["authority_budget"]["authority_class"], "LARGE_BATCH")
authority_budget	tests/unit/test_v7_users_autoswitch_policy.py	3391	test	self.assertEqual(after_policy["authority_budget"]["current_allowed_user_budget"], 10)
authority_budget	tests/unit/test_v7_users_autoswitch_policy.py	3392	test	self.assertEqual(after_policy["authority_budget"]["promotion_action"], "MEDIUM_BATCH_TO_LARGE_BATCH")
authority_budget	tests/unit/test_v7_users_autoswitch_policy.py	3393	test	self.assertEqual(after_policy["authority_budget"]["promotion_evidence"]["successful_medium_batch_runs"], 2)
authority_budget	tests/unit/test_v7_users_autoswitch_policy.py	3404	test	authority_budget={
authority_budget	tests/unit/test_v7_users_autoswitch_policy.py	3448	test	self.assertEqual(after_policy["authority_budget"]["authority_class"], "POOL")
authority_budget	tests/unit/test_v7_users_autoswitch_policy.py	3449	test	self.assertEqual(after_policy["authority_budget"]["current_allowed_user_budget"], 25)
authority_budget	tests/unit/test_v7_users_autoswitch_policy.py	3450	test	self.assertEqual(after_policy["authority_budget"]["promotion_action"], "LARGE_BATCH_TO_POOL")
authority_budget	tests/unit/test_v7_users_autoswitch_policy.py	3451	test	self.assertEqual(after_policy["authority_budget"]["promotion_evidence"]["successful_large_batch_runs"], 2)
authority_budget	tests/unit/test_v7_users_autoswitch_policy.py	3461	test	authority_budget={
authority_budget	tests/unit/test_v7_users_autoswitch_policy.py	3498	test	self.assertEqual(after_policy["authority_budget"]["authority_class"], "POOL")
authority_budget	tests/unit/test_v7_users_autoswitch_policy.py	3499	test	self.assertEqual(after_policy["authority_budget"]["current_allowed_user_budget"], 25)
authority_budget	tests/unit/test_v7_users_autoswitch_policy.py	3505	test	self.assertTrue(after_policy["authority_budget"]["promotion_evidence"]["equivalence_accepted"])
authority_budget	tests/unit/test_v7_users_autoswitch_policy.py	3516	test	authority_budget={
authority_budget	tests/unit/test_v7_users_autoswitch_policy.py	3562	test	authority_budget={
authority_budget	tests/unit/test_v7_users_autoswitch_policy.py	3612	test	authority_budget={
authority_budget	tests/unit/test_v7_users_autoswitch_policy.py	3659	test	authority_budget={
authority_budget	tests/unit/test_v7_users_autoswitch_policy.py	3701	test	authority_budget={
authority_budget	tests/unit/test_v7_users_autoswitch_policy.py	3750	test	authority_budget={
restore_barrier	tests/unit/test_v7_sync_tools.py	59	test	self.assertFalse(manifest["safety"]["restore_barrier_modified"])
restore_barrier	tests/unit/test_operator_decision_surface.py	380	test	"write_restore_barrier",
restore_barrier	tests/unit/test_operator_decision_surface.py	381	test	"restore_barrier_written_now",
selected_moves	tests/unit/test_operator_decision_surface.py	382	test	"selected_moves.append",
selected_moves	tests/unit/test_operator_decision_surface.py	383	test	"selected_moves =",
decisions	tests/unit/test_autonomy_trust_acceleration.py	172	test	self.assertEqual(batches["reviewable_decisions"], 2)
decisions	tests/unit/test_autonomy_trust_acceleration.py	214	test	base_model["current_decisions"][0],
selected_moves	tests/unit/test_autonomy_trust_acceleration.py	355	test	"selected_moves": [{"user": "10.7.0.2", "target": "awg0"}],
selected_moves	tests/unit/test_autonomy_trust_acceleration.py	360	test	"selected_moves": [{"user": "10.7.0.3", "target": "vless"}],
restore_barrier	tests/unit/test_autonomy_trust_acceleration.py	2000	test	self.assertFalse(enablement["restore_barrier_written_now"])
selected_move_count	tests/unit/test_autonomy_trust_acceleration.py	2013	test	"selected_move_count": 1,
selected_move_count	tests/unit/test_autonomy_trust_acceleration.py	2038	test	"selected_move_count": 3,
selected_move_count	tests/unit/test_autonomy_trust_acceleration.py	2070	test	"selected_move_count": 1,
selected_move_count	tests/unit/test_autonomy_trust_acceleration.py	2160	test	"selected_move_count": 1,
selected_move_count	tests/unit/test_autonomy_trust_acceleration.py	2238	test	"selected_move_count": 1,
selected_move_count	tests/unit/test_autonomy_trust_acceleration.py	2320	test	"selected_move_count": 1,
selected_move_count	tests/unit/test_autonomy_trust_acceleration.py	2406	test	"selected_move_count": 1,
selected_move_count	tests/unit/test_autonomy_trust_acceleration.py	2500	test	"selected_move_count": 1,
selected_move_count	tests/unit/test_autonomy_trust_acceleration.py	3322	test	"selected_move_count": 1,
selected_move_count	tests/unit/test_autonomy_trust_acceleration.py	3398	test	"selected_move_count": 1,
selected_move_count	tests/unit/test_autonomy_trust_acceleration.py	3477	test	"selected_move_count": 1,
decisions	tests/unit/test_autonomy_trust_acceleration.py	3671	test	decisions = {row["item"]: row["status"] for row in certification["decision_completeness"]}
decisions	tests/unit/test_autonomy_trust_acceleration.py	3673	test	self.assertEqual(decisions[item], "EXISTS")
decisions	tests/unit/test_autonomy_trust_acceleration.py	3674	test	self.assertEqual(decisions["QUARANTINE"], "PARTIAL")
decisions	tests/unit/test_autonomy_trust_acceleration.py	3675	test	self.assertEqual(decisions["RECOVER"], "PARTIAL")
recommended_egress	tests/unit/test_api3_read_only_views.py	72	test	self.assertEqual(expected["user_required_routes"][0]["recommended_egress"], "fast")
restore_barrier	tests/unit/test_ctr_i2_review_required.py	68	test	self.assertEqual(contract["ctr_authority"]["restore_barrier_write_authority"], "none")
restore_barrier	tests/unit/test_ctr_i2_review_required.py	75	test	def test_review_required_code_does_not_call_runtime_or_restore_barrier(self):
restore_barrier	tests/unit/test_ctr_i2_review_required.py	85	test	"write_restore_barrier",
restore_barrier	tests/unit/test_ctr_i2_review_required.py	86	test	"append_restore_barrier",
operation_id	tests/unit/test_operator_observability.py	168	test	ids = [item["operation_id"] for item in archive["timeline"]]
operation_id	tests/unit/test_operator_observability.py	191	test	self.assertIn("E12_TEST_REPORT", detail["operation"]["operation_id"])
selected_moves	tests/unit/test_intelligence_workers.py	379	test	"selected_moves": [{"user": "10.7.0.2", "target": "awg0"}],
selected_moves	tests/unit/test_intelligence_workers.py	405	test	"selected_moves": [{"user": "10.7.0.2", "target": "awg0"}],
selected_move_count	tests/unit/test_intelligence_workers.py	461	test	"execution_outcome": {"success": True, "result": "applied", "selected_move_count": 2},
selected_moves	tests/unit/test_intelligence_workers.py	507	test	"selected_moves": [{"user": "10.7.0.2", "target": "awg0"}],
selected_moves	tests/unit/test_intelligence_workers.py	543	test	"selected_moves": [{"user": "10.7.0.9", "target": "vless"}],
selected_moves	tests/unit/test_intelligence_workers.py	596	test	"selected_moves": [{"user": "10.7.0.2", "target": "awg0"}],
operation_id	tests/unit/test_intelligence_workers.py	626	test	{"schema_version": "v7.switch-history.v1", "result": "noop", "operation_id": f"recent_{index}"}
operation_id	tests/unit/test_intelligence_workers.py	714	test	{"schema_version": "v7.switch-history.v1", "result": "noop", "operation_id": f"switch_{i}"}
selected_moves	tests/unit/test_intelligence_workers.py	748	test	"selected_moves": [{"user": "10.7.0.2", "target": "awg0"}],
selected_moves	tests/unit/test_intelligence_workers.py	772	test	self.assertEqual(workers.build_candidate_outcome_rows([{"bad": object()}], [{"selected_moves": ["bad"], "result": object()}]), [])
selected_moves	tests/unit/test_intelligence_workers.py	835	test	(audit / "audit.jsonl").write_text(json.dumps({"result": "OK", "selected_moves": [{"user": "10.7.0.2", "target": "awg0"}]}) + "\n", encoding="utf-8")
operation_id	tests/unit/test_intelligence_workers.py	953	test	"operation_id": f"switch_{i}",
restore_barrier	tests/unit/test_egress_quality_compact_lifecycle.py	134	test	def test_compactor_skips_write_during_active_restore_barrier_clearance(self):
selected_moves	tests/unit/test_egress_quality_compact_lifecycle.py	141	test	"clearance_expected_selected_moves": 5,
selected_moves	tests/unit/test_egress_quality_compact_lifecycle.py	142	test	"approved_selected_moves_hash": "unit-test-selected-moves",
restore_barrier	tests/unit/test_egress_quality_compact_lifecycle.py	155	test	payload["restore_barrier_pause"]["reason"],
restore_barrier	tests/unit/test_egress_quality_compact_lifecycle.py	156	test	"active_restore_barrier_clearance_window",
authority_budget	tests/unit/test_best_available_pool_policy.py	110	test	"authority_budget": {
decisions	tests/unit/test_best_available_pool_policy.py	156	test	return next(row for row in plan["decisions"][0]["candidates"] if row["egress"] == egress)
selected_moves	tests/unit/test_best_available_pool_policy.py	181	test	targets = {move["recommended_egress"] for move in plan["selected_moves"]}
selected_moves	tests/unit/test_best_available_pool_policy.py	189	test	targets = [move["recommended_egress"] for move in plan["selected_moves"]]
selected_moves	tests/unit/test_best_available_pool_policy.py	208	test	self.assertEqual(plan["summary"]["selected_moves"], 0)
decisions	tests/unit/test_best_available_pool_policy.py	209	test	self.assertIn("sticky_keep_current", plan["decisions"][0]["reason"])
selected_moves	tests/unit/test_ctr_i1_no_bypass.py	43	test	self.assertIn('"selected_moves_write_authority": "none"', source)
restore_barrier	tests/unit/test_ctr_i1_no_bypass.py	54	test	"write_restore_barrier",
restore_barrier	tests/unit/test_ctr_i1_no_bypass.py	84	test	self.assertEqual(contract["ctr_authority"]["restore_barrier_write_authority"], "none")
proposal	tests/unit/test_p2_7_candidate_workflow.py	30	test	"proposal_references": ["prop_p2_7"],
affected_users	tests/unit/test_p2_7_candidate_workflow.py	33	test	"affected_users": ["10.7.0.11"],
proposal	tests/unit/test_p2_7_candidate_workflow.py	38	test	"source_of_truth": "proposal_store_plus_draft_preview",
proposal	tests/unit/test_p2_7_candidate_workflow.py	39	test	"lineage": {"proposal_id": "prop_p2_7", "draft_id": "draft_p2_7"},
proposal	tests/unit/test_p2_7_candidate_workflow.py	101	test	def test_workflow_consistency_fails_closed_without_proposal(self):
proposal	tests/unit/test_p2_7_candidate_workflow.py	104	test	candidate["proposal_references"] = []
selected_moves	tests/unit/test_v7_restore_settle_gate.py	35	test	selected_moves: int = 0,
selected_moves	tests/unit/test_v7_restore_settle_gate.py	47	test	"selected_moves": selected_moves,
selected_moves	tests/unit/test_v7_restore_settle_gate.py	48	test	"candidate_moves_total": selected_moves,
selected_moves	tests/unit/test_v7_restore_settle_gate.py	80	test	def test_selected_moves_is_no_go(self):
selected_moves	tests/unit/test_v7_restore_settle_gate.py	84	test	self.write_sample(root, 1, selected_moves=1)
selected_moves	tests/unit/test_v7_restore_settle_gate.py	88	test	self.assertIn("selected_moves_observed", report["reasons"])
selected_moves	tests/unit/test_channel_trust_recovery.py	27	test	decision_records=[{"result": "success", "selected_moves": [{"user": "10.0.0.2", "target": "vless"}]}],
selected_moves	tests/unit/test_channel_trust_recovery.py	55	test	decision_records=[{"result": "success", "selected_moves": [{"user": "10.0.0.2", "target": "awg0"}]}],
selected_moves	tests/unit/test_channel_trust_recovery.py	76	test	{"result": "failed", "selected_moves": [{"user": "10.0.0.2", "target": "awg3"}]},
selected_moves	tests/unit/test_channel_trust_recovery.py	77	test	{"result": "failed", "selected_moves": [{"user": "10.0.0.3", "target": "awg3"}]},
selected_moves	tests/unit/test_channel_trust_recovery.py	98	test	{"result": "failed", "selected_moves": [{"user": "10.0.0.2", "target": "awg0"}]},
selected_moves	tests/unit/test_channel_trust_recovery.py	99	test	{"result": "success", "selected_moves": [{"user": "10.0.0.2", "target": "awg0"}]},
selected_moves	tests/unit/test_channel_trust_recovery.py	120	test	{"result": "rollback_success", "rollback_completed": True, "selected_moves": [{"user": "10.0.0.2", "target": "awg0"}]},
decisions	tests/unit/test_service_aware_policy.py	170	test	return next(row for row in plan["decisions"][0]["candidates"] if row["egress"] == egress)
selected_moves	tests/unit/test_service_aware_policy.py	185	test	self.assertEqual(plan["summary"]["selected_moves"], 1)
selected_moves	tests/unit/test_service_aware_policy.py	255	test	self.assertEqual(plan["summary"]["selected_moves"], 0)
decisions	tests/unit/test_service_aware_policy.py	256	test	self.assertIn("current_is_best", plan["decisions"][0]["reason"])
restore_barrier	tests/unit/test_operator_execution_pipeline.py	397	test	self.assertEqual(owners["restore_barrier"], pipeline.CANONICAL_PACKET_OWNER)
restore_barrier	tests/unit/test_operator_execution_pipeline.py	404	test	"restore_barrier",
restore_barrier	tests/unit/test_operator_execution_pipeline.py	441	test	"restore_barrier",
restore_barrier	tests/unit/test_operator_execution_pipeline.py	452	test	self.assertEqual(rows["restore_barrier"]["owner"], pipeline.CANONICAL_PACKET_OWNER)
restore_barrier	tests/unit/test_operator_execution_pipeline.py	479	test	self.assertFalse(s4["safety"]["restore_barrier_written_now"])
selected_move_count	tests/unit/test_operator_execution_pipeline.py	497	test	planner_result={"stage": "planner", "elapsed_ms": 12.5, "operation": {"selected_move_count": 2}},
affected_users	tests/unit/test_operator_execution_pipeline.py	499	test	{"contract_id": "contract-1", "stage": "packet", "duration_ms": 4, "affected_users": ["10.0.0.3", "10.0.0.6"]},
restore_barrier	tests/unit/test_operator_execution_pipeline.py	500	test	{"contract_id": "contract-1", "stage": "restore_barrier", "elapsed_sec": 0.25},
restore_barrier	tests/unit/test_operator_execution_pipeline.py	518	test	self.assertEqual(metrics["restore_barrier_duration_ms"]["value"], 250.0)
restore_barrier	tests/unit/test_operator_execution_pipeline.py	534	test	self.assertEqual(owners["restore_barrier"], pipeline.CANONICAL_PACKET_OWNER)
affected_users	tests/unit/test_operator_execution_pipeline.py	543	test	{"contract_id": "contract-1", "stage": "packet", "duration_ms": 8, "affected_users": ["10.0.0.3"], "created_at": "2026-06-08T10:00:00Z"},
decisions	tests/unit/test_operator_execution_pipeline.py	554	test	"current_decisions": [{"decision_id": "shadow-1", "user": "10.0.0.3"}],
decisions	tests/unit/test_operator_execution_pipeline.py	557	test	"quality": {"decisions_total": 1, "agreement_rate": 1.0, "override_rate": 0.0},
candidate_moves_total	tests/unit/test_operator_execution_pipeline.py	593	test	self.assertEqual(dashboard["planner_status"]["candidate_moves_total"], 1)
decisions	tests/unit/test_operator_execution_pipeline.py	597	test	self.assertEqual(dashboard["shadow_autonomy"]["decisions_total"], 1)
affected_users	tests/unit/test_operator_execution_pipeline.py	609	test	{"contract_id": "contract-1", "stage": "packet", "duration_ms": 8, "affected_users": ["10.0.0.3", "10.0.0.6"]},
selected_move_count	tests/unit/test_operator_execution_pipeline.py	630	test	planner_result={"stage": "planner", "duration_ms": 15, "operation": {"selected_move_count": 2}},
affected_users	tests/unit/test_operator_execution_pipeline.py	632	test	{"contract_id": "contract-1", "stage": "packet", "duration_ms": 5, "affected_users": ["10.0.0.3", "10.0.0.6"]},
restore_barrier	tests/unit/test_operator_execution_pipeline.py	633	test	{"contract_id": "contract-1", "stage": "restore_barrier", "duration_ms": 10},
restore_barrier	tests/unit/test_operator_execution_pipeline.py	1103	test	self.assertEqual(first["restore_barrier_preview"]["readiness"], "READY_FOR_REVIEW")
operation_id	tests/unit/test_operator_execution_pipeline.py	1157	test	self.assertEqual(approval_prompt["operation_id"], cycle["packet_preview"]["operation_id"])
selected_move_hash	tests/unit/test_operator_execution_pipeline.py	1158	test	self.assertEqual(approval_prompt["selected_move_hash"], cycle["packet_preview"]["selected_move_hash"])
operation_id	tests/unit/test_operator_execution_pipeline.py	1172	test	self.assertIn(cycle["packet_preview"]["operation_id"], approval_prompt["approval_command_text"])
selected_move_hash	tests/unit/test_operator_execution_pipeline.py	1173	test	self.assertIn(cycle["packet_preview"]["selected_move_hash"], approval_prompt["approval_command_text"])
restore_barrier	tests/unit/test_operator_execution_pipeline.py	1175	test	self.assertFalse(approval_prompt["restore_barrier_written_now"])
operation_id	tests/unit/test_operator_execution_pipeline.py	1205	test	self.assertEqual(action_class["packet_to_action_class_mapping"]["operation_id"], cycle["packet_preview"]["operation_id"])
selected_move_hash	tests/unit/test_operator_execution_pipeline.py	1206	test	self.assertEqual(action_class["packet_to_action_class_mapping"]["selected_move_hash"], cycle["packet_preview"]["selected_move_hash"])
restore_barrier	tests/unit/test_operator_execution_pipeline.py	1211	test	self.assertFalse(action_class["restore_barrier_written_now"])
operation_id	tests/unit/test_operator_execution_pipeline.py	1227	test	"operation_id",
selected_move_hash	tests/unit/test_operator_execution_pipeline.py	1231	test	"selected_move_hash",
operation_id	tests/unit/test_operator_execution_pipeline.py	1259	test	self.assertEqual(lifecycle["operation_id"], cycle["packet_preview"]["operation_id"])
selected_move_hash	tests/unit/test_operator_execution_pipeline.py	1261	test	self.assertEqual(lifecycle["selected_move_hash"], cycle["packet_preview"]["selected_move_hash"])
restore_barrier	tests/unit/test_operator_execution_pipeline.py	1267	test	self.assertFalse(lifecycle["restore_barrier_written_now"])
selected_move_hash	tests/unit/test_operator_execution_pipeline.py	1290	test	self.assertNotEqual(first["packet_preview"]["selected_move_hash"], changed["packet_preview"]["selected_move_hash"])
selected_move_hash	tests/unit/test_operator_execution_pipeline.py	1309	test	self.assertEqual(first["packet_preview"]["selected_move_hash"], refreshed["packet_preview"]["selected_move_hash"])
selected_move_hash	tests/unit/test_operator_execution_pipeline.py	1329	test	self.assertNotEqual(first["packet_preview"]["selected_move_hash"], changed["packet_preview"]["selected_move_hash"])
operation_id	tests/unit/test_operator_execution_pipeline.py	1360	test	preview["operation_id"],
selected_move_hash	tests/unit/test_operator_execution_pipeline.py	1362	test	preview["selected_move_hash"],
selected_move_hash	tests/unit/test_operator_execution_pipeline.py	1405	test	self.assertEqual(refreshed["packet_preview"]["selected_move_hash"], first["packet_preview"]["selected_move_hash"])
restore_barrier	tests/unit/test_operator_execution_pipeline.py	1478	test	self.assertFalse(cycle["approval_prompt"]["restore_barrier_written_now"])
restore_barrier	tests/unit/test_governed_canary_cli.py	58	test	restore_barrier_file=str(root / "state" / "autoswitch-restore-barrier.json"),
operation_id	tests/unit/test_governed_canary_cli.py	64	test	approved_operation_id="",
selected_move_hash	tests/unit/test_governed_canary_cli.py	65	test	approved_selected_move_hash="",
operation_id	tests/unit/test_governed_canary_cli.py	78	test	"operation_id": "govdry_test",
selected_move_hash	tests/unit/test_governed_canary_cli.py	81	test	"selected_move_hash": "hash_test",
selected_move_count	tests/unit/test_governed_canary_cli.py	82	test	"selected_move_count": 1,
operation_id	tests/unit/test_governed_canary_cli.py	147	test	"operation_id": "runtime_autoswitch_test",
selected_moves	tests/unit/test_governed_canary_cli.py	149	test	"terminal_reason": "selected_moves_applied",
proposal	tests/unit/test_governed_canary_cli.py	178	test	for line in (root / "state" / "proposal-records.jsonl").read_text(encoding="utf-8").splitlines()
restore_barrier	tests/unit/test_governed_canary_cli.py	190	test	self.assertTrue(result["restore_barrier_written_now"])
operation_id	tests/unit/test_governed_canary_cli.py	219	test	"operation_id": "govdry_rollback",
selected_move_hash	tests/unit/test_governed_canary_cli.py	220	test	"expected": {"selected_move_hash": "hash_rollback"},
operation_id	tests/unit/test_governed_canary_cli.py	240	test	"operation_id": "runtime_autoswitch_rollback",
terminal_reason	tests/unit/test_governed_canary_cli.py	242	test	"terminal_reason": "verification_failed_rollback_completed",
proposal	tests/unit/test_governed_canary_cli.py	260	test	for line in (state / "proposal-records.jsonl").read_text(encoding="utf-8").splitlines()
operation_id	tests/unit/test_governed_canary_cli.py	643	test	"operation_id": "runtime_autoswitch_test",
selected_moves	tests/unit/test_governed_canary_cli.py	645	test	"terminal_reason": "selected_moves_applied",
restore_barrier	tests/unit/test_governed_canary_cli.py	712	test	self.assertEqual(result["duplicate_guard_stage"], "pre_lease_pre_restore_barrier_pre_apply")
proposal	admin/v7-admin-api	88	admin_read_model_or_operator_api	PROPOSAL_STORE_FILE = Path(os.environ.get("V7_PROPOSAL_STORE_FILE", str(STATE_DIR / "proposal-records.jsonl")))
decisions	admin/v7-admin-api	95	admin_read_model_or_operator_api	SHADOW_AUTONOMY_LOG_FILE = Path(os.environ.get("V7_SHADOW_AUTONOMY_LOG_FILE", str(STATE_DIR / "shadow-autonomy-decisions.jsonl")))
proposal	admin/v7-admin-api	750	admin_read_model_or_operator_api	"/api/proposals": "viewer",
proposal	admin/v7-admin-api	8338	admin_read_model_or_operator_api	return None, {"error": "invalid_pool_preview_proposal"}
decisions	admin/v7-admin-api	9201	admin_read_model_or_operator_api	"kill_switch_guard": "enable does not edit firewall rules; route use still depends on separate routing/failover/rebalance decisions",
proposal	admin/v7-admin-api	10433	admin_read_model_or_operator_api	EVIDENCE_OBJECT_TYPES = {"user", "channel", "route", "alert", "proposal", "release", "backup", "restore", "check", "log", "system"}
proposal	admin/v7-admin-api	10909	admin_read_model_or_operator_api	PROPOSAL_OBJECT_TYPES = {"user", "channel", "route", "alert", "proposal", "release", "backup", "restore", "check", "log", "system"}
proposal	admin/v7-admin-api	10916	admin_read_model_or_operator_api	{"step": "Policy", "status": "future_gate", "summary": "Policy допускает или отклоняет proposal."},
affected_users	admin/v7-admin-api	10924	admin_read_model_or_operator_api	def proposal_record(proposal_id, proposal_type, status, confidence, severity, reason, *, affected_users=None, current_target="", proposed_target="", required_services=None, evidence_bundle_id="", expected_benefit="", rollback_hint="", object_links=None, timeli
proposal	admin/v7-admin-api	10928	admin_read_model_or_operator_api	proposal_type = str(proposal_type or "OBSERVATION").upper()
proposal	admin/v7-admin-api	10933	admin_read_model_or_operator_api	"proposal_id": safe_evidence_token(proposal_id, evidence_hash("proposal", proposal_type, evidence_bundle_id, reason)),
proposal	admin/v7-admin-api	10934	admin_read_model_or_operator_api	"proposal_type": proposal_type if proposal_type in PROPOSAL_TYPES else "OBSERVATION",
affected_users	admin/v7-admin-api	10939	admin_read_model_or_operator_api	"affected_users": [safe_evidence_token(user, "") for user in (affected_users or []) if safe_evidence_token(user, "")],
proposal	admin/v7-admin-api	10960	admin_read_model_or_operator_api	proposal_link_row = {"object_type": "proposal", "object_id": record["proposal_id"], "label": "proposal"}
proposal	admin/v7-admin-api	10961	admin_read_model_or_operator_api	if ("proposal", record["proposal_id"]) not in {(l.get("object_type"), l.get("object_id")) for l in record["object_links"] if isinstance(l, dict)}:
proposal	admin/v7-admin-api	10962	admin_read_model_or_operator_api	record["object_links"].insert(0, proposal_link_row)
proposal	admin/v7-admin-api	10966	admin_read_model_or_operator_api	def normalize_proposal_record(row):
proposal	admin/v7-admin-api	10969	admin_read_model_or_operator_api	return proposal_record(
proposal	admin/v7-admin-api	10970	admin_read_model_or_operator_api	row.get("proposal_id") or row.get("id") or evidence_hash("proposal", row.get("proposal_type"), row.get("evidence_bundle_id"), row.get("reason")),
proposal	admin/v7-admin-api	10971	admin_read_model_or_operator_api	row.get("proposal_type") or "OBSERVATION",
affected_users	admin/v7-admin-api	10976	admin_read_model_or_operator_api	affected_users=row.get("affected_users") or [],
proposal	admin/v7-admin-api	10991	admin_read_model_or_operator_api	def proposal_store_records():
proposal	admin/v7-admin-api	11000	admin_read_model_or_operator_api	item = normalize_proposal_record(json.loads(line))
proposal	admin/v7-admin-api	11030	admin_read_model_or_operator_api	def proposal_timeline_from_evidence(evidence_id, status="OBSERVED", summary=""):
proposal	admin/v7-admin-api	11046	admin_read_model_or_operator_api	"source": "proposal_generator",
proposal	admin/v7-admin-api	11051	admin_read_model_or_operator_api	def generated_proposals(limit=160):
proposal	admin/v7-admin-api	11068	admin_read_model_or_operator_api	proposals = []
recommended_egress	admin/v7-admin-api	11078	admin_read_model_or_operator_api	if status == "SWITCH_AVAILABLE" and row.get("recommended_egress"):
proposal	admin/v7-admin-api	11079	admin_read_model_or_operator_api	proposals.append(proposal_record(
recommended_egress	admin/v7-admin-api	11080	admin_read_model_or_operator_api	evidence_hash("proposal-move", ip, row.get("current_egress"), row.get("recommended_egress"), evidence_id),
affected_users	admin/v7-admin-api	11086	admin_read_model_or_operator_api	affected_users=[ip],
current_egress	admin/v7-admin-api	11087	admin_read_model_or_operator_api	current_target=row.get("current_egress") or users_by_ip[ip].get("current", ""),
recommended_egress	admin/v7-admin-api	11088	admin_read_model_or_operator_api	proposed_target=row.get("recommended_egress") or "",
current_egress	admin/v7-admin-api	11092	admin_read_model_or_operator_api	rollback_hint=f"{ip} возвращается на {row.get('current_egress') or users_by_ip[ip].get('current', '')} через governance rollback.",
recommended_egress	admin/v7-admin-api	11093	admin_read_model_or_operator_api	object_links=[evidence_link("user", ip), evidence_link("route", "reality"), evidence_link("channel", row.get("recommended_egress") or "")],
proposal	admin/v7-admin-api	11094	admin_read_model_or_operator_api	timeline=proposal_timeline_from_evidence(evidence_id, "REVIEW_REQUIRED", "Найден target-кандидат по service matrix."),
proposal	admin/v7-admin-api	11097	admin_read_model_or_operator_api	proposals.append(proposal_record(
proposal	admin/v7-admin-api	11098	admin_read_model_or_operator_api	evidence_hash("proposal-observe-services", ip, ",".join(required), evidence_id),
affected_users	admin/v7-admin-api	11104	admin_read_model_or_operator_api	affected_users=[ip],
current_egress	admin/v7-admin-api	11105	admin_read_model_or_operator_api	current_target=row.get("current_egress") or users_by_ip[ip].get("current", ""),
proposal	admin/v7-admin-api	11112	admin_read_model_or_operator_api	timeline=proposal_timeline_from_evidence(evidence_id, "ACTIVE", "Service matrix не даёт безопасного кандидата."),
proposal	admin/v7-admin-api	11118	admin_read_model_or_operator_api	proposals.append(proposal_record(
proposal	admin/v7-admin-api	11119	admin_read_model_or_operator_api	evidence_hash("proposal-route-review", ",".join(affected), route_evidence_id),
affected_users	admin/v7-admin-api	11125	admin_read_model_or_operator_api	affected_users=affected,
proposal	admin/v7-admin-api	11133	admin_read_model_or_operator_api	timeline=proposal_timeline_from_evidence(route_evidence_id, "REVIEW_REQUIRED", "Route reality ждёт review."),
proposal	admin/v7-admin-api	11148	admin_read_model_or_operator_api	proposals.append(proposal_record(
proposal	admin/v7-admin-api	11149	admin_read_model_or_operator_api	evidence_hash("proposal-rebalance", egress_id, len(users_on_channel), hard_limit, evidence_id),
affected_users	admin/v7-admin-api	11155	admin_read_model_or_operator_api	affected_users=users_on_channel[:30],
proposal	admin/v7-admin-api	11163	admin_read_model_or_operator_api	timeline=proposal_timeline_from_evidence(evidence_id, "REVIEW_REQUIRED", "Capacity limit превышен."),
proposal	admin/v7-admin-api	11166	admin_read_model_or_operator_api	proposals.append(proposal_record(
proposal	admin/v7-admin-api	11167	admin_read_model_or_operator_api	evidence_hash("proposal-evacuate", egress_id, ",".join(users_on_channel[:8]), evidence_id),
affected_users	admin/v7-admin-api	11173	admin_read_model_or_operator_api	affected_users=users_on_channel[:30],
proposal	admin/v7-admin-api	11181	admin_read_model_or_operator_api	timeline=proposal_timeline_from_evidence(evidence_id, "REVIEW_REQUIRED", "Состояние канала ждёт review."),
proposal	admin/v7-admin-api	11184	admin_read_model_or_operator_api	proposals.append(proposal_record(
proposal	admin/v7-admin-api	11185	admin_read_model_or_operator_api	evidence_hash("proposal-channel-observe", egress_id, evidence_id),
proposal	admin/v7-admin-api	11190	admin_read_model_or_operator_api	f"Канал {egress_id} добавлен в наблюдение proposal layer.",
affected_users	admin/v7-admin-api	11191	admin_read_model_or_operator_api	affected_users=users_on_channel[:30],
proposal	admin/v7-admin-api	11199	admin_read_model_or_operator_api	timeline=proposal_timeline_from_evidence(evidence_id, "OBSERVED", "Канал наблюдается без runtime-действий."),
proposal	admin/v7-admin-api	11205	admin_read_model_or_operator_api	proposals.append(proposal_record(
proposal	admin/v7-admin-api	11206	admin_read_model_or_operator_api	evidence_hash("proposal-state-observation", state_bundle.get("status"), state_evidence_id),
proposal	admin/v7-admin-api	11211	admin_read_model_or_operator_api	"Снимок состояния V7 используется как базовое наблюдение proposal layer.",
affected_users	admin/v7-admin-api	11212	admin_read_model_or_operator_api	affected_users=[],
proposal	admin/v7-admin-api	11220	admin_read_model_or_operator_api	timeline=proposal_timeline_from_evidence(state_evidence_id, state_bundle.get("status") or "OBSERVED", "System evidence подключён к proposal layer."),
proposal	admin/v7-admin-api	11223	admin_read_model_or_operator_api	return [p for p in proposals if p][:limit]
proposal	admin/v7-admin-api	11226	admin_read_model_or_operator_api	def generated_user_proposals(ip):
proposal	admin/v7-admin-api	11237	admin_read_model_or_operator_api	proposals = []
recommended_egress	admin/v7-admin-api	11245	admin_read_model_or_operator_api	if status == "SWITCH_AVAILABLE" and row.get("recommended_egress"):
proposal	admin/v7-admin-api	11246	admin_read_model_or_operator_api	proposals.append(proposal_record(
recommended_egress	admin/v7-admin-api	11247	admin_read_model_or_operator_api	evidence_hash("proposal-move", ip, row.get("current_egress"), row.get("recommended_egress"), evidence_id),
affected_users	admin/v7-admin-api	11253	admin_read_model_or_operator_api	affected_users=[ip],
current_egress	admin/v7-admin-api	11254	admin_read_model_or_operator_api	current_target=row.get("current_egress") or user.get("current", ""),
recommended_egress	admin/v7-admin-api	11255	admin_read_model_or_operator_api	proposed_target=row.get("recommended_egress") or "",
current_egress	admin/v7-admin-api	11259	admin_read_model_or_operator_api	rollback_hint=f"{ip} возвращается на {row.get('current_egress') or user.get('current', '')} через governance rollback.",
recommended_egress	admin/v7-admin-api	11260	admin_read_model_or_operator_api	object_links=[evidence_link("user", ip), evidence_link("route", "reality"), evidence_link("channel", row.get("recommended_egress") or "")],
proposal	admin/v7-admin-api	11261	admin_read_model_or_operator_api	timeline=proposal_timeline_from_evidence(evidence_id, "REVIEW_REQUIRED", "Найден target-кандидат по service matrix."),
proposal	admin/v7-admin-api	11264	admin_read_model_or_operator_api	proposals.append(proposal_record(
proposal	admin/v7-admin-api	11265	admin_read_model_or_operator_api	evidence_hash("proposal-observe-services", ip, ",".join(required), evidence_id),
affected_users	admin/v7-admin-api	11271	admin_read_model_or_operator_api	affected_users=[ip],
current_egress	admin/v7-admin-api	11272	admin_read_model_or_operator_api	current_target=row.get("current_egress") or user.get("current", ""),
proposal	admin/v7-admin-api	11279	admin_read_model_or_operator_api	timeline=proposal_timeline_from_evidence(evidence_id, "ACTIVE", "Service matrix не даёт безопасного кандидата."),
proposal	admin/v7-admin-api	11282	admin_read_model_or_operator_api	if not proposals and str(readiness.get("status") or "").upper() not in {"", "OK", "READY", "CONNECTED"}:
proposal	admin/v7-admin-api	11283	admin_read_model_or_operator_api	proposals.append(proposal_record(
proposal	admin/v7-admin-api	11284	admin_read_model_or_operator_api	evidence_hash("proposal-user-observe", ip, readiness.get("status"), evidence_id),
affected_users	admin/v7-admin-api	11290	admin_read_model_or_operator_api	affected_users=[ip],
proposal	admin/v7-admin-api	11298	admin_read_model_or_operator_api	timeline=proposal_timeline_from_evidence(evidence_id, "ACTIVE", "User state требует review."),
proposal	admin/v7-admin-api	11300	admin_read_model_or_operator_api	return [p for p in proposals if p]
proposal	admin/v7-admin-api	11303	admin_read_model_or_operator_api	def all_proposals():
proposal	admin/v7-admin-api	11306	admin_read_model_or_operator_api	for item in proposal_store_records() + generated_proposals():
proposal	admin/v7-admin-api	11307	admin_read_model_or_operator_api	if item and item.get("proposal_id") and item.get("evidence_bundle_id"):
proposal	admin/v7-admin-api	11308	admin_read_model_or_operator_api	by_id[item["proposal_id"]] = item
proposal	admin/v7-admin-api	11311	admin_read_model_or_operator_api	return cached_read_only_model("all_proposals", build)
proposal	admin/v7-admin-api	11314	admin_read_model_or_operator_api	def proposals_for_object(object_type, object_id):
proposal	admin/v7-admin-api	11319	admin_read_model_or_operator_api	for item in proposal_store_records() + generated_user_proposals(object_id):
proposal	admin/v7-admin-api	11320	admin_read_model_or_operator_api	if item and item.get("proposal_id") and proposal_matches_object(item, object_type, object_id):
proposal	admin/v7-admin-api	11321	admin_read_model_or_operator_api	by_id[item["proposal_id"]] = item
proposal	admin/v7-admin-api	11323	admin_read_model_or_operator_api	return [p for p in all_proposals() if proposal_matches_object(p, object_type, object_id)]
proposal	admin/v7-admin-api	11326	admin_read_model_or_operator_api	def proposal_matches_object(proposal, object_type, object_id):
proposal	admin/v7-admin-api	11331	admin_read_model_or_operator_api	if object_type == "proposal" and proposal.get("proposal_id") == object_id:
affected_users	admin/v7-admin-api	11333	admin_read_model_or_operator_api	if object_type == "user" and object_id in (proposal.get("affected_users") or []):
proposal	admin/v7-admin-api	11335	admin_read_model_or_operator_api	if object_type == "channel" and object_id in (proposal.get("current_target"), proposal.get("proposed_target")):
proposal	admin/v7-admin-api	11337	admin_read_model_or_operator_api	for link in proposal.get("object_links") or []:
proposal	admin/v7-admin-api	11340	admin_read_model_or_operator_api	evidence_id = proposal.get("evidence_bundle_id", "")
proposal	admin/v7-admin-api	11345	admin_read_model_or_operator_api	def proposal_summary_item(proposal):
proposal	admin/v7-admin-api	11346	admin_read_model_or_operator_api	proposal = attach_operational_metadata(
proposal	admin/v7-admin-api	11347	admin_read_model_or_operator_api	proposal,
proposal	admin/v7-admin-api	11348	admin_read_model_or_operator_api	"proposal",
proposal	admin/v7-admin-api	11349	admin_read_model_or_operator_api	proposal.get("proposal_id", ""),
proposal	admin/v7-admin-api	11354	admin_read_model_or_operator_api	"proposal_id": proposal.get("proposal_id", ""),
proposal	admin/v7-admin-api	11355	admin_read_model_or_operator_api	"proposal_type": proposal.get("proposal_type", ""),
proposal	admin/v7-admin-api	11356	admin_read_model_or_operator_api	"status": proposal.get("status", ""),
proposal	admin/v7-admin-api	11357	admin_read_model_or_operator_api	"confidence": proposal.get("confidence", ""),
proposal	admin/v7-admin-api	11358	admin_read_model_or_operator_api	"severity": proposal.get("severity", ""),
proposal	admin/v7-admin-api	11359	admin_read_model_or_operator_api	"reason": proposal.get("reason", ""),
affected_users	admin/v7-admin-api	11360	admin_read_model_or_operator_api	"affected_users": proposal.get("affected_users", []),
proposal	admin/v7-admin-api	11361	admin_read_model_or_operator_api	"current_target": proposal.get("current_target", ""),
proposal	admin/v7-admin-api	11362	admin_read_model_or_operator_api	"proposed_target": proposal.get("proposed_target", ""),
proposal	admin/v7-admin-api	11363	admin_read_model_or_operator_api	"required_services": proposal.get("required_services", []),
proposal	admin/v7-admin-api	11364	admin_read_model_or_operator_api	"evidence_bundle_id": proposal.get("evidence_bundle_id", ""),
proposal	admin/v7-admin-api	11365	admin_read_model_or_operator_api	"expected_benefit": proposal.get("expected_benefit", ""),
proposal	admin/v7-admin-api	11366	admin_read_model_or_operator_api	"rollback_hint": proposal.get("rollback_hint", ""),
proposal	admin/v7-admin-api	11367	admin_read_model_or_operator_api	"closure_state": proposal.get("closure_state", ""),
proposal	admin/v7-admin-api	11368	admin_read_model_or_operator_api	"closure_reason": proposal.get("closure_reason", ""),
proposal	admin/v7-admin-api	11369	admin_read_model_or_operator_api	"closure_actor": proposal.get("closure_actor", ""),
proposal	admin/v7-admin-api	11370	admin_read_model_or_operator_api	"closure_timestamp": proposal.get("closure_timestamp", ""),
proposal	admin/v7-admin-api	11371	admin_read_model_or_operator_api	"freshness_state": proposal.get("freshness_state", ""),
proposal	admin/v7-admin-api	11372	admin_read_model_or_operator_api	"freshness_age_sec": proposal.get("freshness_age_sec"),
proposal	admin/v7-admin-api	11373	admin_read_model_or_operator_api	"freshness_ttl_sec": proposal.get("freshness_ttl_sec"),
proposal	admin/v7-admin-api	11374	admin_read_model_or_operator_api	"retention_state": proposal.get("retention_state", ""),
proposal	admin/v7-admin-api	11375	admin_read_model_or_operator_api	"retention_days": proposal.get("retention_days"),
proposal	admin/v7-admin-api	11376	admin_read_model_or_operator_api	"created_at": proposal.get("created_at", ""),
proposal	admin/v7-admin-api	11377	admin_read_model_or_operator_api	"updated_at": proposal.get("updated_at", ""),
proposal	admin/v7-admin-api	11378	admin_read_model_or_operator_api	"source": proposal.get("source", ""),
proposal	admin/v7-admin-api	11384	admin_read_model_or_operator_api	def proposal_list_response(query):
proposal	admin/v7-admin-api	11386	admin_read_model_or_operator_api	proposals = [
proposal	admin/v7-admin-api	11389	admin_read_model_or_operator_api	"proposal",
proposal	admin/v7-admin-api	11390	admin_read_model_or_operator_api	p.get("proposal_id", ""),
proposal	admin/v7-admin-api	11394	admin_read_model_or_operator_api	for p in all_proposals()
proposal	admin/v7-admin-api	11398	admin_read_model_or_operator_api	proposal_type = str((params.get("proposal_type") or params.get("type") or [""])[0] or "").upper()
proposal	admin/v7-admin-api	11403	admin_read_model_or_operator_api	proposals = [p for p in proposals if proposal_matches_object(p, object_type, object_id)]
proposal	admin/v7-admin-api	11405	admin_read_model_or_operator_api	proposals = [p for p in proposals if any(str(l.get("object_type", "")).lower() == object_type for l in p.get("object_links") or [] if isinstance(l, dict))]
proposal	admin/v7-admin-api	11406	admin_read_model_or_operator_api	if proposal_type:
proposal	admin/v7-admin-api	11407	admin_read_model_or_operator_api	proposals = [p for p in proposals if str(p.get("proposal_type", "")).upper() == proposal_type]
proposal	admin/v7-admin-api	11409	admin_read_model_or_operator_api	proposals = [p for p in proposals if str(p.get("status", "")).upper() == status]
proposal	admin/v7-admin-api	11411	admin_read_model_or_operator_api	proposals = [p for p in proposals if str(p.get("confidence", "")).upper() == confidence]
proposal	admin/v7-admin-api	11413	admin_read_model_or_operator_api	proposals = [p for p in proposals if str(p.get("severity", "")).lower() == severity]
proposal	admin/v7-admin-api	11414	admin_read_model_or_operator_api	proposals = apply_operational_filters(proposals, params, ts_fields=("updated_at", "created_at"))
proposal	admin/v7-admin-api	11416	admin_read_model_or_operator_api	page = proposals[offset: offset + limit]
proposal	admin/v7-admin-api	11417	admin_read_model_or_operator_api	next_cursor = str(offset + limit) if offset + limit < len(proposals) else ""
proposal	admin/v7-admin-api	11419	admin_read_model_or_operator_api	"items": [proposal_summary_item(p) for p in page],
proposal	admin/v7-admin-api	11421	admin_read_model_or_operator_api	"total": len(proposals),
proposal	admin/v7-admin-api	11437	admin_read_model_or_operator_api	"proposal_type": proposal_type,
proposal	admin/v7-admin-api	11448	admin_read_model_or_operator_api	def proposal_detail_response(proposal_id):
proposal	admin/v7-admin-api	11449	admin_read_model_or_operator_api	safe_id = safe_evidence_token(proposal_id, "")
proposal	admin/v7-admin-api	11450	admin_read_model_or_operator_api	for proposal in all_proposals():
proposal	admin/v7-admin-api	11451	admin_read_model_or_operator_api	if proposal.get("proposal_id") == safe_id:
proposal	admin/v7-admin-api	11452	admin_read_model_or_operator_api	evidence_id = proposal.get("evidence_bundle_id", "")
proposal	admin/v7-admin-api	11453	admin_read_model_or_operator_api	proposal = attach_operational_metadata(proposal, "proposal", safe_id, PROPOSAL_FRESH_TTL_SECONDS, ts_fields=("updated_at", "created_at"))
proposal	admin/v7-admin-api	11455	admin_read_model_or_operator_api	"proposal": proposal,
proposal	admin/v7-admin-api	11468	admin_read_model_or_operator_api	def proposal_by_object_response(object_type, object_id, query=None):
proposal	admin/v7-admin-api	11472	admin_read_model_or_operator_api	proposals = [
proposal	admin/v7-admin-api	11475	admin_read_model_or_operator_api	"proposal",
proposal	admin/v7-admin-api	11476	admin_read_model_or_operator_api	p.get("proposal_id", ""),
proposal	admin/v7-admin-api	11480	admin_read_model_or_operator_api	for p in proposals_for_object(object_type, object_id)
proposal	admin/v7-admin-api	11482	admin_read_model_or_operator_api	proposals = apply_operational_filters(proposals, params, ts_fields=("updated_at", "created_at"))
proposal	admin/v7-admin-api	11484	admin_read_model_or_operator_api	page = proposals[offset: offset + limit]
proposal	admin/v7-admin-api	11486	admin_read_model_or_operator_api	"items": [proposal_summary_item(p) for p in page],
proposal	admin/v7-admin-api	11488	admin_read_model_or_operator_api	"total": len(proposals),
proposal	admin/v7-admin-api	11489	admin_read_model_or_operator_api	"next_cursor": str(offset + limit) if offset + limit < len(proposals) else "",
affected_users	admin/v7-admin-api	11713	admin_read_model_or_operator_api	if needle in [str(x) for x in record.get("affected_users") or []]:
proposal	admin/v7-admin-api	11782	admin_read_model_or_operator_api	if object_type not in {"evidence", "proposal", "runtime", "release", "trust", "drift"}:
selected_moves	admin/v7-admin-api	11815	admin_read_model_or_operator_api	selected = selected_moves_read_adapter()
selected_moves	admin/v7-admin-api	11819	admin_read_model_or_operator_api	"source": "selected_moves_read_adapter_plus_operator_decision_surface",
selected_moves	admin/v7-admin-api	11820	admin_read_model_or_operator_api	"selected_moves": selected,
decisions	admin/v7-admin-api	11832	admin_read_model_or_operator_api	decisions = [row for row in rows if row.get("record_type") == shadow_autonomy.DECISION_RECORD_TYPE][-int(limit or 500):]
decisions	admin/v7-admin-api	11834	admin_read_model_or_operator_api	return decisions + comparisons
decisions	admin/v7-admin-api	11848	admin_read_model_or_operator_api	for decision in model.get("current_decisions") or []:
decisions	admin/v7-admin-api	11858	admin_read_model_or_operator_api	model["logged_decisions_added"] = logged
decisions	admin/v7-admin-api	11872	admin_read_model_or_operator_api	decisions = {
decisions	admin/v7-admin-api	11874	admin_read_model_or_operator_api	for row in list(model.get("current_decisions") or []) + list(model.get("decision_history") or [])
decisions	admin/v7-admin-api	11877	admin_read_model_or_operator_api	decision = decisions.get(decision_id)
proposal	admin/v7-admin-api	11969	admin_read_model_or_operator_api	links=[evidence_link("user", ip), evidence_link("proposal", recommendation_hash, "recommendation fingerprint")],
affected_users	admin/v7-admin-api	12267	admin_read_model_or_operator_api	"affected_users": [row.get("ip") for row in leaks if row.get("ip")],
proposal	admin/v7-admin-api	12276	admin_read_model_or_operator_api	"next_action": "Открыть Маршруты и сверить доказательства перед proposal.",
affected_users	admin/v7-admin-api	12278	admin_read_model_or_operator_api	"affected_users": [row.get("ip") for row in mismatches[:20] if row.get("ip")],
proposal	admin/v7-admin-api	12663	admin_read_model_or_operator_api	contract_id = safe_execution_id(row.get("contract_id") or row.get("id") or evidence_hash("execution-contract", row.get("created_at"), row.get("source_proposal_id"), row.get("action_type")), "")
affected_users	admin/v7-admin-api	12666	admin_read_model_or_operator_api	allowed_users = list_from_contract(row.get("allowed_users") or row.get("users") or row.get("affected_users"))
affected_users	admin/v7-admin-api	12680	admin_read_model_or_operator_api	"affected_users": allowed_users,
proposal	admin/v7-admin-api	12683	admin_read_model_or_operator_api	"proposal_references": row.get("proposal_references") if isinstance(row.get("proposal_references"), list) else list_from_contract(row.get("proposal_id") or row.get("source_proposal_id")),
affected_users	admin/v7-admin-api	12738	admin_read_model_or_operator_api	"affected_users": list_from_contract(row.get("affected_users") or row.get("allowed_users") or row.get("users")),
affected_users	admin/v7-admin-api	12782	admin_read_model_or_operator_api	"affected_users": contract.get("affected_users", []),
affected_users	admin/v7-admin-api	12814	admin_read_model_or_operator_api	if contract.get("movement_budget", 0) < len(contract.get("affected_users") or []):
affected_users	admin/v7-admin-api	12816	admin_read_model_or_operator_api	if contract.get("blast_radius", 0) < len(contract.get("affected_users") or []):
affected_users	admin/v7-admin-api	12991	admin_read_model_or_operator_api	"affected_users": contract.get("affected_users", []),
affected_users	admin/v7-admin-api	13005	admin_read_model_or_operator_api	"affected_users": event.get("affected_users", []),
proposal	admin/v7-admin-api	13117	admin_read_model_or_operator_api	"execute a proposal",
proposal	admin/v7-admin-api	13128	admin_read_model_or_operator_api	def execution_preview_action_type(proposal_type=""):
proposal	admin/v7-admin-api	13135	admin_read_model_or_operator_api	return mapping.get(str(proposal_type or "").upper(), "OBSERVE")
selected_moves	admin/v7-admin-api	13175	admin_read_model_or_operator_api	("selected_moves", "Selected Moves"),
proposal	admin/v7-admin-api	13198	admin_read_model_or_operator_api	"question": "Does the proposal have evidence?",
proposal	admin/v7-admin-api	13199	admin_read_model_or_operator_api	"operator_meaning": "Execution needs an evidence-backed proposal.",
proposal	admin/v7-admin-api	13201	admin_read_model_or_operator_api	"review_action": "Review evidence freshness and proposal linkage.",
proposal	admin/v7-admin-api	13267	admin_read_model_or_operator_api	"review_action": "Review policy state and proposal type.",
proposal	admin/v7-admin-api	13268	admin_read_model_or_operator_api	"evidence_hint": "Policy state reader and proposal metadata.",
selected_moves	admin/v7-admin-api	13294	admin_read_model_or_operator_api	"selected_moves": {
selected_moves	admin/v7-admin-api	13371	admin_read_model_or_operator_api	def selected_moves_read_adapter():
selected_moves	admin/v7-admin-api	13383	admin_read_model_or_operator_api	selected = data.get("selected_moves")
selected_moves	admin/v7-admin-api	13385	admin_read_model_or_operator_api	selected = summary.get("selected_moves")
selected_moves	admin/v7-admin-api	13392	admin_read_model_or_operator_api	"reason": f"selected_moves={count}",
selected_moves	admin/v7-admin-api	13395	admin_read_model_or_operator_api	"selected_moves": selected if isinstance(selected, list) else [],
selected_moves	admin/v7-admin-api	13398	admin_read_model_or_operator_api	return {"status": "REVIEW_REQUIRED", "reason": "selected_moves source missing", "source": "missing", "count": 0, "selected_moves": []}
selected_moves	admin/v7-admin-api	13422	admin_read_model_or_operator_api	selected = selected or selected_moves_read_adapter()
proposal	admin/v7-admin-api	13471	admin_read_model_or_operator_api	return {"status": "REVIEW_REQUIRED", "reason": "proposal has no required services", "source": "proposal", "detail": {"required_services": []}}
proposal	admin/v7-admin-api	13508	admin_read_model_or_operator_api	return {"status": "REVIEW_REQUIRED", "reason": "observation draft does not require movement policy", "source": "proposal", "detail": {}}
affected_users	admin/v7-admin-api	13526	admin_read_model_or_operator_api	users = draft.get("affected_users") or []
affected_users	admin/v7-admin-api	13547	admin_read_model_or_operator_api	users = draft.get("affected_users") or []
selected_moves	admin/v7-admin-api	13554	admin_read_model_or_operator_api	selected = selected_moves_read_adapter()
proposal	admin/v7-admin-api	13561	admin_read_model_or_operator_api	proposal_id = (draft.get("proposal_references") or [""])[0] if draft.get("proposal_references") else ""
affected_users	admin/v7-admin-api	13563	admin_read_model_or_operator_api	capacity = capacity_read_adapter(draft.get("target", ""), len(draft.get("affected_users") or []))
proposal	admin/v7-admin-api	13566	admin_read_model_or_operator_api	"authority": execution_gate_adapter_result("authority", "Authority", "PASS" if proposal_id else "FAIL", "Proposal reference present." if proposal_id else "Contract draft has no proposal reference.", source="proposal", detail={"proposal_id": proposal_id}),
selected_moves	admin/v7-admin-api	13576	admin_read_model_or_operator_api	"selected_moves": execution_gate_adapter_result("selected_moves", "Selected Moves", selected.get("status"), selected.get("reason"), source=selected.get("source"), detail=selected),
proposal	admin/v7-admin-api	13613	admin_read_model_or_operator_api	def execution_contract_draft_from_proposal(proposal):
proposal	admin/v7-admin-api	13614	admin_read_model_or_operator_api	proposal = dict(proposal or {})
proposal	admin/v7-admin-api	13615	admin_read_model_or_operator_api	proposal_id = proposal.get("proposal_id", "")
proposal	admin/v7-admin-api	13616	admin_read_model_or_operator_api	action_type = execution_preview_action_type(proposal.get("proposal_type"))
affected_users	admin/v7-admin-api	13617	admin_read_model_or_operator_api	affected_users = [safe_user_ip(ip) for ip in (proposal.get("affected_users") or []) if safe_user_ip(ip)]
proposal	admin/v7-admin-api	13618	admin_read_model_or_operator_api	current_target = safe_egress_id(proposal.get("current_target") or "")
proposal	admin/v7-admin-api	13619	admin_read_model_or_operator_api	proposed_target = safe_egress_id(proposal.get("proposed_target") or "")
affected_users	admin/v7-admin-api	13624	admin_read_model_or_operator_api	for ip in affected_users
affected_users	admin/v7-admin-api	13626	admin_read_model_or_operator_api	draft_id = evidence_hash("draft-contract", proposal_id, action_type, ",".join(affected_users), proposed_target)
proposal	admin/v7-admin-api	13627	admin_read_model_or_operator_api	evidence_refs = [proposal.get("evidence_bundle_id", "")] if proposal.get("evidence_bundle_id") else []
affected_users	admin/v7-admin-api	13635	admin_read_model_or_operator_api	"allowed_users": affected_users,
affected_users	admin/v7-admin-api	13637	admin_read_model_or_operator_api	"affected_users": affected_users,
proposal	admin/v7-admin-api	13642	admin_read_model_or_operator_api	"authority_source": "derived_from_proposal",
proposal	admin/v7-admin-api	13645	admin_read_model_or_operator_api	"proposal_references": [proposal_id] if proposal_id else [],
selected_moves	admin/v7-admin-api	13658	admin_read_model_or_operator_api	"selected_moves",
affected_users	admin/v7-admin-api	13683	admin_read_model_or_operator_api	"movement_budget": len(affected_users),
affected_users	admin/v7-admin-api	13684	admin_read_model_or_operator_api	"blast_radius": len(affected_users),
proposal	admin/v7-admin-api	13685	admin_read_model_or_operator_api	"created_at": proposal.get("created_at") or now_iso(),
proposal	admin/v7-admin-api	13686	admin_read_model_or_operator_api	"updated_at": proposal.get("updated_at") or proposal.get("created_at") or now_iso(),
proposal	admin/v7-admin-api	13689	admin_read_model_or_operator_api	"summary": f"Preview draft from {proposal.get('proposal_type') or 'proposal'}: {proposal.get('reason') or proposal_id}",
proposal	admin/v7-admin-api	13693	admin_read_model_or_operator_api	"generated_from": "proposal",
proposal	admin/v7-admin-api	13694	admin_read_model_or_operator_api	"source_proposal_id": proposal_id,
proposal	admin/v7-admin-api	13695	admin_read_model_or_operator_api	"source_evidence_bundle_id": proposal.get("evidence_bundle_id", ""),
proposal	admin/v7-admin-api	13696	admin_read_model_or_operator_api	"required_services": proposal.get("required_services") or [],
proposal	admin/v7-admin-api	13697	admin_read_model_or_operator_api	"expected_benefit": proposal.get("expected_benefit", ""),
proposal	admin/v7-admin-api	13698	admin_read_model_or_operator_api	"rollback_hint": proposal.get("rollback_hint", ""),
proposal	admin/v7-admin-api	13711	admin_read_model_or_operator_api	drafts = [execution_contract_draft_from_proposal(p) for p in all_proposals()]
proposal	admin/v7-admin-api	13719	admin_read_model_or_operator_api	drafts = [execution_contract_draft_from_proposal(p) for p in proposals_for_object("user", user)]
affected_users	admin/v7-admin-api	13738	admin_read_model_or_operator_api	"affected_users": draft.get("affected_users", []),
proposal	admin/v7-admin-api	13743	admin_read_model_or_operator_api	"proposal_references": draft.get("proposal_references", []),
affected_users	admin/v7-admin-api	13833	admin_read_model_or_operator_api	users = draft.get("affected_users") or []
selected_moves	admin/v7-admin-api	13855	admin_read_model_or_operator_api	"verification_reasoning": "Verification would compare before/after registry rows, route tables, route_get, target user count, selected_moves, hidden movers, runtime checkers, and service availability.",
proposal	admin/v7-admin-api	13909	admin_read_model_or_operator_api	if not draft.get("proposal_references"):
proposal	admin/v7-admin-api	13910	admin_read_model_or_operator_api	issues.append({"draft_id": draft.get("draft_id", ""), "issue": "proposal_reference_missing"})
affected_users	admin/v7-admin-api	13915	admin_read_model_or_operator_api	if draft.get("movement_budget", 0) != len(draft.get("affected_users") or []):
proposal	admin/v7-admin-api	13922	admin_read_model_or_operator_api	"proposal_to_contract": not any(i.get("issue") == "proposal_reference_missing" for i in issues),
proposal	admin/v7-admin-api	14009	admin_read_model_or_operator_api	reason = "No proposal-derived execution drafts are available."
proposal	admin/v7-admin-api	14070	admin_read_model_or_operator_api	"proposal_references": draft.get("proposal_references", []),
proposal	admin/v7-admin-api	14129	admin_read_model_or_operator_api	"unknown": "No proposal-derived draft or no readable gate state exists.",
affected_users	admin/v7-admin-api	14374	admin_read_model_or_operator_api	affected_users = draft.get("affected_users") or []
affected_users	admin/v7-admin-api	14378	admin_read_model_or_operator_api	user_rows = [registry.get(ip, {"ip": ip}) for ip in affected_users]
affected_users	admin/v7-admin-api	14384	admin_read_model_or_operator_api	if not affected_users:
affected_users	admin/v7-admin-api	14386	admin_read_model_or_operator_api	if capacity.get("hard_limit") and int(capacity.get("current_users") or 0) + len(affected_users) > int(capacity.get("hard_limit") or 0):
affected_users	admin/v7-admin-api	14396	admin_read_model_or_operator_api	"users_affected": len(affected_users),
affected_users	admin/v7-admin-api	14397	admin_read_model_or_operator_api	"affected_users": affected_users,
affected_users	admin/v7-admin-api	14406	admin_read_model_or_operator_api	"incoming_users": len(affected_users),
affected_users	admin/v7-admin-api	14409	admin_read_model_or_operator_api	"would_be_users": int(capacity.get("current_users") or 0) + len(affected_users),
affected_users	admin/v7-admin-api	14503	admin_read_model_or_operator_api	affected_users = draft.get("affected_users") or []
affected_users	admin/v7-admin-api	14515	admin_read_model_or_operator_api	{"kind": "users", "count": len(affected_users), "from": current_target, "to": target},
affected_users	admin/v7-admin-api	14519	admin_read_model_or_operator_api	"users outside affected_users",
proposal	admin/v7-admin-api	14524	admin_read_model_or_operator_api	"expected_to_improve": [draft.get("preview_metadata", {}).get("expected_benefit") or "proposal outcome, if validation later passes"],
proposal	admin/v7-admin-api	14528	admin_read_model_or_operator_api	"proposal_references": draft.get("proposal_references", []),
affected_users	admin/v7-admin-api	14534	admin_read_model_or_operator_api	"affected_users": affected_users,
proposal	admin/v7-admin-api	14629	admin_read_model_or_operator_api	proposal_id = (draft.get("proposal_references") or [""])[0] if draft.get("proposal_references") else ""
affected_users	admin/v7-admin-api	14630	admin_read_model_or_operator_api	return evidence_hash("execution-candidate", proposal_id, draft.get("draft_id"), draft.get("action_type"), ",".join(draft.get("affected_users") or []), draft.get("target", ""))
proposal	admin/v7-admin-api	14663	admin_read_model_or_operator_api	if not draft.get("proposal_references"):
proposal	admin/v7-admin-api	14664	admin_read_model_or_operator_api	risks.append({"category": "authority", "severity": "blocker", "source": "candidate", "detail": "proposal reference missing"})
proposal	admin/v7-admin-api	14693	admin_read_model_or_operator_api	proposal_id = (draft.get("proposal_references") or [""])[0] if draft.get("proposal_references") else ""
proposal	admin/v7-admin-api	14702	admin_read_model_or_operator_api	"proposal_references": draft.get("proposal_references", []),
affected_users	admin/v7-admin-api	14712	admin_read_model_or_operator_api	"affected_users": draft.get("affected_users", []),
proposal	admin/v7-admin-api	14718	admin_read_model_or_operator_api	"summary": f"Execution candidate from proposal {proposal_id or 'unknown'} toward {draft.get('target') or 'unknown target'}",
proposal	admin/v7-admin-api	14719	admin_read_model_or_operator_api	"why_exists": draft.get("summary") or f"Proposal-derived candidate {proposal_id}",
proposal	admin/v7-admin-api	14725	admin_read_model_or_operator_api	"source_of_truth": "proposal_store_plus_draft_preview",
proposal	admin/v7-admin-api	14733	admin_read_model_or_operator_api	"proposal_id": proposal_id,
affected_users	admin/v7-admin-api	14760	admin_read_model_or_operator_api	"affected_users": candidate.get("affected_users", []),
proposal	admin/v7-admin-api	14763	admin_read_model_or_operator_api	"proposal_references": candidate.get("proposal_references", []),
proposal	admin/v7-admin-api	14809	admin_read_model_or_operator_api	"source_of_truth": "proposal_store_plus_contract_drafts",
proposal	admin/v7-admin-api	14811	admin_read_model_or_operator_api	"candidate_event_store": "derived_from_proposal_and_preview_state",
proposal	admin/v7-admin-api	14893	admin_read_model_or_operator_api	proposal_id = (candidate.get("proposal_references") or [""])[0] if candidate.get("proposal_references") else ""
proposal	admin/v7-admin-api	14897	admin_read_model_or_operator_api	{"candidate_id": candidate_id, "ts": candidate.get("created_at", ""), "event_type": "CANDIDATE_DERIVED", "summary": "Candidate derived from proposal.", "object_id": proposal_id},
operation_id	admin/v7-admin-api	14926	admin_read_model_or_operator_api	def p2_7_candidate_operation_id(candidate):
proposal	admin/v7-admin-api	14959	admin_read_model_or_operator_api	"proposal": candidate.get("proposal_references", []),
proposal	admin/v7-admin-api	14961	admin_read_model_or_operator_api	"candidate_source_of_truth": candidate.get("source_of_truth", "proposal_store_plus_draft_preview"),
proposal	admin/v7-admin-api	14965	admin_read_model_or_operator_api	"storage": "derived_from_existing_proposal_contract_and_operator_observability_models",
proposal	admin/v7-admin-api	14984	admin_read_model_or_operator_api	"proposal_references": candidate.get("proposal_references", []),
proposal	admin/v7-admin-api	14995	admin_read_model_or_operator_api	"proposal": candidate.get("proposal_references", []),
proposal	admin/v7-admin-api	15003	admin_read_model_or_operator_api	"proposal_to_candidate": candidate.get("lineage", {}),
proposal	admin/v7-admin-api	15036	admin_read_model_or_operator_api	"proposal_references": detail.get("proposal_references", []),
operation_id	admin/v7-admin-api	15075	admin_read_model_or_operator_api	operation_id = p2_7_candidate_operation_id(candidate)
operation_id	admin/v7-admin-api	15076	admin_read_model_or_operator_api	governance_preview = governance_preview or operator_execution_governance_preview(operation_id)
operation_id	admin/v7-admin-api	15097	admin_read_model_or_operator_api	"operation_id": operation_id,
operation_id	admin/v7-admin-api	15117	admin_read_model_or_operator_api	"operation_id": operation_id,
operation_id	admin/v7-admin-api	15132	admin_read_model_or_operator_api	"operation_id": detail.get("operation_id", ""),
operation_id	admin/v7-admin-api	15165	admin_read_model_or_operator_api	operation_id = p2_7_candidate_operation_id(candidate)
operation_id	admin/v7-admin-api	15166	admin_read_model_or_operator_api	rehearsal_preview = rehearsal_preview or operator_execution_rehearsal_preview(operation_id)
operation_id	admin/v7-admin-api	15179	admin_read_model_or_operator_api	"operation_id": operation_id,
affected_users	admin/v7-admin-api	15182	admin_read_model_or_operator_api	"candidate_scope": candidate.get("affected_users", []),
operation_id	admin/v7-admin-api	15203	admin_read_model_or_operator_api	"operation_id": operation_id,
operation_id	admin/v7-admin-api	15218	admin_read_model_or_operator_api	"operation_id": detail.get("operation_id", ""),
proposal	admin/v7-admin-api	15253	admin_read_model_or_operator_api	"id": "proposal_to_candidate",
proposal	admin/v7-admin-api	15254	admin_read_model_or_operator_api	"status": "PASS" if candidate.get("proposal_references") else "FAIL_CLOSED",
proposal	admin/v7-admin-api	15255	admin_read_model_or_operator_api	"detail": "Candidate keeps proposal reference." if candidate.get("proposal_references") else "Candidate is blocked because proposal reference is missing.",
proposal	admin/v7-admin-api	15275	admin_read_model_or_operator_api	"detail": "Read model is derived from proposal, candidate, and operator observability; no new approval queue or event stream exists.",
operation_id	admin/v7-admin-api	15286	admin_read_model_or_operator_api	operation_id = p2_7_candidate_operation_id(candidate)
operation_id	admin/v7-admin-api	15288	admin_read_model_or_operator_api	governance = p2_7_candidate_governance_detail(candidate, governance_preview=operator_execution_governance_preview(operation_id))
operation_id	admin/v7-admin-api	15289	admin_read_model_or_operator_api	rehearsal = p2_7_candidate_rehearsal_detail(candidate, rehearsal_preview=operator_execution_rehearsal_preview(operation_id))
proposal	admin/v7-admin-api	15290	admin_read_model_or_operator_api	proposal_id = (candidate.get("proposal_references") or [""])[0] if candidate.get("proposal_references") else ""
proposal	admin/v7-admin-api	15292	admin_read_model_or_operator_api	{"step": "Proposal", "status": "LINKED" if proposal_id else "FAIL_CLOSED", "object_id": proposal_id, "truth_source": "proposal_store"},
operation_id	admin/v7-admin-api	15295	admin_read_model_or_operator_api	{"step": "Governance Preview", "status": governance.get("governance_state", "UNKNOWN"), "object_id": operation_id, "truth_source": "operator_execution_governance_preview"},
operation_id	admin/v7-admin-api	15296	admin_read_model_or_operator_api	{"step": "Rehearsal Preview", "status": rehearsal.get("rehearsal_state", "UNKNOWN"), "object_id": operation_id, "truth_source": "operator_execution_rehearsal_preview"},
operation_id	admin/v7-admin-api	15303	admin_read_model_or_operator_api	"operation_id": operation_id,
proposal	admin/v7-admin-api	15313	admin_read_model_or_operator_api	"archive": "inherits proposal/operator evidence lifecycle",
operation_id	admin/v7-admin-api	15324	admin_read_model_or_operator_api	"operation_id": detail.get("operation_id", ""),
selected_moves	admin/v7-admin-api	16032	api_or_apply_wrapper	selected_moves = plan.get("selected_moves") if isinstance(plan.get("selected_moves"), list) else []
candidate_moves_total	admin/v7-admin-api	16036	api_or_apply_wrapper	candidate_moves_total = summary.get("candidate_moves_total", summary.get("candidate_moves", 0))
candidate_moves_total	admin/v7-admin-api	16040	api_or_apply_wrapper	"candidate_moves_total": candidate_moves_total,
selected_moves	admin/v7-admin-api	16041	api_or_apply_wrapper	"selected_moves_before_gate": snapshot_gate.get("selected_moves_before_gate", 0),
selected_moves	admin/v7-admin-api	16042	api_or_apply_wrapper	"selected_moves_after_gate": snapshot_gate.get("selected_moves_after_gate", summary.get("selected_moves", len(selected_moves))),
candidate_moves_total	admin/v7-admin-api	16077	api_or_apply_wrapper	f"candidate_moves_total={summary.get('candidate_moves_total')}"
current_egress	admin/v7-admin-api	16896	admin_read_model_or_operator_api	"current_egress": current,
current_egress	admin/v7-admin-api	17172	admin_read_model_or_operator_api	"current_egress": current,
current_egress	admin/v7-admin-api	17292	admin_read_model_or_operator_api	"current_egress": data.get("current_egress", ""),
candidate_moves_total	admin/v7-admin-api	19809	admin_read_model_or_operator_api	"candidate_moves_total": len((decision_surface.get("batch_preview") or {}).get("users_to_move") or []),
operation_id	admin/v7-admin-api	19825	admin_read_model_or_operator_api	def operator_operation_detail(operation_id):
operation_id	admin/v7-admin-api	19826	admin_read_model_or_operator_api	return operator_views.operation_detail(operation_id, repo_root=REPO_ROOT)
operation_id	admin/v7-admin-api	19833	admin_read_model_or_operator_api	def operator_audit_export_preview(operation_id=""):
operation_id	admin/v7-admin-api	19834	admin_read_model_or_operator_api	return operator_views.audit_export_preview(operation_id, repo_root=REPO_ROOT)
operation_id	admin/v7-admin-api	19837	admin_read_model_or_operator_api	def operator_execution_governance_preview(operation_id=""):
operation_id	admin/v7-admin-api	19838	admin_read_model_or_operator_api	return operator_views.execution_governance_preview(operation_id, repo_root=REPO_ROOT)
operation_id	admin/v7-admin-api	19841	admin_read_model_or_operator_api	def operator_execution_rehearsal_preview(operation_id=""):
operation_id	admin/v7-admin-api	19842	admin_read_model_or_operator_api	return operator_views.execution_rehearsal_preview(operation_id, repo_root=REPO_ROOT)
proposal	admin/v7-admin-api	20726	admin_read_model_or_operator_api	.proposal-chip { display:inline-flex; align-items:center; gap:6px; border:1px solid rgba(52,211,153,.22); border-radius:999px; background:rgba(52,211,153,.08); color:var(--green); min-height:26px; padding:0 9px; font-size:11px; font-weight:800; cursor:pointer;
proposal	admin/v7-admin-api	20727	admin_read_model_or_operator_api	.proposal-chip:hover { background:rgba(52,211,153,.14); color:var(--text); }
proposal	admin/v7-admin-api	20729	admin_read_model_or_operator_api	.toolbar-actions .evidence-chip, .toolbar-actions .proposal-chip { min-height:32px; }
proposal	admin/v7-admin-api	20737	admin_read_model_or_operator_api	.proposal-list { display:grid; gap:8px; }
proposal	admin/v7-admin-api	20738	admin_read_model_or_operator_api	.proposal-row { width:100%; border:1px solid var(--line); border-radius:8px; background:rgba(255,255,255,.025); color:var(--text); padding:10px 11px; text-align:left; cursor:pointer; display:grid; gap:6px; }
proposal	admin/v7-admin-api	20739	admin_read_model_or_operator_api	.proposal-row:hover { border-color:rgba(52,211,153,.32); background:color-mix(in srgb,var(--panel) 91%,var(--green)); }
proposal	admin/v7-admin-api	20741	admin_read_model_or_operator_api	.proposal-row-head { display:flex; align-items:center; justify-content:space-between; gap:8px; min-width:0; }
proposal	admin/v7-admin-api	20742	admin_read_model_or_operator_api	.evidence-row-head strong, .proposal-row-head strong { overflow:hidden; text-overflow:ellipsis; white-space:nowrap; }
proposal	admin/v7-admin-api	20743	admin_read_model_or_operator_api	.evidence-row p, .proposal-row p { margin:0; color:var(--muted); line-height:1.35; overflow-wrap:anywhere; }
proposal	admin/v7-admin-api	20744	admin_read_model_or_operator_api	.proposal-meta { display:flex; flex-wrap:wrap; gap:6px; align-items:center; }
proposal	admin/v7-admin-api	20745	admin_read_model_or_operator_api	.evidence-timeline, .proposal-timeline, .governance-path { display:grid; gap:8px; }
proposal	admin/v7-admin-api	20746	admin_read_model_or_operator_api	.evidence-timeline-item, .proposal-timeline-item, .governance-path-item { border-left:2px solid rgba(96,165,250,.35); padding:2px 0 2px 10px; display:grid; gap:3px; }
proposal	admin/v7-admin-api	20747	admin_read_model_or_operator_api	.proposal-timeline-item, .governance-path-item { border-left-color:rgba(52,211,153,.38); }
proposal	admin/v7-admin-api	20748	admin_read_model_or_operator_api	.evidence-timeline-item strong, .proposal-timeline-item strong, .governance-path-item strong { font-size:13px; }
proposal	admin/v7-admin-api	20749	admin_read_model_or_operator_api	.evidence-timeline-item em, .proposal-timeline-item em, .governance-path-item em { color:var(--muted); font-style:normal; font-size:12px; }
proposal	admin/v7-admin-api	20750	admin_read_model_or_operator_api	.evidence-timeline-item p, .proposal-timeline-item p, .governance-path-item p { margin:0; color:var(--muted); line-height:1.35; }
proposal	admin/v7-admin-api	21040	operator_ui	.object-panel-content .proposal-row,
proposal	admin/v7-admin-api	21042	operator_ui	.user-object-panel-content .proposal-row,
proposal	admin/v7-admin-api	21477	operator_ui	<article class="panel span-12 workspace-panel active" data-users-workspace="overview"><div class="toolbar"><div class="table-title-tabs"><button class="table-section-tab active" data-users-nav="overview" onclick="showUsersWorkspace('overview')">Пользователи</b
proposal	admin/v7-admin-api	21514	operator_ui	<article class="panel span-12 workspace-panel active" data-channel-workspace="overview"><div class="toolbar"><div class="table-title-tabs"><button class="table-section-tab active" data-channel-nav="overview" onclick="showChannelWorkspace('overview')">Обзор</bu
proposal	admin/v7-admin-api	21956	operator_ui	'proposal': 'предложение',
restore_barrier	admin/v7-admin-api	21975	operator_ui	restore_barrier:'Защитный барьер',
restore_barrier	admin/v7-admin-api	21987	operator_ui	restore_barrier_duration_ms:'Барьер',
proposal	admin/v7-admin-api	22036	operator_ui	const map = {user:'Пользователь', channel:'Канал', route:'Маршрут', alert:'Событие', proposal:'Предложение', release:'Релиз', backup:'Бэкап', restore:'Восстановление', check:'Проверка', log:'Лог', system:'Система', evidence:'Доказательство'};
proposal	admin/v7-admin-api	22106	operator_ui	else if (type === 'proposal') openProposalDrawer(id);
proposal	admin/v7-admin-api	22114	operator_ui	const title = kind === 'proposal' ? 'Поиск предложений' : kind === 'runtime' ? 'Поиск runtime findings' : kind === 'release' ? 'История релизов' : 'Поиск доказательств';
proposal	admin/v7-admin-api	22144	operator_ui	if (kind === 'proposal') d = await api(`/api/proposals?${q}`);
proposal	admin/v7-admin-api	22150	operator_ui	if (kind === 'proposal') html = proposalListHtml(items);
proposal	admin/v7-admin-api	22161	operator_ui	const title = kind === 'proposal' ? 'Поиск предложений' : kind === 'runtime' ? 'Runtime findings' : kind === 'release' ? 'История релизов' : 'Поиск доказательств';
proposal	admin/v7-admin-api	22186	operator_ui	const rows = (items || []).map(item => `<button type="button" class="evidence-row" onclick="openEvidenceDrawer('${esc(item.bundle_id || '')}')"><span class="evidence-row-head"><strong>${esc(item.summary || item.bundle_id || 'Доказательство')}</strong>${pill(it
proposal	admin/v7-admin-api	22222	operator_ui	function proposalTone(item={}) {
proposal	admin/v7-admin-api	22231	operator_ui	function proposalTypeLabel(type='') {
proposal	admin/v7-admin-api	22238	operator_ui	return map[String(type || '').toUpperCase()] || humanCode(type || 'proposal');
proposal	admin/v7-admin-api	22240	operator_ui	function proposalStatusLabel(status='') {
proposal	admin/v7-admin-api	22256	operator_ui	function proposalChipHtml(type='', id='', label='Предложения') {
proposal	admin/v7-admin-api	22258	operator_ui	return `<button type="button" class="proposal-chip" onclick="event.stopPropagation();openProposalsByObject('${esc(type)}','${esc(id)}')" title="Открыть предложения">${esc(label)}</button>`;
proposal	admin/v7-admin-api	22260	operator_ui	function proposalObjectButton(type='', id='', label='Открыть предложения') {
proposal	admin/v7-admin-api	22262	operator_ui	return `<div class="detail-actions">${proposalChipHtml(type, id, label)}</div>`;
proposal	admin/v7-admin-api	22264	operator_ui	function proposalSummaryHtml(proposal={}) {
affected_users	admin/v7-admin-api	22265	operator_ui	const users = (proposal.affected_users || []).length;
proposal	admin/v7-admin-api	22267	operator_ui	<div class="evidence-summary-card"><span>Статус</span><strong>${esc(proposalStatusLabel(proposal.status || 'OBSERVED'))}</strong>${pill(proposalTypeLabel(proposal.proposal_type || 'OBSERVATION'), proposalTone(proposal))}</div>
proposal	admin/v7-admin-api	22268	operator_ui	<div class="evidence-summary-card"><span>Уверенность</span><strong>${esc(confidenceLabel(proposal.confidence || 'MEDIUM'))}</strong>${pill(proposal.confidence || 'MEDIUM', proposalTone(proposal))}</div>
proposal	admin/v7-admin-api	22270	operator_ui	</div><p class="muted">${esc(proposal.reason || '')}</p>${proposal.expected_benefit ? `<p><strong>${esc(proposal.expected_benefit)}</strong></p>` : ''}`;
proposal	admin/v7-admin-api	22272	operator_ui	function proposalTimelineHtml(items=[]) {
proposal	admin/v7-admin-api	22273	operator_ui	const rows = (items || []).slice(0, 12).map(item => `<div class="proposal-timeline-item"><strong>${esc(item.title || item.status || 'Предложение')}</strong><em>${esc(item.ts || item.time || '')} · ${esc(item.source || '')}</em>${item.summary ? `<p>${esc(item.s
proposal	admin/v7-admin-api	22274	operator_ui	return rows.length ? `<div class="proposal-timeline">${rows.join('')}</div>` : '<div class="muted">Хронология proposal пока пустая.</div>';
proposal	admin/v7-admin-api	22276	operator_ui	function proposalGovernancePathHtml(items=[]) {
proposal	admin/v7-admin-api	22280	operator_ui	function proposalListHtml(items=[]) {
affected_users	admin/v7-admin-api	22282	operator_ui	const usersText = (item.affected_users || []).length ? `${item.affected_users.length} польз.` : 'без movement';
proposal	admin/v7-admin-api	22284	operator_ui	return `<button type="button" class="proposal-row" onclick="openProposalDrawer('${esc(item.proposal_id || '')}')"><span class="proposal-row-head"><strong>${esc(proposalTypeLabel(item.proposal_type || 'OBSERVATION'))}</strong>${pill(proposalStatusLabel(item.sta
proposal	admin/v7-admin-api	22286	operator_ui	return rows.length ? `<div class="proposal-list">${rows.join('')}</div>` : '<div class="muted">Для этого объекта предложений пока нет.</div>';
proposal	admin/v7-admin-api	22288	operator_ui	function proposalEvidenceButton(proposal={}) {
proposal	admin/v7-admin-api	22289	operator_ui	const evidenceId = proposal.evidence_bundle_id || '';
proposal	admin/v7-admin-api	22385	operator_ui	return `<button type="button" class="proposal-row" onclick="openReleaseTrustDrawer()"><span class="proposal-row-head"><strong>${esc(summary.head || item.release_id || 'release')}</strong>${pill(statusLabel(item.release_status || item.status || 'RELEASE_UNKNOWN
proposal	admin/v7-admin-api	22387	operator_ui	return rows.length ? `<div class="proposal-list">${rows.join('')}</div>` : '<div class="muted">История релизов пока пустая.</div>';
proposal	admin/v7-admin-api	22397	operator_ui	function proposalTrustLinksHtml() {
proposal	admin/v7-admin-api	22398	operator_ui	return `<div class="detail-actions"><button type="button" class="proposal-chip" onclick="openRuntimeTrustDrawer()">Runtime Trust</button><button type="button" class="proposal-chip" onclick="openReleaseTrustDrawer()">Release Trust</button><button type="button" 
proposal	admin/v7-admin-api	22410	operator_ui	return `<button type="button" class="proposal-chip" onclick="event.stopPropagation();openExecutionByObject('${esc(type)}','${esc(id)}')" title="Открыть execution contracts">${esc(label)}</button>`;
affected_users	admin/v7-admin-api	22427	operator_ui	const users = (item.affected_users || []).length ? `${item.affected_users.length} польз.` : 'без пользователей';
proposal	admin/v7-admin-api	22430	operator_ui	return `<button type="button" class="proposal-row" onclick="${opener}"><span class="proposal-row-head"><strong>${esc(item.action_type || item.contract_id || 'Execution contract')}</strong>${pill(statusLabel(item.status || 'DRAFT'), executionTone(item.status))}
proposal	admin/v7-admin-api	22432	operator_ui	return rows.length ? `<div class="proposal-list">${rows.join('')}</div>` : '<div class="muted">Execution contracts пока не найдены.</div>';
proposal	admin/v7-admin-api	22435	operator_ui	const rows = (items || []).slice(0, 12).map(item => `<button type="button" class="proposal-row" onclick="openExecutionDraftDrawer('${esc(item.draft_id || item.contract_id || '')}')"><span class="proposal-row-head"><strong>${esc(item.contract_id || 'validation 
proposal	admin/v7-admin-api	22436	operator_ui	return rows.length ? `<div class="proposal-list">${rows.join('')}</div>` : '<div class="muted">Validation preview пока пустой.</div>';
affected_users	admin/v7-admin-api	22455	operator_ui	const rows = (items || []).slice(0, 12).map(item => `<tr><td><strong>${esc(item.draft_id || item.contract_id || '')}</strong></td><td>${pill(statusLabel(item.status || 'UNKNOWN'), executionTone(item.status))}</td><td>${esc((item.affected_users || []).length ||
affected_users	admin/v7-admin-api	22476	operator_ui	const rows = (items || []).slice(0, 16).map(item => `<button type="button" class="proposal-row" onclick="openExecutionCandidateDrawer('${esc(item.candidate_id || '')}')"><span class="proposal-row-head"><strong>${esc(item.action_type || 'Candidate')}</strong>${
proposal	admin/v7-admin-api	22477	operator_ui	return rows.length ? `<div class="proposal-list">${rows.join('')}</div>` : '<div class="muted">Execution candidates пока не найдены.</div>';
proposal	admin/v7-admin-api	22512	operator_ui	const rows = (items || []).slice(0, 20).map(item => `<div class="proposal-timeline-item"><strong>${esc(item.title || item.event_type || item.status || 'Execution event')}</strong><em>${esc(item.ts || '')} · ${esc(item.contract_id || item.id || '')}</em>${item.
proposal	admin/v7-admin-api	22513	operator_ui	return rows.length ? `<div class="proposal-timeline">${rows.join('')}</div>` : '<div class="muted">Execution timeline пока пустой.</div>';
proposal	admin/v7-admin-api	22579	operator_ui	drawerSection('Связи', '<div class="detail-actions"><button class="proposal-chip" onclick="openRuntimeTrustDrawer()">Runtime Trust</button><button class="proposal-chip" onclick="openReleaseTrustDrawer()">Release Trust</button><button class="evidence-chip" oncl
proposal	admin/v7-admin-api	22628	operator_ui	drawerSection('Lineage', kvRows({'Proposal': (c.proposal_references || []).join(', '), 'Evidence': (c.evidence_references || []).join(', '), 'Draft': c.contract_draft_id || '', 'Source': c.source_of_truth || ''})),
affected_users	admin/v7-admin-api	22650	operator_ui	const userRows = (c.affected_users || []).map(ip => `<tr><td>${esc(ip)}</td><td>${esc(c.current_target || '')}</td><td>${esc(c.target || '')}</td><td>${esc((c.rollback_manifest || {})[ip] || 'не указан')}</td></tr>`);
proposal	admin/v7-admin-api	22664	operator_ui	drawerSection('Proposal / Evidence', `<div class="detail-actions">${(c.proposal_references || [])[0] ? `<button class="proposal-chip" onclick="openProposalDrawer('${esc((c.proposal_references || [])[0])}')">Proposal</button>` : ''}${(c.evidence_references || [
affected_users	admin/v7-admin-api	22677	operator_ui	const userRows = (c.affected_users || []).map(ip => `<tr><td>${esc(ip)}</td><td>${esc(c.target || '')}</td><td>${esc((c.rollback_manifest || {})[ip] || 'не указан')}</td></tr>`);
proposal	admin/v7-admin-api	22730	operator_ui	drawerSection('Связи', '<div class="detail-actions"><button class="evidence-chip" onclick="openEvidenceByObject(&quot;check&quot;,&quot;diagnostics&quot;)">Доказательства проверок</button><button class="proposal-chip" onclick="openReleaseTrustDrawer()">Release
proposal	admin/v7-admin-api	22731	operator_ui	drawerSection('Граница безопасности', '<p class="muted">Runtime Trust read-only: не двигает пользователей, не меняет маршруты, не применяет proposal и не создаёт authority.</p>'),
proposal	admin/v7-admin-api	22772	operator_ui	drawerSection('Связи', '<div class="detail-actions"><button class="proposal-chip" onclick="openRuntimeTrustDrawer()">Runtime Trust</button><button class="evidence-chip" onclick="openEvidenceByObject(&quot;release&quot;,&quot;current&quot;)">Доказательства рели
proposal	admin/v7-admin-api	22798	operator_ui	openDrawer('Предложения', 'proposal', drawerSection('Загрузка', '<p class="muted">Собираю предложения для выбранного объекта...</p>'), {size:'card'});
proposal	admin/v7-admin-api	22800	operator_ui	const d = await api(`/api/proposals/by-object/${encodeURIComponent(type || '')}/${encodeURIComponent(id || '')}?limit=20`);
proposal	admin/v7-admin-api	22803	operator_ui	drawerSection('Предложения', proposalListHtml(d.items || [])),
proposal	admin/v7-admin-api	22806	operator_ui	openDrawer('Предложения', 'proposal', body, {replace:true, size:'card'});
proposal	admin/v7-admin-api	22808	operator_ui	openDrawer('Предложения', 'proposal', drawerSection('Недоступно', `<p>${esc(err.message || err)}</p>`), {replace:true, size:'message'});
proposal	admin/v7-admin-api	22811	operator_ui	async function openProposalDrawer(proposalId='') {
proposal	admin/v7-admin-api	22812	operator_ui	if (!proposalId) return;
proposal	admin/v7-admin-api	22813	operator_ui	openDrawer('Предложение', 'proposal', drawerSection('Загрузка', '<p class="muted">Открываю proposal...</p>'), {size:'card'});
proposal	admin/v7-admin-api	22815	operator_ui	const d = await api(`/api/proposals/${encodeURIComponent(proposalId)}`);
proposal	admin/v7-admin-api	22816	operator_ui	const p = d.proposal || {};
affected_users	admin/v7-admin-api	22817	operator_ui	const usersRows = (p.affected_users || []).map(ip => `<tr><td>${esc(ip)}</td><td>${esc(p.current_target || '')}</td><td>${esc(p.proposed_target || '')}</td></tr>`);
proposal	admin/v7-admin-api	22819	operator_ui	openDrawer(proposalTypeLabel(p.proposal_type || 'OBSERVATION'), 'proposal', [
proposal	admin/v7-admin-api	22820	operator_ui	drawerSection('Сводка', proposalSummaryHtml(p)),
proposal	admin/v7-admin-api	22821	operator_ui	drawerSection('Операционное состояние', operationMetaHtml(p) + closureControlsHtml('proposal', p.proposal_id || proposalId, p.closure_state || 'OPEN')),
proposal	admin/v7-admin-api	22822	operator_ui	drawerSection('Доказательство', proposalEvidenceButton(p)),
proposal	admin/v7-admin-api	22823	operator_ui	drawerSection('Trust chain', proposalTrustLinksHtml()),
proposal	admin/v7-admin-api	22825	operator_ui	drawerSection('Обязательные сервисы', listTable(['Сервис','ID'], serviceRows, 'Обязательные сервисы для proposal не указаны.')),
proposal	admin/v7-admin-api	22827	operator_ui	drawerSection('Путь допуска', proposalGovernancePathHtml(p.governance_path || [])),
proposal	admin/v7-admin-api	22828	operator_ui	drawerSection('Хронология', proposalTimelineHtml(p.timeline || [])),
proposal	admin/v7-admin-api	22832	operator_ui	openDrawer('Предложение', 'proposal', drawerSection('Не найдено', `<p>${esc(err.message || err)}</p>`), {replace:true, size:'message'});
selected_moves	admin/v7-admin-api	23826	operator_ui	['Контроль', 'Оператор', 'Read-only governance обзор: selected_moves, barrier, lineage, evidence и delayed movement.', 'showTab("operator");closeDrawer()'],
proposal	admin/v7-admin-api	26230	operator_ui	`<button type="button" class="object-panel-button" data-panel-kind="proposal" onclick="loadUserObjectPanel('${safeIp}','proposal')">Предложения</button>`,
proposal	admin/v7-admin-api	26386	operator_ui	async function loadUserObjectPanel(ip='', kind='proposal') {
proposal	admin/v7-admin-api	26409	operator_ui	const d = await api(`/api/proposals/by-object/user/${encodeURIComponent(safeIp)}?limit=8`);
proposal	admin/v7-admin-api	26411	operator_ui	host.innerHTML = `${drawerSection('Предложения', `<p class="muted">${esc(d.total ? `Найдено: ${d.total}` : 'Предложений пока нет')} · ${took} ms</p>${proposalListHtml(d.items || [])}`)}`;
restore_barrier	admin/v7-admin-api	27029	operator_ui	'restore_barrier',
selected_moves	admin/v7-admin-api	27858	operator_ui	const selectedDetail = surface.selected_moves || {};
selected_moves	admin/v7-admin-api	27859	operator_ui	const storedMoves = (Array.isArray(selectedDetail.selected_moves) ? selectedDetail.selected_moves : []).map(row => ({
current_egress	admin/v7-admin-api	27862	operator_ui	current_egress: row.current_egress || row.from || row.source || '',
recommended_egress	admin/v7-admin-api	27863	operator_ui	recommended_egress: row.recommended_egress || row.to || row.target || '',
current_egress	admin/v7-admin-api	27868	operator_ui	current_egress: row.from || row.current_egress || '',
recommended_egress	admin/v7-admin-api	27869	operator_ui	recommended_egress: row.to || row.recommended_egress || '',
selected_moves	admin/v7-admin-api	27874	operator_ui	selected_moves: moves,
decisions	admin/v7-admin-api	27875	operator_ui	decisions: [],
selected_moves	admin/v7-admin-api	27877	operator_ui	selected_moves_status: selectedDetail.status || '',
selected_moves	admin/v7-admin-api	27878	operator_ui	selected_moves_reason: selectedDetail.reason || '',
selected_moves	admin/v7-admin-api	27887	operator_ui	!!surface.selected_moves ||
decisions	admin/v7-admin-api	27889	operator_ui	Array.isArray(plan.decisions) ||
selected_moves	admin/v7-admin-api	27890	operator_ui	Array.isArray(plan.selected_moves)
current_egress	admin/v7-admin-api	27904	operator_ui	if (/current_egress_not_eligible/i.test(text)) return 'Текущий канал не может принимать пользователей';
restore_barrier	admin/v7-admin-api	27910	operator_ui	if (/restore_barrier/i.test(text)) return 'Активна защита восстановления';
authority_budget	admin/v7-admin-api	27911	operator_ui	if (/authority_budget|budget|blast_radius/i.test(text)) return 'Лимит безопасного назначения';
decisions	admin/v7-admin-api	27987	operator_ui	const decisions = Array.isArray(plan.decisions) ? plan.decisions : [];
selected_moves	admin/v7-admin-api	27988	operator_ui	const selectedMoves = Array.isArray(plan.selected_moves) ? plan.selected_moves : [];
decisions	admin/v7-admin-api	27990	operator_ui	decisions.forEach(decision => {
current_egress	admin/v7-admin-api	27995	operator_ui	const selectedFrom = selectedMoves.filter(move => String(move.current_egress || '') === String(id));
recommended_egress	admin/v7-admin-api	27996	operator_ui	const selectedTo = selectedMoves.filter(move => String(move.recommended_egress || '') === String(id));
decisions	admin/v7-admin-api	28000	operator_ui	decisions
current_egress	admin/v7-admin-api	28001	operator_ui	.filter(decision => String(decision.current_egress || '') === String(id))
authority_budget	admin/v7-admin-api	28012	operator_ui	const authority = safety.authority_budget_gate || {};
restore_barrier	admin/v7-admin-api	28013	operator_ui	const restore = safety.restore_barrier || {};
authority_budget	admin/v7-admin-api	28014	operator_ui	if (authority.enabled && Array.isArray(authority.blocked_actions) && authority.blocked_actions.length) blockers.push('authority_budget_gate');
restore_barrier	admin/v7-admin-api	28015	operator_ui	if (restore.active || restore.blocked || restore.stop_required) blockers.push('restore_barrier');
proposal	admin/v7-admin-api	29090	operator_ui	`<button type="button" class="object-panel-button" data-panel-kind="proposal" onclick="loadChannelObjectPanel('${safeId}','proposal')">Предложения</button>`,
proposal	admin/v7-admin-api	29098	operator_ui	async function loadChannelObjectPanel(id='', kind='proposal') {
proposal	admin/v7-admin-api	29121	operator_ui	const d = await api(`/api/proposals/by-object/channel/${encodeURIComponent(safeId)}?limit=8`);
proposal	admin/v7-admin-api	29123	operator_ui	host.innerHTML = `${drawerSection('Предложения', `<p class="muted">${esc(d.total ? `Найдено: ${d.total}` : 'Предложений пока нет')} · ${took} ms</p>${proposalListHtml(d.items || [])}`)}`;
decisions	admin/v7-admin-api	29580	operator_ui	const decisions = plan.decisions || [];
decisions	admin/v7-admin-api	29581	operator_ui	const targetRows = decisions
recommended_egress	admin/v7-admin-api	29582	operator_ui	.filter(d => d.recommended_egress === id && d.current_egress !== id)
move_type	admin/v7-admin-api	29587	operator_ui	return `<tr><td><strong>${esc(d.user_ip || '')}</strong><br><span class="muted">${esc(d.group || 'default')}</span></td><td>${esc(d.current_egress || '')}</td><td>${pill(d.move_type || 'planned', d.move_type === 'failover' ? 'warn' : 'info')}</td><td>${esc(why
selected_moves	admin/v7-admin-api	29589	operator_ui	const selected = (plan.selected_moves || []).filter(m => m.recommended_egress === id).length;
candidate_moves_total	admin/v7-admin-api	29596	operator_ui	'Всего кандидатов по системе': summary.candidate_moves_total ?? summary.candidate_moves ?? 0,
selected_moves	admin/v7-admin-api	29622	operator_ui	const selected = ((preview.plan || {}).selected_moves || []).length;
candidate_moves_total	admin/v7-admin-api	30215	operator_ui	'Кандидатов': card.candidate_moves_total ?? 0,
restore_barrier	admin/v7-admin-api	30229	operator_ui	restore_barrier:'Защитный барьер',
restore_barrier	admin/v7-admin-api	30283	operator_ui	const chain = operatorDecisionChainHtml(row.action_chain || ['recommendation','approval_packet','snapshot_gate','restore_barrier','rollback_packet','governance','execution','audit','closure']);
restore_barrier	admin/v7-admin-api	30478	operator_ui	const barrier = operatorView.restore_barrier || {};
selected_moves	admin/v7-admin-api	30479	operator_ui	const selected = operatorView.selected_moves || {};
selected_moves	admin/v7-admin-api	30485	operator_ui	operatorKpi('К переносу', selected.count ?? ov.selected_moves ?? 0, operatorShort(selected.state_source || 'read-only')),
restore_barrier	admin/v7-admin-api	30486	operator_ui	operatorKpi('Барьер', statusLabel(ov.restore_barrier_status || 'unknown'), operatorShort(barrier.reason || 'restore barrier')),
selected_moves	admin/v7-admin-api	30487	operator_ui	operatorKpi('Версия', statusLabel(ov.generation_clearance_status || 'unknown'), `лимит ${barrier.clearance_max_selected_moves ?? 0}`),
selected_moves	admin/v7-admin-api	30525	operator_ui	operatorStatusCard('К переносу', selected.count ?? delayed.selected_moves ?? 0, Number(selected.count || delayed.selected_moves || 0) ? 'warn' : 'ok', selected.source || 'нет источника selected moves'),
candidate_moves_total	admin/v7-admin-api	30594	operator_ui	operatorStatusCard('Planner', `${planner.candidate_moves_total || 0} кандидатов`, planner.candidate_moves_total ? 'warn' : 'ok', planner.operator_explanation || 'planner read-only'),
decisions	admin/v7-admin-api	30660	operator_ui	const decisions = shadow.current_decisions || [];
decisions	admin/v7-admin-api	30676	operator_ui	const rows = decisions.slice(0, 5).map(row => {
decisions	admin/v7-admin-api	30681	operator_ui	`<div class="operator-row-card"><div class="operator-row-head"><strong>Shadow-наблюдение</strong>${pill('не исполняет', 'ok')}${pill(readyLabel, readiness.closest_stage === 'APPROVAL_AUTONOMY_REVIEW_READY' ? 'ok' : 'warn')}</div><em>Система предлагает, операто
decisions	admin/v7-admin-api	30683	operator_ui	`<div class="operator-row-card"><div class="operator-row-head"><strong>Пакет review</strong>${pill(`к оценке ${reviewPacket.reviewable_decisions ?? decisions.length}`, 'info')}${pill(`оценено ${reviewPacket.reviewed_decisions ?? 0}`, (reviewPacket.reviewed_dec
decisions	admin/v7-admin-api	30690	operator_ui	return (shadow.current_decisions || []).concat(shadow.decision_history || []).find(row => row.decision_id === decisionId) || {};
operation_id	admin/v7-admin-api	30773	operator_ui	const latestId = latest.operation_id || '';
operation_id	admin/v7-admin-api	30856	operator_ui	return `<button type="button" class="operator-timeline-card" onclick="openOperatorOperationDetail('${esc(op.operation_id || '')}')"><div class="operator-row-head"><strong>${esc(op.operation_id || 'operation')}</strong>${pill(op.state || 'HISTORICAL', operatorT
operation_id	admin/v7-admin-api	30859	operator_ui	return `<div class="operator-row-card"><div class="operator-row-head"><strong>${esc(ev.label || 'evidence')}</strong>${pill(ev.state || 'HISTORICAL', operatorTone(ev.state))}</div><button type="button" class="operator-evidence-button" onclick="openOperatorEvid
operation_id	admin/v7-admin-api	30872	operator_ui	if (search) items = items.filter(item => JSON.stringify([item.operation_id,item.title,item.runtime_verdict,item.report_path]).toLowerCase().includes(search));
operation_id	admin/v7-admin-api	30879	operator_ui	return `<button type="button" class="operator-timeline-card" onclick="openOperatorOperationDetail('${esc(item.operation_id || '')}')">
operation_id	admin/v7-admin-api	30880	operator_ui	<div class="operator-row-head"><strong>${esc(item.operation_id || 'операция')}</strong>${pill(statusLabel(item.state || 'HISTORICAL'), operatorTone(item.state))}</div>
operation_id	admin/v7-admin-api	30898	operator_ui	data = {error:String(error?.message || error), operation:{operation_id:operationId}};
operation_id	admin/v7-admin-api	30903	operator_ui	'Операция': op.operation_id || operationId,
operation_id	admin/v7-admin-api	30991	operator_ui	'Operation': data.operation_id || operationId || 'latest',
operation_id	admin/v7-admin-api	31024	operator_ui	data = {error:String(error?.message || error), operation_id:operationId, preview_only:true, execution_allowed_now:false};
operation_id	admin/v7-admin-api	31034	operator_ui	'Operation': data.operation_id || op.operation_id || operationId || 'latest',
operation_id	admin/v7-admin-api	31074	operator_ui	'Operation': meta.operation_id || '',
operation_id	admin/v7-admin-api	31091	operator_ui	return `<div class="operator-row-card"><div class="operator-row-head"><strong>${esc(op.operation_id || 'operation')}</strong>${pill(op.execution_allowed_now === 'false' ? 'closed' : 'check', op.execution_allowed_now === 'false' ? 'ok' : 'warn')}</div><em>${esc
selected_moves	admin/v7-admin-api	31306	operator_ui	const selected = operatorView?.selected_moves || {};
selected_moves	admin/v7-admin-api	31307	operator_ui	const count = Number(selected.count ?? ov.selected_moves ?? 0);
decisions	admin/v7-admin-api	31993	operator_ui	const decisions = channelDecisionCounts(allRows);
decisions	admin/v7-admin-api	31995	operator_ui	statCard('Use', decisions.use, 'V7 может использовать', decisions.use ? 'ok' : '', 'setChannelTopologyFilter("use")'),
decisions	admin/v7-admin-api	31996	operator_ui	statCard('Evacuate', decisions.evacuate, 'перевести пользователей', decisions.evacuate ? 'bad' : 'ok', 'setChannelTopologyFilter("evacuate")'),
decisions	admin/v7-admin-api	31997	operator_ui	statCard('Emergency Only', decisions.emergency, 'только вручную или аварийно', decisions.emergency ? 'warn' : '', 'setChannelTopologyFilter("emergency")'),
decisions	admin/v7-admin-api	31998	operator_ui	statCard('Users', decisions.users || s.users_total || 0, 'назначены на каналы', '', 'openChannelMetricDetail("users")'),
proposal	admin/v7-admin-api	33503	operator_ui	if (routingProposalAction) routingProposalAction.innerHTML = `${proposalChipHtml('route', 'reality')}<button class="ghost" onclick="openHardeningSearchDrawer('proposal')">Proposal</button>`;
proposal	admin/v7-admin-api	33830	operator_ui	drawerSection('Предложения', proposalObjectButton('route', classId || 'reality', 'Открыть предложения')),
candidate_moves_total	admin/v7-admin-api	35564	operator_ui	'candidate_moves_total': summary.candidate_moves_total ?? 0,
selected_moves	admin/v7-admin-api	35565	operator_ui	'selected_moves_before_gate': summary.selected_moves_before_gate ?? 0,
selected_moves	admin/v7-admin-api	35566	operator_ui	'selected_moves_after_gate': summary.selected_moves_after_gate ?? 0,
decisions	admin/v7-admin-api	35989	operator_ui	const decisions = (plan.decisions || []).slice(0, 18);
decisions	admin/v7-admin-api	35990	operator_ui	const rows = decisions.map(d => {
move_type	admin/v7-admin-api	35994	operator_ui	return `<tr><td><strong>${esc(d.user_ip || '')}</strong><br><span class="muted">${esc(d.group || 'default')}</span></td><td>${esc(d.current_egress || '')}</td><td>${esc(d.recommended_egress || '')}<br>${pill(exp.confidence || d.move_type || 'check', exp.confid
selected_moves	admin/v7-admin-api	36002	operator_ui	'Выбрано переносов': summary.selected_moves ?? 0,
proposal	admin/v7-admin-api	37003	admin_read_model_or_operator_api	elif path == "/api/proposals":
proposal	admin/v7-admin-api	37007	admin_read_model_or_operator_api	self.send_json(proposal_list_response(query))
proposal	admin/v7-admin-api	37008	admin_read_model_or_operator_api	elif path.startswith("/api/proposals/by-object/"):
proposal	admin/v7-admin-api	37011	admin_read_model_or_operator_api	rest = path[len("/api/proposals/by-object/"):]
proposal	admin/v7-admin-api	37014	admin_read_model_or_operator_api	self.send_json({"error": "invalid_proposal_object", "message": "Proposal object path must include type and id."}, status=400)
proposal	admin/v7-admin-api	37019	admin_read_model_or_operator_api	self.send_json(proposal_by_object_response(object_type, object_id, query))
proposal	admin/v7-admin-api	37020	admin_read_model_or_operator_api	elif path.startswith("/api/proposals/"):
proposal	admin/v7-admin-api	37023	admin_read_model_or_operator_api	proposal_id = unquote(path[len("/api/proposals/"):])
proposal	admin/v7-admin-api	37024	admin_read_model_or_operator_api	detail = proposal_detail_response(proposal_id)
proposal	admin/v7-admin-api	37026	admin_read_model_or_operator_api	self.send_json({"error": "proposal_not_found", "message": "Proposal was not found."}, status=404)
operation_id	admin/v7-admin-api	37347	admin_read_model_or_operator_api	verdicts = [{"operation_id": item.get("operation_id"), "state": item.get("state"), "runtime_verdict": item.get("runtime_verdict")} for item in archive.get("timeline", [])]
operation_id	admin/v7-admin-api	37352	admin_read_model_or_operator_api	operation_id = (parse_qs(urlparse(self.path).query).get("id") or [""])[0]
operation_id	admin/v7-admin-api	37353	admin_read_model_or_operator_api	self.send_json(operator_operation_detail(operation_id))
operation_id	admin/v7-admin-api	37357	admin_read_model_or_operator_api	operation_id = (parse_qs(urlparse(self.path).query).get("id") or [""])[0]
operation_id	admin/v7-admin-api	37358	admin_read_model_or_operator_api	detail = operator_operation_detail(operation_id)
operation_id	admin/v7-admin-api	37359	admin_read_model_or_operator_api	self.send_json({"preview_only": True, "execution_allowed_now": False, "operation_id": operation_id, "evidence_refs": detail.get("evidence_refs", [])})
operation_id	admin/v7-admin-api	37384	admin_read_model_or_operator_api	operation_id = (parse_qs(urlparse(self.path).query).get("id") or [""])[0]
operation_id	admin/v7-admin-api	37385	admin_read_model_or_operator_api	self.send_json(operator_audit_export_preview(operation_id))
operation_id	admin/v7-admin-api	37389	admin_read_model_or_operator_api	operation_id = (parse_qs(urlparse(self.path).query).get("id") or [""])[0]
operation_id	admin/v7-admin-api	37390	admin_read_model_or_operator_api	self.send_json(operator_execution_governance_preview(operation_id))
operation_id	admin/v7-admin-api	37394	admin_read_model_or_operator_api	operation_id = (parse_qs(urlparse(self.path).query).get("id") or [""])[0]
operation_id	admin/v7-admin-api	37395	admin_read_model_or_operator_api	self.send_json(operator_execution_rehearsal_preview(operation_id))